solid OpenSCAD_Model
  facet normal -1 0 0
    outer loop
      vertex 54.7 16.2 0
      vertex 54.7 20.2 2.4
      vertex 54.7 20.2 0
    endloop
  endfacet
  facet normal -1 -0 0
    outer loop
      vertex 54.7 20.2 2.4
      vertex 54.7 16.2 0
      vertex 54.7 16.2 2.4
    endloop
  endfacet
  facet normal 1 -0 0
    outer loop
      vertex 40.7 16.2 2.4
      vertex 40.7 20.2 0
      vertex 40.7 20.2 2.4
    endloop
  endfacet
  facet normal 1 0 0
    outer loop
      vertex 40.7 20.2 0
      vertex 40.7 16.2 2.4
      vertex 40.7 16.2 0
    endloop
  endfacet
  facet normal 0 -1 0
    outer loop
      vertex 40.7 20.2 0
      vertex 54.7 20.2 2.4
      vertex 40.7 20.2 2.4
    endloop
  endfacet
  facet normal 0 -1 -0
    outer loop
      vertex 54.7 20.2 2.4
      vertex 40.7 20.2 0
      vertex 54.7 20.2 0
    endloop
  endfacet
  facet normal 0 1 -0
    outer loop
      vertex 54.7 16.2 0
      vertex 40.7 16.2 2.4
      vertex 54.7 16.2 2.4
    endloop
  endfacet
  facet normal 0 1 0
    outer loop
      vertex 40.7 16.2 2.4
      vertex 54.7 16.2 0
      vertex 40.7 16.2 0
    endloop
  endfacet
  facet normal -1 0 0
    outer loop
      vertex 54.7 46.2 0
      vertex 54.7 50.2 2.4
      vertex 54.7 50.2 0
    endloop
  endfacet
  facet normal -1 -0 0
    outer loop
      vertex 54.7 50.2 2.4
      vertex 54.7 46.2 0
      vertex 54.7 46.2 2.4
    endloop
  endfacet
  facet normal 1 -0 0
    outer loop
      vertex 40.7 46.2 2.4
      vertex 40.7 50.2 0
      vertex 40.7 50.2 2.4
    endloop
  endfacet
  facet normal 1 0 0
    outer loop
      vertex 40.7 50.2 0
      vertex 40.7 46.2 2.4
      vertex 40.7 46.2 0
    endloop
  endfacet
  facet normal 0 -1 0
    outer loop
      vertex 40.7 50.2 0
      vertex 54.7 50.2 2.4
      vertex 40.7 50.2 2.4
    endloop
  endfacet
  facet normal 0 -1 -0
    outer loop
      vertex 54.7 50.2 2.4
      vertex 40.7 50.2 0
      vertex 54.7 50.2 0
    endloop
  endfacet
  facet normal 0 1 -0
    outer loop
      vertex 54.7 46.2 0
      vertex 40.7 46.2 2.4
      vertex 54.7 46.2 2.4
    endloop
  endfacet
  facet normal 0 1 0
    outer loop
      vertex 40.7 46.2 2.4
      vertex 54.7 46.2 0
      vertex 40.7 46.2 0
    endloop
  endfacet
  facet normal 0.65929 -0.751889 0
    outer loop
      vertex 94.4219 0.516616 0
      vertex 94.6678 0.732232 12.4
      vertex 94.4219 0.516616 12.4
    endloop
  endfacet
  facet normal 0.65929 -0.751889 0
    outer loop
      vertex 94.6678 0.732232 12.4
      vertex 94.4219 0.516616 0
      vertex 94.6678 0.732232 0
    endloop
  endfacet
  facet normal 0 1 -0
    outer loop
      vertex 92.9 66.4 0
      vertex 2.5 66.4 12.4
      vertex 92.9 66.4 12.4
    endloop
  endfacet
  facet normal 0 1 0
    outer loop
      vertex 2.5 66.4 12.4
      vertex 92.9 66.4 0
      vertex 2.5 66.4 0
    endloop
  endfacet
  facet normal 0.831442 -0.555612 0
    outer loop
      vertex 94.8834 0.978096 12.4
      vertex 95.0651 1.25 0
      vertex 95.0651 1.25 12.4
    endloop
  endfacet
  facet normal 0.831442 -0.555612 0
    outer loop
      vertex 95.0651 1.25 0
      vertex 94.8834 0.978096 12.4
      vertex 94.8834 0.978096 0
    endloop
  endfacet
  facet normal -0.946942 0.321404 0
    outer loop
      vertex 0.0851851 64.547 0
      vertex 0.190301 64.8567 12.4
      vertex 0.190301 64.8567 0
    endloop
  endfacet
  facet normal -0.946942 0.321404 0
    outer loop
      vertex 0.190301 64.8567 12.4
      vertex 0.0851851 64.547 0
      vertex 0.0851851 64.547 12.4
    endloop
  endfacet
  facet normal 0.896915 -0.442204 0
    outer loop
      vertex 95.0651 1.25 12.4
      vertex 95.2097 1.54329 0
      vertex 95.2097 1.54329 12.4
    endloop
  endfacet
  facet normal 0.896915 -0.442204 0
    outer loop
      vertex 95.2097 1.54329 0
      vertex 95.0651 1.25 12.4
      vertex 95.0651 1.25 0
    endloop
  endfacet
  facet normal 1 -0 0
    outer loop
      vertex 95.4 2.5 12.4
      vertex 95.4 63.9 0
      vertex 95.4 63.9 12.4
    endloop
  endfacet
  facet normal 1 0 0
    outer loop
      vertex 95.4 63.9 0
      vertex 95.4 2.5 12.4
      vertex 95.4 2.5 0
    endloop
  endfacet
  facet normal -1 0 0
    outer loop
      vertex 0 63.9 0
      vertex 0 41.2 4.4
      vertex 0 63.9 12.4
    endloop
  endfacet
  facet normal -1 0 0
    outer loop
      vertex 0 63.9 0
      vertex 0 25.2 4.4
      vertex 0 41.2 4.4
    endloop
  endfacet
  facet normal -1 0 0
    outer loop
      vertex 0 2.5 12.4
      vertex 0 25.2 4.4
      vertex 0 2.5 0
    endloop
  endfacet
  facet normal -1 0 0
    outer loop
      vertex 0 2.5 0
      vertex 0 25.2 4.4
      vertex 0 63.9 0
    endloop
  endfacet
  facet normal -1 0 0
    outer loop
      vertex 0 41.2 10.4
      vertex 0 63.9 12.4
      vertex 0 41.2 4.4
    endloop
  endfacet
  facet normal -1 0 0
    outer loop
      vertex 0 25.2 10.4
      vertex 0 63.9 12.4
      vertex 0 41.2 10.4
    endloop
  endfacet
  facet normal -1 0 0
    outer loop
      vertex 0 25.2 10.4
      vertex 0 2.5 12.4
      vertex 0 63.9 12.4
    endloop
  endfacet
  facet normal -1 0 0
    outer loop
      vertex 0 25.2 4.4
      vertex 0 2.5 12.4
      vertex 0 25.2 10.4
    endloop
  endfacet
  facet normal 0 -1 0
    outer loop
      vertex 2.5 0 12.4
      vertex 17.2 0 5.4
      vertex 17.2 0 12.4
    endloop
  endfacet
  facet normal 0 -1 -0
    outer loop
      vertex 17.2 0 5.4
      vertex 2.5 0 0
      vertex 78.2 0 5.4
    endloop
  endfacet
  facet normal 0 -1 0
    outer loop
      vertex 2.5 0 0
      vertex 17.2 0 5.4
      vertex 2.5 0 12.4
    endloop
  endfacet
  facet normal 0 -1 0
    outer loop
      vertex 78.2 0 5.4
      vertex 92.9 0 12.4
      vertex 78.2 0 12.4
    endloop
  endfacet
  facet normal 0 -1 0
    outer loop
      vertex 78.2 0 5.4
      vertex 92.9 0 0
      vertex 92.9 0 12.4
    endloop
  endfacet
  facet normal 0 -1 0
    outer loop
      vertex 92.9 0 0
      vertex 78.2 0 5.4
      vertex 2.5 0 0
    endloop
  endfacet
  facet normal -0.997859 0.0654039 0
    outer loop
      vertex 0 63.9 0
      vertex 0.0213871 64.2263 12.4
      vertex 0.0213871 64.2263 0
    endloop
  endfacet
  facet normal -0.997859 0.0654039 0
    outer loop
      vertex 0.0213871 64.2263 12.4
      vertex 0 63.9 0
      vertex 0 63.9 12.4
    endloop
  endfacet
  facet normal 0.659262 0.751913 -0
    outer loop
      vertex 94.6678 65.6678 0
      vertex 94.4219 65.8834 12.4
      vertex 94.6678 65.6678 12.4
    endloop
  endfacet
  facet normal 0.659262 0.751913 0
    outer loop
      vertex 94.4219 65.8834 12.4
      vertex 94.6678 65.6678 0
      vertex 94.4219 65.8834 0
    endloop
  endfacet
  facet normal 0.751865 -0.659317 0
    outer loop
      vertex 94.6678 0.732232 12.4
      vertex 94.8834 0.978096 0
      vertex 94.8834 0.978096 12.4
    endloop
  endfacet
  facet normal 0.751865 -0.659317 0
    outer loop
      vertex 94.8834 0.978096 0
      vertex 94.6678 0.732232 12.4
      vertex 94.6678 0.732232 0
    endloop
  endfacet
  facet normal 0.980784 -0.195099 0
    outer loop
      vertex 95.3148 1.85295 12.4
      vertex 95.3786 2.17368 0
      vertex 95.3786 2.17368 12.4
    endloop
  endfacet
  facet normal 0.980784 -0.195099 0
    outer loop
      vertex 95.3786 2.17368 0
      vertex 95.3148 1.85295 12.4
      vertex 95.3148 1.85295 0
    endloop
  endfacet
  facet normal -0.997859 -0.0654 0
    outer loop
      vertex 0.0213871 2.17368 0
      vertex 0 2.5 12.4
      vertex 0 2.5 0
    endloop
  endfacet
  facet normal -0.997859 -0.0654 0
    outer loop
      vertex 0 2.5 12.4
      vertex 0.0213871 2.17368 0
      vertex 0.0213871 2.17368 12.4
    endloop
  endfacet
  facet normal -0.896878 0.442277 0
    outer loop
      vertex 0.190301 64.8567 0
      vertex 0.334936 65.15 12.4
      vertex 0.334936 65.15 0
    endloop
  endfacet
  facet normal -0.896878 0.442277 0
    outer loop
      vertex 0.334936 65.15 12.4
      vertex 0.190301 64.8567 0
      vertex 0.190301 64.8567 12.4
    endloop
  endfacet
  facet normal -0.83147 -0.555569 0
    outer loop
      vertex 0.516616 0.978096 0
      vertex 0.334936 1.25 12.4
      vertex 0.334936 1.25 0
    endloop
  endfacet
  facet normal -0.83147 -0.555569 0
    outer loop
      vertex 0.334936 1.25 12.4
      vertex 0.516616 0.978096 0
      vertex 0.516616 0.978096 12.4
    endloop
  endfacet
  facet normal -0.195093 -0.980785 0
    outer loop
      vertex 1.85295 0.0851851 0
      vertex 2.17368 0.0213871 12.4
      vertex 1.85295 0.0851851 12.4
    endloop
  endfacet
  facet normal -0.195093 -0.980785 -0
    outer loop
      vertex 2.17368 0.0213871 12.4
      vertex 1.85295 0.0851851 0
      vertex 2.17368 0.0213871 0
    endloop
  endfacet
  facet normal 0.0654039 -0.997859 0
    outer loop
      vertex 92.9 0 0
      vertex 93.2263 0.0213871 12.4
      vertex 92.9 0 12.4
    endloop
  endfacet
  facet normal 0.0654039 -0.997859 0
    outer loop
      vertex 93.2263 0.0213871 12.4
      vertex 92.9 0 0
      vertex 93.2263 0.0213871 0
    endloop
  endfacet
  facet normal -0.555569 -0.83147 0
    outer loop
      vertex 0.978096 0.516616 0
      vertex 1.25 0.334936 12.4
      vertex 0.978096 0.516616 12.4
    endloop
  endfacet
  facet normal -0.555569 -0.83147 -0
    outer loop
      vertex 1.25 0.334936 12.4
      vertex 0.978096 0.516616 0
      vertex 1.25 0.334936 0
    endloop
  endfacet
  facet normal -0.659344 -0.751841 0
    outer loop
      vertex 0.732232 0.732232 0
      vertex 0.978096 0.516616 12.4
      vertex 0.732232 0.732232 12.4
    endloop
  endfacet
  facet normal -0.659344 -0.751841 -0
    outer loop
      vertex 0.978096 0.516616 12.4
      vertex 0.732232 0.732232 0
      vertex 0.978096 0.516616 0
    endloop
  endfacet
  facet normal 0.442191 0.896921 -0
    outer loop
      vertex 94.15 66.0651 0
      vertex 93.8567 66.2097 12.4
      vertex 94.15 66.0651 12.4
    endloop
  endfacet
  facet normal 0.442191 0.896921 0
    outer loop
      vertex 93.8567 66.2097 12.4
      vertex 94.15 66.0651 0
      vertex 93.8567 66.2097 0
    endloop
  endfacet
  facet normal 0.896921 0.442191 0
    outer loop
      vertex 95.2097 64.8567 12.4
      vertex 95.0651 65.15 0
      vertex 95.0651 65.15 12.4
    endloop
  endfacet
  facet normal 0.896921 0.442191 0
    outer loop
      vertex 95.0651 65.15 0
      vertex 95.2097 64.8567 12.4
      vertex 95.2097 64.8567 0
    endloop
  endfacet
  facet normal 0.997857 -0.0654392 0
    outer loop
      vertex 95.3786 2.17368 12.4
      vertex 95.4 2.5 0
      vertex 95.4 2.5 12.4
    endloop
  endfacet
  facet normal 0.997857 -0.0654392 0
    outer loop
      vertex 95.4 2.5 0
      vertex 95.3786 2.17368 12.4
      vertex 95.3786 2.17368 0
    endloop
  endfacet
  facet normal 0.831438 0.555617 0
    outer loop
      vertex 95.0651 65.15 12.4
      vertex 94.8834 65.4219 0
      vertex 94.8834 65.4219 12.4
    endloop
  endfacet
  facet normal 0.831438 0.555617 0
    outer loop
      vertex 94.8834 65.4219 0
      vertex 95.0651 65.15 12.4
      vertex 95.0651 65.15 0
    endloop
  endfacet
  facet normal 0.442277 -0.896878 0
    outer loop
      vertex 93.8567 0.190301 0
      vertex 94.15 0.334936 12.4
      vertex 93.8567 0.190301 12.4
    endloop
  endfacet
  facet normal 0.442277 -0.896878 0
    outer loop
      vertex 94.15 0.334936 12.4
      vertex 93.8567 0.190301 0
      vertex 94.15 0.334936 0
    endloop
  endfacet
  facet normal -0.751889 0.65929 0
    outer loop
      vertex 0.516616 65.4219 0
      vertex 0.732232 65.6678 12.4
      vertex 0.732232 65.6678 0
    endloop
  endfacet
  facet normal -0.751889 0.65929 0
    outer loop
      vertex 0.732232 65.6678 12.4
      vertex 0.516616 65.4219 0
      vertex 0.516616 65.4219 12.4
    endloop
  endfacet
  facet normal -0.831466 0.555575 0
    outer loop
      vertex 0.334936 65.15 0
      vertex 0.516616 65.4219 12.4
      vertex 0.516616 65.4219 0
    endloop
  endfacet
  facet normal -0.831466 0.555575 0
    outer loop
      vertex 0.516616 65.4219 12.4
      vertex 0.334936 65.15 0
      vertex 0.334936 65.15 12.4
    endloop
  endfacet
  facet normal 0.751913 0.659262 0
    outer loop
      vertex 94.8834 65.4219 12.4
      vertex 94.6678 65.6678 0
      vertex 94.6678 65.6678 12.4
    endloop
  endfacet
  facet normal 0.751913 0.659262 0
    outer loop
      vertex 94.6678 65.6678 0
      vertex 94.8834 65.4219 12.4
      vertex 94.8834 65.4219 0
    endloop
  endfacet
  facet normal -0.751841 -0.659344 0
    outer loop
      vertex 0.732232 0.732232 0
      vertex 0.516616 0.978096 12.4
      vertex 0.516616 0.978096 0
    endloop
  endfacet
  facet normal -0.751841 -0.659344 0
    outer loop
      vertex 0.516616 0.978096 12.4
      vertex 0.732232 0.732232 0
      vertex 0.732232 0.732232 12.4
    endloop
  endfacet
  facet normal 0.0654432 0.997856 -0
    outer loop
      vertex 93.2263 66.3786 0
      vertex 92.9 66.4 12.4
      vertex 93.2263 66.3786 12.4
    endloop
  endfacet
  facet normal 0.0654432 0.997856 0
    outer loop
      vertex 92.9 66.4 12.4
      vertex 93.2263 66.3786 0
      vertex 92.9 66.4 0
    endloop
  endfacet
  facet normal -0.321441 -0.94693 0
    outer loop
      vertex 1.54329 0.190301 0
      vertex 1.85295 0.0851851 12.4
      vertex 1.54329 0.190301 12.4
    endloop
  endfacet
  facet normal -0.321441 -0.94693 -0
    outer loop
      vertex 1.85295 0.0851851 12.4
      vertex 1.54329 0.190301 0
      vertex 1.85295 0.0851851 0
    endloop
  endfacet
  facet normal 0.321404 -0.946942 0
    outer loop
      vertex 93.547 0.0851851 0
      vertex 93.8567 0.190301 12.4
      vertex 93.547 0.0851851 12.4
    endloop
  endfacet
  facet normal 0.321404 -0.946942 0
    outer loop
      vertex 93.8567 0.190301 12.4
      vertex 93.547 0.0851851 0
      vertex 93.8567 0.190301 0
    endloop
  endfacet
  facet normal -0.44229 -0.896872 0
    outer loop
      vertex 1.25 0.334936 0
      vertex 1.54329 0.190301 12.4
      vertex 1.25 0.334936 12.4
    endloop
  endfacet
  facet normal -0.44229 -0.896872 -0
    outer loop
      vertex 1.54329 0.190301 12.4
      vertex 1.25 0.334936 0
      vertex 1.54329 0.190301 0
    endloop
  endfacet
  facet normal -0.0654 -0.997859 0
    outer loop
      vertex 2.17368 0.0213871 0
      vertex 2.5 0 12.4
      vertex 2.17368 0.0213871 12.4
    endloop
  endfacet
  facet normal -0.0654 -0.997859 -0
    outer loop
      vertex 2.5 0 12.4
      vertex 2.17368 0.0213871 0
      vertex 2.5 0 0
    endloop
  endfacet
  facet normal 0.946957 0.32136 0
    outer loop
      vertex 95.3148 64.547 12.4
      vertex 95.2097 64.8567 0
      vertex 95.2097 64.8567 12.4
    endloop
  endfacet
  facet normal 0.946957 0.32136 0
    outer loop
      vertex 95.2097 64.8567 0
      vertex 95.3148 64.547 12.4
      vertex 95.3148 64.547 0
    endloop
  endfacet
  facet normal -0.0654392 0.997857 0
    outer loop
      vertex 2.5 66.4 0
      vertex 2.17368 66.3786 12.4
      vertex 2.5 66.4 12.4
    endloop
  endfacet
  facet normal -0.0654392 0.997857 0
    outer loop
      vertex 2.17368 66.3786 12.4
      vertex 2.5 66.4 0
      vertex 2.17368 66.3786 0
    endloop
  endfacet
  facet normal -0.980781 0.19511 0
    outer loop
      vertex 0.0213871 64.2263 0
      vertex 0.0851851 64.547 12.4
      vertex 0.0851851 64.547 0
    endloop
  endfacet
  facet normal -0.980781 0.19511 0
    outer loop
      vertex 0.0851851 64.547 12.4
      vertex 0.0213871 64.2263 0
      vertex 0.0213871 64.2263 12.4
    endloop
  endfacet
  facet normal -0.659317 0.751865 0
    outer loop
      vertex 0.978096 65.8834 0
      vertex 0.732232 65.6678 12.4
      vertex 0.978096 65.8834 12.4
    endloop
  endfacet
  facet normal -0.659317 0.751865 0
    outer loop
      vertex 0.732232 65.6678 12.4
      vertex 0.978096 65.8834 0
      vertex 0.732232 65.6678 0
    endloop
  endfacet
  facet normal -0.555612 0.831442 0
    outer loop
      vertex 1.25 66.0651 0
      vertex 0.978096 65.8834 12.4
      vertex 1.25 66.0651 12.4
    endloop
  endfacet
  facet normal -0.555612 0.831442 0
    outer loop
      vertex 0.978096 65.8834 12.4
      vertex 1.25 66.0651 0
      vertex 0.978096 65.8834 0
    endloop
  endfacet
  facet normal -0.94693 -0.321441 0
    outer loop
      vertex 0.190301 1.54329 0
      vertex 0.0851851 1.85295 12.4
      vertex 0.0851851 1.85295 0
    endloop
  endfacet
  facet normal -0.94693 -0.321441 0
    outer loop
      vertex 0.0851851 1.85295 12.4
      vertex 0.190301 1.54329 0
      vertex 0.190301 1.54329 12.4
    endloop
  endfacet
  facet normal -0.195099 0.980784 0
    outer loop
      vertex 2.17368 66.3786 0
      vertex 1.85295 66.3148 12.4
      vertex 2.17368 66.3786 12.4
    endloop
  endfacet
  facet normal -0.195099 0.980784 0
    outer loop
      vertex 1.85295 66.3148 12.4
      vertex 2.17368 66.3786 0
      vertex 1.85295 66.3148 0
    endloop
  endfacet
  facet normal 0.195116 0.98078 -0
    outer loop
      vertex 93.547 66.3148 0
      vertex 93.2263 66.3786 12.4
      vertex 93.547 66.3148 12.4
    endloop
  endfacet
  facet normal 0.195116 0.98078 0
    outer loop
      vertex 93.2263 66.3786 12.4
      vertex 93.547 66.3148 0
      vertex 93.2263 66.3786 0
    endloop
  endfacet
  facet normal 0.32136 0.946957 -0
    outer loop
      vertex 93.8567 66.2097 0
      vertex 93.547 66.3148 12.4
      vertex 93.8567 66.2097 12.4
    endloop
  endfacet
  facet normal 0.32136 0.946957 0
    outer loop
      vertex 93.547 66.3148 12.4
      vertex 93.8567 66.2097 0
      vertex 93.547 66.3148 0
    endloop
  endfacet
  facet normal 0.19511 -0.980781 0
    outer loop
      vertex 93.2263 0.0213871 0
      vertex 93.547 0.0851851 12.4
      vertex 93.2263 0.0213871 12.4
    endloop
  endfacet
  facet normal 0.19511 -0.980781 0
    outer loop
      vertex 93.547 0.0851851 12.4
      vertex 93.2263 0.0213871 0
      vertex 93.547 0.0851851 0
    endloop
  endfacet
  facet normal 0.555575 -0.831466 0
    outer loop
      vertex 94.15 0.334936 0
      vertex 94.4219 0.516616 12.4
      vertex 94.15 0.334936 12.4
    endloop
  endfacet
  facet normal 0.555575 -0.831466 0
    outer loop
      vertex 94.4219 0.516616 12.4
      vertex 94.15 0.334936 0
      vertex 94.4219 0.516616 0
    endloop
  endfacet
  facet normal 0.946944 -0.321397 0
    outer loop
      vertex 95.2097 1.54329 12.4
      vertex 95.3148 1.85295 0
      vertex 95.3148 1.85295 12.4
    endloop
  endfacet
  facet normal 0.946944 -0.321397 0
    outer loop
      vertex 95.3148 1.85295 0
      vertex 95.2097 1.54329 12.4
      vertex 95.2097 1.54329 0
    endloop
  endfacet
  facet normal 0.997856 0.0654432 0
    outer loop
      vertex 95.4 63.9 12.4
      vertex 95.3786 64.2263 0
      vertex 95.3786 64.2263 12.4
    endloop
  endfacet
  facet normal 0.997856 0.0654432 0
    outer loop
      vertex 95.3786 64.2263 0
      vertex 95.4 63.9 12.4
      vertex 95.4 63.9 0
    endloop
  endfacet
  facet normal -0.896872 -0.44229 0
    outer loop
      vertex 0.334936 1.25 0
      vertex 0.190301 1.54329 12.4
      vertex 0.190301 1.54329 0
    endloop
  endfacet
  facet normal -0.896872 -0.44229 0
    outer loop
      vertex 0.190301 1.54329 12.4
      vertex 0.334936 1.25 0
      vertex 0.334936 1.25 12.4
    endloop
  endfacet
  facet normal -0 0 1
    outer loop
      vertex 93.2 64.2 12.4
      vertex 95.4 63.9 12.4
      vertex 95.3786 64.2263 12.4
    endloop
  endfacet
  facet normal 0 0 1
    outer loop
      vertex 95.4 63.9 12.4
      vertex 93.2 64.2 12.4
      vertex 95.4 2.5 12.4
    endloop
  endfacet
  facet normal 0 0 1
    outer loop
      vertex 93.2 64.2 12.4
      vertex 95.3786 64.2263 12.4
      vertex 95.3148 64.547 12.4
    endloop
  endfacet
  facet normal 0 0 1
    outer loop
      vertex 93.2 2.2 12.4
      vertex 95.4 2.5 12.4
      vertex 93.2 64.2 12.4
    endloop
  endfacet
  facet normal 0 0 1
    outer loop
      vertex 93.2 64.2 12.4
      vertex 95.3148 64.547 12.4
      vertex 95.2097 64.8567 12.4
    endloop
  endfacet
  facet normal 0 0 1
    outer loop
      vertex 95.4 2.5 12.4
      vertex 93.2 2.2 12.4
      vertex 95.3786 2.17368 12.4
    endloop
  endfacet
  facet normal 0 0 1
    outer loop
      vertex 93.2 64.2 12.4
      vertex 95.2097 64.8567 12.4
      vertex 95.0651 65.15 12.4
    endloop
  endfacet
  facet normal 0 0 1
    outer loop
      vertex 95.3786 2.17368 12.4
      vertex 93.2 2.2 12.4
      vertex 95.3148 1.85295 12.4
    endloop
  endfacet
  facet normal 0 0 1
    outer loop
      vertex 93.2 64.2 12.4
      vertex 95.0651 65.15 12.4
      vertex 94.8834 65.4219 12.4
    endloop
  endfacet
  facet normal 0 0 1
    outer loop
      vertex 95.3148 1.85295 12.4
      vertex 93.2 2.2 12.4
      vertex 95.2097 1.54329 12.4
    endloop
  endfacet
  facet normal 0 0 1
    outer loop
      vertex 93.2 64.2 12.4
      vertex 94.8834 65.4219 12.4
      vertex 94.6678 65.6678 12.4
    endloop
  endfacet
  facet normal 0 0 1
    outer loop
      vertex 95.2097 1.54329 12.4
      vertex 93.2 2.2 12.4
      vertex 95.0651 1.25 12.4
    endloop
  endfacet
  facet normal 0 0 1
    outer loop
      vertex 93.2 64.2 12.4
      vertex 94.6678 65.6678 12.4
      vertex 94.4219 65.8834 12.4
    endloop
  endfacet
  facet normal 0 0 1
    outer loop
      vertex 95.0651 1.25 12.4
      vertex 93.2 2.2 12.4
      vertex 94.8834 0.978096 12.4
    endloop
  endfacet
  facet normal 0 0 1
    outer loop
      vertex 93.2 64.2 12.4
      vertex 94.4219 65.8834 12.4
      vertex 94.15 66.0651 12.4
    endloop
  endfacet
  facet normal 0 0 1
    outer loop
      vertex 94.8834 0.978096 12.4
      vertex 93.2 2.2 12.4
      vertex 94.6678 0.732232 12.4
    endloop
  endfacet
  facet normal 0 0 1
    outer loop
      vertex 93.2 64.2 12.4
      vertex 94.15 66.0651 12.4
      vertex 93.8567 66.2097 12.4
    endloop
  endfacet
  facet normal 0 0 1
    outer loop
      vertex 94.6678 0.732232 12.4
      vertex 93.2 2.2 12.4
      vertex 94.4219 0.516616 12.4
    endloop
  endfacet
  facet normal 0 0 1
    outer loop
      vertex 93.2 64.2 12.4
      vertex 93.8567 66.2097 12.4
      vertex 93.547 66.3148 12.4
    endloop
  endfacet
  facet normal 0 0 1
    outer loop
      vertex 94.4219 0.516616 12.4
      vertex 93.2 2.2 12.4
      vertex 94.15 0.334936 12.4
    endloop
  endfacet
  facet normal 0 0 1
    outer loop
      vertex 93.2 64.2 12.4
      vertex 93.547 66.3148 12.4
      vertex 93.2263 66.3786 12.4
    endloop
  endfacet
  facet normal 0 0 1
    outer loop
      vertex 94.15 0.334936 12.4
      vertex 93.2 2.2 12.4
      vertex 93.8567 0.190301 12.4
    endloop
  endfacet
  facet normal 0 0 1
    outer loop
      vertex 93.8567 0.190301 12.4
      vertex 93.2 2.2 12.4
      vertex 93.547 0.0851851 12.4
    endloop
  endfacet
  facet normal 0 0 1
    outer loop
      vertex 92.9 66.4 12.4
      vertex 93.2 64.2 12.4
      vertex 93.2263 66.3786 12.4
    endloop
  endfacet
  facet normal -0 0 1
    outer loop
      vertex 2.5 66.4 12.4
      vertex 93.2 64.2 12.4
      vertex 92.9 66.4 12.4
    endloop
  endfacet
  facet normal 0 0 1
    outer loop
      vertex 2.5 66.4 12.4
      vertex 2.2 64.2 12.4
      vertex 93.2 64.2 12.4
    endloop
  endfacet
  facet normal -0 0 1
    outer loop
      vertex 1.85295 66.3148 12.4
      vertex 2.2 64.2 12.4
      vertex 2.17368 66.3786 12.4
    endloop
  endfacet
  facet normal -0 0 1
    outer loop
      vertex 2.17368 66.3786 12.4
      vertex 2.2 64.2 12.4
      vertex 2.5 66.4 12.4
    endloop
  endfacet
  facet normal 0 0 1
    outer loop
      vertex 93.547 0.0851851 12.4
      vertex 93.2 2.2 12.4
      vertex 93.2263 0.0213871 12.4
    endloop
  endfacet
  facet normal 0 0 1
    outer loop
      vertex 93.2 2.2 12.4
      vertex 92.9 0 12.4
      vertex 93.2263 0.0213871 12.4
    endloop
  endfacet
  facet normal -0 0 1
    outer loop
      vertex 78.2 2.2 12.4
      vertex 92.9 0 12.4
      vertex 93.2 2.2 12.4
    endloop
  endfacet
  facet normal 0 0 1
    outer loop
      vertex 92.9 0 12.4
      vertex 78.2 2.2 12.4
      vertex 78.2 0 12.4
    endloop
  endfacet
  facet normal 0 0 1
    outer loop
      vertex 17.2 2.2 12.4
      vertex 2.5 0 12.4
      vertex 17.2 0 12.4
    endloop
  endfacet
  facet normal -0 0 1
    outer loop
      vertex 2.2 2.2 12.4
      vertex 2.5 0 12.4
      vertex 17.2 2.2 12.4
    endloop
  endfacet
  facet normal 0 0 1
    outer loop
      vertex 2.2 2.2 12.4
      vertex 2.17368 0.0213871 12.4
      vertex 2.5 0 12.4
    endloop
  endfacet
  facet normal 0 0 1
    outer loop
      vertex 2.2 64.2 12.4
      vertex 0 63.9 12.4
      vertex 2.2 2.2 12.4
    endloop
  endfacet
  facet normal -0 0 1
    outer loop
      vertex 1.54329 66.2097 12.4
      vertex 2.2 64.2 12.4
      vertex 1.85295 66.3148 12.4
    endloop
  endfacet
  facet normal -0 0 1
    outer loop
      vertex 0 2.5 12.4
      vertex 2.2 2.2 12.4
      vertex 0 63.9 12.4
    endloop
  endfacet
  facet normal -0 0 1
    outer loop
      vertex 1.25 66.0651 12.4
      vertex 2.2 64.2 12.4
      vertex 1.54329 66.2097 12.4
    endloop
  endfacet
  facet normal 0 -0 1
    outer loop
      vertex 0.0213871 2.17368 12.4
      vertex 2.2 2.2 12.4
      vertex 0 2.5 12.4
    endloop
  endfacet
  facet normal -0 0 1
    outer loop
      vertex 0.978096 65.8834 12.4
      vertex 2.2 64.2 12.4
      vertex 1.25 66.0651 12.4
    endloop
  endfacet
  facet normal 0 0 1
    outer loop
      vertex 2.2 2.2 12.4
      vertex 1.85295 0.0851851 12.4
      vertex 2.17368 0.0213871 12.4
    endloop
  endfacet
  facet normal -0 0 1
    outer loop
      vertex 0.732232 65.6678 12.4
      vertex 2.2 64.2 12.4
      vertex 0.978096 65.8834 12.4
    endloop
  endfacet
  facet normal 0 0 1
    outer loop
      vertex 2.2 2.2 12.4
      vertex 1.54329 0.190301 12.4
      vertex 1.85295 0.0851851 12.4
    endloop
  endfacet
  facet normal -0 0 1
    outer loop
      vertex 0.516616 65.4219 12.4
      vertex 2.2 64.2 12.4
      vertex 0.732232 65.6678 12.4
    endloop
  endfacet
  facet normal 0 0 1
    outer loop
      vertex 2.2 2.2 12.4
      vertex 1.25 0.334936 12.4
      vertex 1.54329 0.190301 12.4
    endloop
  endfacet
  facet normal -0 0 1
    outer loop
      vertex 0.334936 65.15 12.4
      vertex 2.2 64.2 12.4
      vertex 0.516616 65.4219 12.4
    endloop
  endfacet
  facet normal 0 0 1
    outer loop
      vertex 2.2 2.2 12.4
      vertex 0.978096 0.516616 12.4
      vertex 1.25 0.334936 12.4
    endloop
  endfacet
  facet normal -0 0 1
    outer loop
      vertex 0.190301 64.8567 12.4
      vertex 2.2 64.2 12.4
      vertex 0.334936 65.15 12.4
    endloop
  endfacet
  facet normal 0 0 1
    outer loop
      vertex 2.2 2.2 12.4
      vertex 0.732232 0.732232 12.4
      vertex 0.978096 0.516616 12.4
    endloop
  endfacet
  facet normal -0 0 1
    outer loop
      vertex 0.0851851 64.547 12.4
      vertex 2.2 64.2 12.4
      vertex 0.190301 64.8567 12.4
    endloop
  endfacet
  facet normal 0 0 1
    outer loop
      vertex 2.2 2.2 12.4
      vertex 0.516616 0.978096 12.4
      vertex 0.732232 0.732232 12.4
    endloop
  endfacet
  facet normal -0 0 1
    outer loop
      vertex 0.0213871 64.2263 12.4
      vertex 2.2 64.2 12.4
      vertex 0.0851851 64.547 12.4
    endloop
  endfacet
  facet normal 0 0 1
    outer loop
      vertex 2.2 2.2 12.4
      vertex 0.334936 1.25 12.4
      vertex 0.516616 0.978096 12.4
    endloop
  endfacet
  facet normal 0 0 1
    outer loop
      vertex 2.2 64.2 12.4
      vertex 0.0213871 64.2263 12.4
      vertex 0 63.9 12.4
    endloop
  endfacet
  facet normal 0 0 1
    outer loop
      vertex 2.2 2.2 12.4
      vertex 0.190301 1.54329 12.4
      vertex 0.334936 1.25 12.4
    endloop
  endfacet
  facet normal 0 0 1
    outer loop
      vertex 2.2 2.2 12.4
      vertex 0.0851851 1.85295 12.4
      vertex 0.190301 1.54329 12.4
    endloop
  endfacet
  facet normal 0 0 1
    outer loop
      vertex 2.2 2.2 12.4
      vertex 0.0213871 2.17368 12.4
      vertex 0.0851851 1.85295 12.4
    endloop
  endfacet
  facet normal -0.442204 0.896915 0
    outer loop
      vertex 1.54329 66.2097 0
      vertex 1.25 66.0651 12.4
      vertex 1.54329 66.2097 12.4
    endloop
  endfacet
  facet normal -0.442204 0.896915 0
    outer loop
      vertex 1.25 66.0651 12.4
      vertex 1.54329 66.2097 0
      vertex 1.25 66.0651 0
    endloop
  endfacet
  facet normal 0.98078 0.195116 0
    outer loop
      vertex 95.3786 64.2263 12.4
      vertex 95.3148 64.547 0
      vertex 95.3148 64.547 12.4
    endloop
  endfacet
  facet normal 0.98078 0.195116 0
    outer loop
      vertex 95.3148 64.547 0
      vertex 95.3786 64.2263 12.4
      vertex 95.3786 64.2263 0
    endloop
  endfacet
  facet normal 0.555617 0.831438 -0
    outer loop
      vertex 94.4219 65.8834 0
      vertex 94.15 66.0651 12.4
      vertex 94.4219 65.8834 12.4
    endloop
  endfacet
  facet normal 0.555617 0.831438 0
    outer loop
      vertex 94.15 66.0651 12.4
      vertex 94.4219 65.8834 0
      vertex 94.15 66.0651 0
    endloop
  endfacet
  facet normal -0.321397 0.946944 0
    outer loop
      vertex 1.85295 66.3148 0
      vertex 1.54329 66.2097 12.4
      vertex 1.85295 66.3148 12.4
    endloop
  endfacet
  facet normal -0.321397 0.946944 0
    outer loop
      vertex 1.54329 66.2097 12.4
      vertex 1.85295 66.3148 0
      vertex 1.54329 66.2097 0
    endloop
  endfacet
  facet normal 0 0 -1
    outer loop
      vertex 9.91244 9.4 0
      vertex 40.7 16.2 0
      vertex 9.99343 9.23576 0
    endloop
  endfacet
  facet normal 0 0 -1
    outer loop
      vertex 40.7 46.2 0
      vertex 10.088 57.5173 0
      vertex 10.1 57.7 0
    endloop
  endfacet
  facet normal -0 0 -1
    outer loop
      vertex 40.7 16.2 0
      vertex 9.91244 9.4 0
      vertex 40.7 20.2 0
    endloop
  endfacet
  facet normal 0 0 -1
    outer loop
      vertex 40.7 46.2 0
      vertex 10.0523 57.3377 0
      vertex 10.088 57.5173 0
    endloop
  endfacet
  facet normal 0 0 -1
    outer loop
      vertex 9.81069 9.55227 0
      vertex 40.7 20.2 0
      vertex 9.91244 9.4 0
    endloop
  endfacet
  facet normal 0 0 -1
    outer loop
      vertex 40.7 46.2 0
      vertex 9.99343 57.1642 0
      vertex 10.0523 57.3377 0
    endloop
  endfacet
  facet normal 0 0 -1
    outer loop
      vertex 9.68995 9.68995 0
      vertex 40.7 20.2 0
      vertex 9.81069 9.55227 0
    endloop
  endfacet
  facet normal 0 0 -1
    outer loop
      vertex 40.7 46.2 0
      vertex 9.91244 57 0
      vertex 9.99343 57.1642 0
    endloop
  endfacet
  facet normal 0 0 -1
    outer loop
      vertex 9.55227 9.81069 0
      vertex 40.7 20.2 0
      vertex 9.68995 9.68995 0
    endloop
  endfacet
  facet normal 0 0 -1
    outer loop
      vertex 40.7 46.2 0
      vertex 9.81069 56.8477 0
      vertex 9.91244 57 0
    endloop
  endfacet
  facet normal 0 0 -1
    outer loop
      vertex 9.4 9.91244 0
      vertex 40.7 20.2 0
      vertex 9.55227 9.81069 0
    endloop
  endfacet
  facet normal 0 0 -1
    outer loop
      vertex 40.7 46.2 0
      vertex 9.68995 56.71 0
      vertex 9.81069 56.8477 0
    endloop
  endfacet
  facet normal 0 0 -1
    outer loop
      vertex 9.23576 9.99343 0
      vertex 40.7 20.2 0
      vertex 9.4 9.91244 0
    endloop
  endfacet
  facet normal 0 0 -1
    outer loop
      vertex 40.7 46.2 0
      vertex 9.55227 56.5893 0
      vertex 9.68995 56.71 0
    endloop
  endfacet
  facet normal -0 0 -1
    outer loop
      vertex 40.7 20.2 0
      vertex 9.23576 9.99343 0
      vertex 40.7 46.2 0
    endloop
  endfacet
  facet normal 0 0 -1
    outer loop
      vertex 40.7 46.2 0
      vertex 9.4 56.4876 0
      vertex 9.55227 56.5893 0
    endloop
  endfacet
  facet normal 0 0 -1
    outer loop
      vertex 9.23576 56.4066 0
      vertex 40.7 46.2 0
      vertex 9.23576 9.99343 0
    endloop
  endfacet
  facet normal 0 0 -1
    outer loop
      vertex 40.7 46.2 0
      vertex 9.23576 56.4066 0
      vertex 9.4 56.4876 0
    endloop
  endfacet
  facet normal 0 0 -1
    outer loop
      vertex 9.06235 10.0523 0
      vertex 9.23576 56.4066 0
      vertex 9.23576 9.99343 0
    endloop
  endfacet
  facet normal 0 0 -1
    outer loop
      vertex 9.06235 10.0523 0
      vertex 9.06235 56.3477 0
      vertex 9.23576 56.4066 0
    endloop
  endfacet
  facet normal 0 0 -1
    outer loop
      vertex 8.88274 10.088 0
      vertex 9.06235 56.3477 0
      vertex 9.06235 10.0523 0
    endloop
  endfacet
  facet normal 0 0 -1
    outer loop
      vertex 8.88274 10.088 0
      vertex 8.88274 56.312 0
      vertex 9.06235 56.3477 0
    endloop
  endfacet
  facet normal 0 0 -1
    outer loop
      vertex 8.7 10.1 0
      vertex 8.88274 56.312 0
      vertex 8.88274 10.088 0
    endloop
  endfacet
  facet normal 0 0 -1
    outer loop
      vertex 8.7 10.1 0
      vertex 8.7 56.3 0
      vertex 8.88274 56.312 0
    endloop
  endfacet
  facet normal 0 0 -1
    outer loop
      vertex 8.51726 10.088 0
      vertex 8.7 56.3 0
      vertex 8.7 10.1 0
    endloop
  endfacet
  facet normal 0 0 -1
    outer loop
      vertex 8.51726 10.088 0
      vertex 8.51726 56.312 0
      vertex 8.7 56.3 0
    endloop
  endfacet
  facet normal 0 0 -1
    outer loop
      vertex 8.33765 10.0523 0
      vertex 8.51726 56.312 0
      vertex 8.51726 10.088 0
    endloop
  endfacet
  facet normal 0 0 -1
    outer loop
      vertex 8.33765 10.0523 0
      vertex 8.33765 56.3477 0
      vertex 8.51726 56.312 0
    endloop
  endfacet
  facet normal 0 0 -1
    outer loop
      vertex 8.16424 9.99343 0
      vertex 8.33765 56.3477 0
      vertex 8.33765 10.0523 0
    endloop
  endfacet
  facet normal 0 0 -1
    outer loop
      vertex 8.16424 9.99343 0
      vertex 8.16424 56.4066 0
      vertex 8.33765 56.3477 0
    endloop
  endfacet
  facet normal 0 0 -1
    outer loop
      vertex 8 9.91244 0
      vertex 8.16424 56.4066 0
      vertex 8.16424 9.99343 0
    endloop
  endfacet
  facet normal 0 0 -1
    outer loop
      vertex 8 9.91244 0
      vertex 8 56.4876 0
      vertex 8.16424 56.4066 0
    endloop
  endfacet
  facet normal 0 0 -1
    outer loop
      vertex 7.84773 9.81069 0
      vertex 8 56.4876 0
      vertex 8 9.91244 0
    endloop
  endfacet
  facet normal 0 0 -1
    outer loop
      vertex 7.84773 9.81069 0
      vertex 7.84773 56.5893 0
      vertex 8 56.4876 0
    endloop
  endfacet
  facet normal 0 0 -1
    outer loop
      vertex 7.71005 9.68995 0
      vertex 7.84773 56.5893 0
      vertex 7.84773 9.81069 0
    endloop
  endfacet
  facet normal 0 0 -1
    outer loop
      vertex 7.71005 9.68995 0
      vertex 7.71005 56.71 0
      vertex 7.84773 56.5893 0
    endloop
  endfacet
  facet normal 0 0 -1
    outer loop
      vertex 7.5893 9.55227 0
      vertex 7.71005 56.71 0
      vertex 7.71005 9.68995 0
    endloop
  endfacet
  facet normal 0 0 -1
    outer loop
      vertex 7.5893 9.55227 0
      vertex 7.5893 56.8477 0
      vertex 7.71005 56.71 0
    endloop
  endfacet
  facet normal 0 0 -1
    outer loop
      vertex 0 2.5 0
      vertex 7.5893 9.55227 0
      vertex 7.48756 9.4 0
    endloop
  endfacet
  facet normal -0 0 -1
    outer loop
      vertex 7.5893 9.55227 0
      vertex 0 2.5 0
      vertex 7.5893 56.8477 0
    endloop
  endfacet
  facet normal 0 0 -1
    outer loop
      vertex 0 2.5 0
      vertex 7.48756 9.4 0
      vertex 7.40657 9.23576 0
    endloop
  endfacet
  facet normal 0 0 -1
    outer loop
      vertex 0 63.9 0
      vertex 7.5893 56.8477 0
      vertex 0 2.5 0
    endloop
  endfacet
  facet normal 0 0 -1
    outer loop
      vertex 0 2.5 0
      vertex 7.40657 9.23576 0
      vertex 7.3477 9.06235 0
    endloop
  endfacet
  facet normal 0 0 -1
    outer loop
      vertex 7.5893 56.8477 0
      vertex 0 63.9 0
      vertex 7.48756 57 0
    endloop
  endfacet
  facet normal 0 0 -1
    outer loop
      vertex 0 2.5 0
      vertex 7.3477 9.06235 0
      vertex 7.31198 8.88274 0
    endloop
  endfacet
  facet normal 0 0 -1
    outer loop
      vertex 7.48756 57 0
      vertex 0 63.9 0
      vertex 7.40657 57.1642 0
    endloop
  endfacet
  facet normal 0 0 -1
    outer loop
      vertex 0 2.5 0
      vertex 7.31198 8.88274 0
      vertex 7.3 8.7 0
    endloop
  endfacet
  facet normal 0 0 -1
    outer loop
      vertex 7.40657 57.1642 0
      vertex 0 63.9 0
      vertex 7.3477 57.3377 0
    endloop
  endfacet
  facet normal 0 0 -1
    outer loop
      vertex 40.7 20.2 0
      vertex 54.7 46.2 0
      vertex 54.7 20.2 0
    endloop
  endfacet
  facet normal -0 0 -1
    outer loop
      vertex 54.7 46.2 0
      vertex 40.7 20.2 0
      vertex 40.7 46.2 0
    endloop
  endfacet
  facet normal 0 0 -1
    outer loop
      vertex 67.9934 9.23576 0
      vertex 95.4 2.5 0
      vertex 68.0523 9.06235 0
    endloop
  endfacet
  facet normal 0 0 -1
    outer loop
      vertex 95.4 63.9 0
      vertex 68.088 57.5173 0
      vertex 68.1 57.7 0
    endloop
  endfacet
  facet normal 0 0 -1
    outer loop
      vertex 67.9124 9.4 0
      vertex 95.4 2.5 0
      vertex 67.9934 9.23576 0
    endloop
  endfacet
  facet normal 0 0 -1
    outer loop
      vertex 95.4 63.9 0
      vertex 68.0523 57.3377 0
      vertex 68.088 57.5173 0
    endloop
  endfacet
  facet normal 0 0 -1
    outer loop
      vertex 67.8107 9.55227 0
      vertex 95.4 2.5 0
      vertex 67.9124 9.4 0
    endloop
  endfacet
  facet normal 0 0 -1
    outer loop
      vertex 95.4 63.9 0
      vertex 67.9934 57.1642 0
      vertex 68.0523 57.3377 0
    endloop
  endfacet
  facet normal 0 0 -1
    outer loop
      vertex 67.6899 9.68995 0
      vertex 95.4 2.5 0
      vertex 67.8107 9.55227 0
    endloop
  endfacet
  facet normal 0 0 -1
    outer loop
      vertex 95.4 63.9 0
      vertex 67.9124 57 0
      vertex 67.9934 57.1642 0
    endloop
  endfacet
  facet normal 0 0 -1
    outer loop
      vertex 95.4 2.5 0
      vertex 67.6899 9.68995 0
      vertex 95.4 63.9 0
    endloop
  endfacet
  facet normal 0 0 -1
    outer loop
      vertex 95.4 63.9 0
      vertex 67.8107 56.8477 0
      vertex 67.9124 57 0
    endloop
  endfacet
  facet normal 0 0 -1
    outer loop
      vertex 67.6899 56.71 0
      vertex 95.4 63.9 0
      vertex 67.6899 9.68995 0
    endloop
  endfacet
  facet normal 0 0 -1
    outer loop
      vertex 95.4 63.9 0
      vertex 67.6899 56.71 0
      vertex 67.8107 56.8477 0
    endloop
  endfacet
  facet normal 0 0 -1
    outer loop
      vertex 67.5523 9.81069 0
      vertex 67.6899 56.71 0
      vertex 67.6899 9.68995 0
    endloop
  endfacet
  facet normal 0 0 -1
    outer loop
      vertex 67.5523 9.81069 0
      vertex 67.5523 56.5893 0
      vertex 67.6899 56.71 0
    endloop
  endfacet
  facet normal 0 0 -1
    outer loop
      vertex 67.4 9.91244 0
      vertex 67.5523 56.5893 0
      vertex 67.5523 9.81069 0
    endloop
  endfacet
  facet normal 0 0 -1
    outer loop
      vertex 67.4 9.91244 0
      vertex 67.4 56.4876 0
      vertex 67.5523 56.5893 0
    endloop
  endfacet
  facet normal 0 0 -1
    outer loop
      vertex 67.2358 9.99343 0
      vertex 67.4 56.4876 0
      vertex 67.4 9.91244 0
    endloop
  endfacet
  facet normal 0 0 -1
    outer loop
      vertex 67.2358 9.99343 0
      vertex 67.2358 56.4066 0
      vertex 67.4 56.4876 0
    endloop
  endfacet
  facet normal 0 0 -1
    outer loop
      vertex 54.7 20.2 0
      vertex 67.2358 9.99343 0
      vertex 67.0623 10.0523 0
    endloop
  endfacet
  facet normal 0 0 -1
    outer loop
      vertex 67.2358 9.99343 0
      vertex 54.7 20.2 0
      vertex 67.2358 56.4066 0
    endloop
  endfacet
  facet normal 0 0 -1
    outer loop
      vertex 54.7 20.2 0
      vertex 67.0623 10.0523 0
      vertex 66.8827 10.088 0
    endloop
  endfacet
  facet normal 0 0 -1
    outer loop
      vertex 54.7 46.2 0
      vertex 67.2358 56.4066 0
      vertex 54.7 20.2 0
    endloop
  endfacet
  facet normal 0 0 -1
    outer loop
      vertex 54.7 20.2 0
      vertex 66.8827 10.088 0
      vertex 66.7 10.1 0
    endloop
  endfacet
  facet normal 0 0 -1
    outer loop
      vertex 67.2358 56.4066 0
      vertex 54.7 46.2 0
      vertex 67.0623 56.3477 0
    endloop
  endfacet
  facet normal 0 0 -1
    outer loop
      vertex 54.7 20.2 0
      vertex 66.7 10.1 0
      vertex 66.5173 10.088 0
    endloop
  endfacet
  facet normal 0 0 -1
    outer loop
      vertex 67.0623 56.3477 0
      vertex 54.7 46.2 0
      vertex 66.8827 56.312 0
    endloop
  endfacet
  facet normal 0 0 -1
    outer loop
      vertex 54.7 20.2 0
      vertex 66.5173 10.088 0
      vertex 66.3377 10.0523 0
    endloop
  endfacet
  facet normal 0 0 -1
    outer loop
      vertex 66.8827 56.312 0
      vertex 54.7 46.2 0
      vertex 66.7 56.3 0
    endloop
  endfacet
  facet normal 0 0 -1
    outer loop
      vertex 54.7 20.2 0
      vertex 66.3377 10.0523 0
      vertex 66.1642 9.99343 0
    endloop
  endfacet
  facet normal -0 0 -1
    outer loop
      vertex 66.7 56.3 0
      vertex 54.7 46.2 0
      vertex 66.5173 56.312 0
    endloop
  endfacet
  facet normal 0 0 -1
    outer loop
      vertex 54.7 16.2 0
      vertex 66.1642 9.99343 0
      vertex 66 9.91244 0
    endloop
  endfacet
  facet normal -0 0 -1
    outer loop
      vertex 66.5173 56.312 0
      vertex 54.7 46.2 0
      vertex 66.3377 56.3477 0
    endloop
  endfacet
  facet normal 0 0 -1
    outer loop
      vertex 54.7 16.2 0
      vertex 66 9.91244 0
      vertex 65.8477 9.81069 0
    endloop
  endfacet
  facet normal -0 0 -1
    outer loop
      vertex 66.3377 56.3477 0
      vertex 54.7 46.2 0
      vertex 66.1642 56.4066 0
    endloop
  endfacet
  facet normal 0 0 -1
    outer loop
      vertex 54.7 16.2 0
      vertex 65.8477 9.81069 0
      vertex 65.7101 9.68995 0
    endloop
  endfacet
  facet normal 0 0 -1
    outer loop
      vertex 54.7 50.2 0
      vertex 66.1642 56.4066 0
      vertex 54.7 46.2 0
    endloop
  endfacet
  facet normal 0 0 -1
    outer loop
      vertex 54.7 16.2 0
      vertex 65.7101 9.68995 0
      vertex 65.5893 9.55227 0
    endloop
  endfacet
  facet normal -0 0 -1
    outer loop
      vertex 66.1642 56.4066 0
      vertex 54.7 50.2 0
      vertex 66 56.4876 0
    endloop
  endfacet
  facet normal 0 0 -1
    outer loop
      vertex 54.7 16.2 0
      vertex 65.5893 9.55227 0
      vertex 65.4876 9.4 0
    endloop
  endfacet
  facet normal -0 0 -1
    outer loop
      vertex 66 56.4876 0
      vertex 54.7 50.2 0
      vertex 65.8477 56.5893 0
    endloop
  endfacet
  facet normal 0 0 -1
    outer loop
      vertex 54.7 16.2 0
      vertex 65.4876 9.4 0
      vertex 65.4066 9.23576 0
    endloop
  endfacet
  facet normal -0 0 -1
    outer loop
      vertex 65.8477 56.5893 0
      vertex 54.7 50.2 0
      vertex 65.7101 56.71 0
    endloop
  endfacet
  facet normal 0 0 -1
    outer loop
      vertex 54.7 16.2 0
      vertex 65.4066 9.23576 0
      vertex 65.3477 9.06235 0
    endloop
  endfacet
  facet normal -0 0 -1
    outer loop
      vertex 65.7101 56.71 0
      vertex 54.7 50.2 0
      vertex 65.5893 56.8477 0
    endloop
  endfacet
  facet normal 0 0 -1
    outer loop
      vertex 54.7 16.2 0
      vertex 65.3477 9.06235 0
      vertex 65.312 8.88274 0
    endloop
  endfacet
  facet normal -0 0 -1
    outer loop
      vertex 65.5893 56.8477 0
      vertex 54.7 50.2 0
      vertex 65.4876 57 0
    endloop
  endfacet
  facet normal 0 0 -1
    outer loop
      vertex 54.7 16.2 0
      vertex 65.312 8.88274 0
      vertex 65.3 8.7 0
    endloop
  endfacet
  facet normal -0 0 -1
    outer loop
      vertex 65.4876 57 0
      vertex 54.7 50.2 0
      vertex 65.4066 57.1642 0
    endloop
  endfacet
  facet normal 0 0 -1
    outer loop
      vertex 92.9 0 0
      vertex 95.4 2.5 0
      vertex 95.3786 2.17368 0
    endloop
  endfacet
  facet normal 0 0 -1
    outer loop
      vertex 92.9 0 0
      vertex 68.088 8.88274 0
      vertex 95.4 2.5 0
    endloop
  endfacet
  facet normal 0 0 -1
    outer loop
      vertex 92.9 0 0
      vertex 95.3786 2.17368 0
      vertex 95.3148 1.85295 0
    endloop
  endfacet
  facet normal 0 0 -1
    outer loop
      vertex 68.0523 9.06235 0
      vertex 95.4 2.5 0
      vertex 68.088 8.88274 0
    endloop
  endfacet
  facet normal 0 0 -1
    outer loop
      vertex 92.9 0 0
      vertex 95.3148 1.85295 0
      vertex 95.2097 1.54329 0
    endloop
  endfacet
  facet normal 0 -0 -1
    outer loop
      vertex 92.9 66.4 0
      vertex 95.4 63.9 0
      vertex 68.1 57.7 0
    endloop
  endfacet
  facet normal 0 0 -1
    outer loop
      vertex 92.9 0 0
      vertex 95.2097 1.54329 0
      vertex 95.0651 1.25 0
    endloop
  endfacet
  facet normal 0 0 -1
    outer loop
      vertex 95.4 63.9 0
      vertex 92.9 66.4 0
      vertex 95.3786 64.2263 0
    endloop
  endfacet
  facet normal 0 0 -1
    outer loop
      vertex 92.9 0 0
      vertex 95.0651 1.25 0
      vertex 94.8834 0.978096 0
    endloop
  endfacet
  facet normal 0 0 -1
    outer loop
      vertex 95.3786 64.2263 0
      vertex 92.9 66.4 0
      vertex 95.3148 64.547 0
    endloop
  endfacet
  facet normal 0 0 -1
    outer loop
      vertex 92.9 0 0
      vertex 94.8834 0.978096 0
      vertex 94.6678 0.732232 0
    endloop
  endfacet
  facet normal 0 0 -1
    outer loop
      vertex 95.3148 64.547 0
      vertex 92.9 66.4 0
      vertex 95.2097 64.8567 0
    endloop
  endfacet
  facet normal 0 0 -1
    outer loop
      vertex 92.9 0 0
      vertex 94.6678 0.732232 0
      vertex 94.4219 0.516616 0
    endloop
  endfacet
  facet normal 0 0 -1
    outer loop
      vertex 95.2097 64.8567 0
      vertex 92.9 66.4 0
      vertex 95.0651 65.15 0
    endloop
  endfacet
  facet normal 0 0 -1
    outer loop
      vertex 92.9 0 0
      vertex 94.4219 0.516616 0
      vertex 94.15 0.334936 0
    endloop
  endfacet
  facet normal 0 0 -1
    outer loop
      vertex 95.0651 65.15 0
      vertex 92.9 66.4 0
      vertex 94.8834 65.4219 0
    endloop
  endfacet
  facet normal 0 0 -1
    outer loop
      vertex 92.9 0 0
      vertex 94.15 0.334936 0
      vertex 93.8567 0.190301 0
    endloop
  endfacet
  facet normal 0 0 -1
    outer loop
      vertex 94.8834 65.4219 0
      vertex 92.9 66.4 0
      vertex 94.6678 65.6678 0
    endloop
  endfacet
  facet normal 0 0 -1
    outer loop
      vertex 92.9 0 0
      vertex 93.8567 0.190301 0
      vertex 93.547 0.0851851 0
    endloop
  endfacet
  facet normal 0 0 -1
    outer loop
      vertex 94.6678 65.6678 0
      vertex 92.9 66.4 0
      vertex 94.4219 65.8834 0
    endloop
  endfacet
  facet normal 0 0 -1
    outer loop
      vertex 92.9 0 0
      vertex 93.547 0.0851851 0
      vertex 93.2263 0.0213871 0
    endloop
  endfacet
  facet normal 0 0 -1
    outer loop
      vertex 68.088 8.88274 0
      vertex 92.9 0 0
      vertex 68.1 8.7 0
    endloop
  endfacet
  facet normal 0 0 -1
    outer loop
      vertex 94.4219 65.8834 0
      vertex 92.9 66.4 0
      vertex 94.15 66.0651 0
    endloop
  endfacet
  facet normal 0 0 -1
    outer loop
      vertex 93.547 66.3148 0
      vertex 92.9 66.4 0
      vertex 93.2263 66.3786 0
    endloop
  endfacet
  facet normal 0 0 -1
    outer loop
      vertex 94.15 66.0651 0
      vertex 92.9 66.4 0
      vertex 93.8567 66.2097 0
    endloop
  endfacet
  facet normal 0 0 -1
    outer loop
      vertex 92.9 0 0
      vertex 68.088 8.51726 0
      vertex 68.1 8.7 0
    endloop
  endfacet
  facet normal 0 0 -1
    outer loop
      vertex 92.9 0 0
      vertex 68.0523 8.33765 0
      vertex 68.088 8.51726 0
    endloop
  endfacet
  facet normal 0 0 -1
    outer loop
      vertex 92.9 0 0
      vertex 67.9934 8.16424 0
      vertex 68.0523 8.33765 0
    endloop
  endfacet
  facet normal 0 0 -1
    outer loop
      vertex 92.9 0 0
      vertex 67.9124 8 0
      vertex 67.9934 8.16424 0
    endloop
  endfacet
  facet normal 0 0 -1
    outer loop
      vertex 92.9 0 0
      vertex 67.8107 7.84773 0
      vertex 67.9124 8 0
    endloop
  endfacet
  facet normal 0 0 -1
    outer loop
      vertex 92.9 0 0
      vertex 67.6899 7.71005 0
      vertex 67.8107 7.84773 0
    endloop
  endfacet
  facet normal 0 0 -1
    outer loop
      vertex 92.9 0 0
      vertex 67.5523 7.5893 0
      vertex 67.6899 7.71005 0
    endloop
  endfacet
  facet normal 0 0 -1
    outer loop
      vertex 92.9 0 0
      vertex 67.4 7.48756 0
      vertex 67.5523 7.5893 0
    endloop
  endfacet
  facet normal 0 0 -1
    outer loop
      vertex 92.9 0 0
      vertex 67.2358 7.40657 0
      vertex 67.4 7.48756 0
    endloop
  endfacet
  facet normal 0 0 -1
    outer loop
      vertex 92.9 0 0
      vertex 67.0623 7.3477 0
      vertex 67.2358 7.40657 0
    endloop
  endfacet
  facet normal 0 0 -1
    outer loop
      vertex 92.9 0 0
      vertex 66.8827 7.31198 0
      vertex 67.0623 7.3477 0
    endloop
  endfacet
  facet normal 0 0 -1
    outer loop
      vertex 92.9 0 0
      vertex 66.7 7.3 0
      vertex 66.8827 7.31198 0
    endloop
  endfacet
  facet normal 0 0 -1
    outer loop
      vertex 92.9 0 0
      vertex 66.5173 7.31198 0
      vertex 66.7 7.3 0
    endloop
  endfacet
  facet normal 0 0 -1
    outer loop
      vertex 2.5 0 0
      vertex 66.5173 7.31198 0
      vertex 92.9 0 0
    endloop
  endfacet
  facet normal 0 0 -1
    outer loop
      vertex 66.1642 9.99343 0
      vertex 54.7 16.2 0
      vertex 54.7 20.2 0
    endloop
  endfacet
  facet normal 0 0 -1
    outer loop
      vertex 65.312 8.51726 0
      vertex 54.7 16.2 0
      vertex 65.3 8.7 0
    endloop
  endfacet
  facet normal 0 0 -1
    outer loop
      vertex 65.3477 8.33765 0
      vertex 54.7 16.2 0
      vertex 65.312 8.51726 0
    endloop
  endfacet
  facet normal 0 0 -1
    outer loop
      vertex 65.4066 8.16424 0
      vertex 54.7 16.2 0
      vertex 65.3477 8.33765 0
    endloop
  endfacet
  facet normal 0 0 -1
    outer loop
      vertex 65.4876 8 0
      vertex 54.7 16.2 0
      vertex 65.4066 8.16424 0
    endloop
  endfacet
  facet normal 0 0 -1
    outer loop
      vertex 65.5893 7.84773 0
      vertex 54.7 16.2 0
      vertex 65.4876 8 0
    endloop
  endfacet
  facet normal 0 0 -1
    outer loop
      vertex 40.7 16.2 0
      vertex 65.5893 7.84773 0
      vertex 65.7101 7.71005 0
    endloop
  endfacet
  facet normal 0 0 -1
    outer loop
      vertex 40.7 16.2 0
      vertex 65.7101 7.71005 0
      vertex 65.8477 7.5893 0
    endloop
  endfacet
  facet normal 0 0 -1
    outer loop
      vertex 65.5893 7.84773 0
      vertex 40.7 16.2 0
      vertex 54.7 16.2 0
    endloop
  endfacet
  facet normal 0 0 -1
    outer loop
      vertex 2.5 0 0
      vertex 65.8477 7.5893 0
      vertex 66 7.48756 0
    endloop
  endfacet
  facet normal 0 0 -1
    outer loop
      vertex 2.5 0 0
      vertex 66 7.48756 0
      vertex 66.1642 7.40657 0
    endloop
  endfacet
  facet normal 0 0 -1
    outer loop
      vertex 10.088 8.88274 0
      vertex 40.7 16.2 0
      vertex 10.1 8.7 0
    endloop
  endfacet
  facet normal 0 0 -1
    outer loop
      vertex 10.0523 9.06235 0
      vertex 40.7 16.2 0
      vertex 10.088 8.88274 0
    endloop
  endfacet
  facet normal 0 0 -1
    outer loop
      vertex 9.99343 9.23576 0
      vertex 40.7 16.2 0
      vertex 10.0523 9.06235 0
    endloop
  endfacet
  facet normal -0 0 -1
    outer loop
      vertex 65.8477 7.5893 0
      vertex 2.5 0 0
      vertex 40.7 16.2 0
    endloop
  endfacet
  facet normal 0 0 -1
    outer loop
      vertex 2.5 0 0
      vertex 66.1642 7.40657 0
      vertex 66.3377 7.3477 0
    endloop
  endfacet
  facet normal -0 0 -1
    outer loop
      vertex 66.5173 7.31198 0
      vertex 2.5 0 0
      vertex 66.3377 7.3477 0
    endloop
  endfacet
  facet normal 0 0 -1
    outer loop
      vertex 40.7 16.2 0
      vertex 10.088 8.51726 0
      vertex 10.1 8.7 0
    endloop
  endfacet
  facet normal 0 0 -1
    outer loop
      vertex 40.7 16.2 0
      vertex 10.0523 8.33765 0
      vertex 10.088 8.51726 0
    endloop
  endfacet
  facet normal 0 0 -1
    outer loop
      vertex 40.7 16.2 0
      vertex 9.99343 8.16424 0
      vertex 10.0523 8.33765 0
    endloop
  endfacet
  facet normal 0 0 -1
    outer loop
      vertex 40.7 16.2 0
      vertex 9.91244 8 0
      vertex 9.99343 8.16424 0
    endloop
  endfacet
  facet normal 0 0 -1
    outer loop
      vertex 40.7 16.2 0
      vertex 9.81069 7.84773 0
      vertex 9.91244 8 0
    endloop
  endfacet
  facet normal 0 0 -1
    outer loop
      vertex 40.7 16.2 0
      vertex 9.68995 7.71005 0
      vertex 9.81069 7.84773 0
    endloop
  endfacet
  facet normal 0 0 -1
    outer loop
      vertex 40.7 16.2 0
      vertex 9.55227 7.5893 0
      vertex 9.68995 7.71005 0
    endloop
  endfacet
  facet normal 0 0 -1
    outer loop
      vertex 40.7 16.2 0
      vertex 2.5 0 0
      vertex 9.55227 7.5893 0
    endloop
  endfacet
  facet normal 0 0 -1
    outer loop
      vertex 9.55227 7.5893 0
      vertex 2.5 0 0
      vertex 9.4 7.48756 0
    endloop
  endfacet
  facet normal 0 0 -1
    outer loop
      vertex 9.4 7.48756 0
      vertex 2.5 0 0
      vertex 9.23576 7.40657 0
    endloop
  endfacet
  facet normal 0 0 -1
    outer loop
      vertex 9.23576 7.40657 0
      vertex 2.5 0 0
      vertex 9.06235 7.3477 0
    endloop
  endfacet
  facet normal 0 0 -1
    outer loop
      vertex 9.06235 7.3477 0
      vertex 2.5 0 0
      vertex 8.88274 7.31198 0
    endloop
  endfacet
  facet normal 0 0 -1
    outer loop
      vertex 8.88274 7.31198 0
      vertex 2.5 0 0
      vertex 8.7 7.3 0
    endloop
  endfacet
  facet normal -0 0 -1
    outer loop
      vertex 7.31198 8.51726 0
      vertex 0 2.5 0
      vertex 7.3 8.7 0
    endloop
  endfacet
  facet normal -0 0 -1
    outer loop
      vertex 7.3477 8.33765 0
      vertex 0 2.5 0
      vertex 7.31198 8.51726 0
    endloop
  endfacet
  facet normal -0 0 -1
    outer loop
      vertex 7.40657 8.16424 0
      vertex 0 2.5 0
      vertex 7.3477 8.33765 0
    endloop
  endfacet
  facet normal -0 0 -1
    outer loop
      vertex 7.48756 8 0
      vertex 0 2.5 0
      vertex 7.40657 8.16424 0
    endloop
  endfacet
  facet normal -0 0 -1
    outer loop
      vertex 7.5893 7.84773 0
      vertex 0 2.5 0
      vertex 7.48756 8 0
    endloop
  endfacet
  facet normal -0 0 -1
    outer loop
      vertex 7.71005 7.71005 0
      vertex 0 2.5 0
      vertex 7.5893 7.84773 0
    endloop
  endfacet
  facet normal 0 0 -1
    outer loop
      vertex 0 2.5 0
      vertex 7.71005 7.71005 0
      vertex 2.5 0 0
    endloop
  endfacet
  facet normal -0 0 -1
    outer loop
      vertex 7.84773 7.5893 0
      vertex 2.5 0 0
      vertex 7.71005 7.71005 0
    endloop
  endfacet
  facet normal -0 0 -1
    outer loop
      vertex 8 7.48756 0
      vertex 2.5 0 0
      vertex 7.84773 7.5893 0
    endloop
  endfacet
  facet normal -0 0 -1
    outer loop
      vertex 8.16424 7.40657 0
      vertex 2.5 0 0
      vertex 8 7.48756 0
    endloop
  endfacet
  facet normal -0 0 -1
    outer loop
      vertex 8.33765 7.3477 0
      vertex 2.5 0 0
      vertex 8.16424 7.40657 0
    endloop
  endfacet
  facet normal -0 0 -1
    outer loop
      vertex 8.51726 7.31198 0
      vertex 2.5 0 0
      vertex 8.33765 7.3477 0
    endloop
  endfacet
  facet normal -0 0 -1
    outer loop
      vertex 8.7 7.3 0
      vertex 2.5 0 0
      vertex 8.51726 7.31198 0
    endloop
  endfacet
  facet normal 0 0 -1
    outer loop
      vertex 93.8567 66.2097 0
      vertex 92.9 66.4 0
      vertex 93.547 66.3148 0
    endloop
  endfacet
  facet normal 0 0 -1
    outer loop
      vertex 68.088 57.8827 0
      vertex 92.9 66.4 0
      vertex 68.1 57.7 0
    endloop
  endfacet
  facet normal 0 0 -1
    outer loop
      vertex 68.0523 58.0623 0
      vertex 92.9 66.4 0
      vertex 68.088 57.8827 0
    endloop
  endfacet
  facet normal 0 0 -1
    outer loop
      vertex 67.9934 58.2358 0
      vertex 92.9 66.4 0
      vertex 68.0523 58.0623 0
    endloop
  endfacet
  facet normal 0 0 -1
    outer loop
      vertex 67.9124 58.4 0
      vertex 92.9 66.4 0
      vertex 67.9934 58.2358 0
    endloop
  endfacet
  facet normal 0 0 -1
    outer loop
      vertex 67.8107 58.5523 0
      vertex 92.9 66.4 0
      vertex 67.9124 58.4 0
    endloop
  endfacet
  facet normal 0 0 -1
    outer loop
      vertex 67.6899 58.6899 0
      vertex 92.9 66.4 0
      vertex 67.8107 58.5523 0
    endloop
  endfacet
  facet normal 0 0 -1
    outer loop
      vertex 67.5523 58.8107 0
      vertex 92.9 66.4 0
      vertex 67.6899 58.6899 0
    endloop
  endfacet
  facet normal 0 0 -1
    outer loop
      vertex 67.4 58.9124 0
      vertex 92.9 66.4 0
      vertex 67.5523 58.8107 0
    endloop
  endfacet
  facet normal 0 0 -1
    outer loop
      vertex 67.2358 58.9934 0
      vertex 92.9 66.4 0
      vertex 67.4 58.9124 0
    endloop
  endfacet
  facet normal 0 0 -1
    outer loop
      vertex 67.0623 59.0523 0
      vertex 92.9 66.4 0
      vertex 67.2358 58.9934 0
    endloop
  endfacet
  facet normal 0 0 -1
    outer loop
      vertex 66.8827 59.088 0
      vertex 92.9 66.4 0
      vertex 67.0623 59.0523 0
    endloop
  endfacet
  facet normal 0 0 -1
    outer loop
      vertex 66.7 59.1 0
      vertex 92.9 66.4 0
      vertex 66.8827 59.088 0
    endloop
  endfacet
  facet normal 0 0 -1
    outer loop
      vertex 66.5173 59.088 0
      vertex 92.9 66.4 0
      vertex 66.7 59.1 0
    endloop
  endfacet
  facet normal 0 0 -1
    outer loop
      vertex 2.5 66.4 0
      vertex 66.5173 59.088 0
      vertex 66.3377 59.0523 0
    endloop
  endfacet
  facet normal -0 0 -1
    outer loop
      vertex 65.4066 57.1642 0
      vertex 54.7 50.2 0
      vertex 65.3477 57.3377 0
    endloop
  endfacet
  facet normal -0 0 -1
    outer loop
      vertex 65.3477 57.3377 0
      vertex 54.7 50.2 0
      vertex 65.312 57.5173 0
    endloop
  endfacet
  facet normal -0 0 -1
    outer loop
      vertex 65.312 57.5173 0
      vertex 54.7 50.2 0
      vertex 65.3 57.7 0
    endloop
  endfacet
  facet normal -0 0 -1
    outer loop
      vertex 65.3 57.7 0
      vertex 54.7 50.2 0
      vertex 65.312 57.8827 0
    endloop
  endfacet
  facet normal -0 0 -1
    outer loop
      vertex 65.312 57.8827 0
      vertex 54.7 50.2 0
      vertex 65.3477 58.0623 0
    endloop
  endfacet
  facet normal -0 0 -1
    outer loop
      vertex 65.3477 58.0623 0
      vertex 54.7 50.2 0
      vertex 65.4066 58.2358 0
    endloop
  endfacet
  facet normal -0 0 -1
    outer loop
      vertex 65.4066 58.2358 0
      vertex 54.7 50.2 0
      vertex 65.4876 58.4 0
    endloop
  endfacet
  facet normal -0 0 -1
    outer loop
      vertex 65.4876 58.4 0
      vertex 54.7 50.2 0
      vertex 65.5893 58.5523 0
    endloop
  endfacet
  facet normal 0 0 -1
    outer loop
      vertex 40.7 50.2 0
      vertex 65.5893 58.5523 0
      vertex 54.7 50.2 0
    endloop
  endfacet
  facet normal -0 0 -1
    outer loop
      vertex 65.5893 58.5523 0
      vertex 40.7 50.2 0
      vertex 65.7101 58.6899 0
    endloop
  endfacet
  facet normal -0 0 -1
    outer loop
      vertex 65.7101 58.6899 0
      vertex 40.7 50.2 0
      vertex 65.8477 58.8107 0
    endloop
  endfacet
  facet normal 0 0 -1
    outer loop
      vertex 2.5 66.4 0
      vertex 65.8477 58.8107 0
      vertex 40.7 50.2 0
    endloop
  endfacet
  facet normal 0 0 -1
    outer loop
      vertex 65.8477 58.8107 0
      vertex 2.5 66.4 0
      vertex 66 58.9124 0
    endloop
  endfacet
  facet normal 0 0 -1
    outer loop
      vertex 40.7 46.2 0
      vertex 10.1 57.7 0
      vertex 40.7 50.2 0
    endloop
  endfacet
  facet normal 0 0 -1
    outer loop
      vertex 10.088 57.8827 0
      vertex 40.7 50.2 0
      vertex 10.1 57.7 0
    endloop
  endfacet
  facet normal 0 0 -1
    outer loop
      vertex 10.0523 58.0623 0
      vertex 40.7 50.2 0
      vertex 10.088 57.8827 0
    endloop
  endfacet
  facet normal 0 0 -1
    outer loop
      vertex 9.99343 58.2358 0
      vertex 40.7 50.2 0
      vertex 10.0523 58.0623 0
    endloop
  endfacet
  facet normal 0 0 -1
    outer loop
      vertex 9.91244 58.4 0
      vertex 40.7 50.2 0
      vertex 9.99343 58.2358 0
    endloop
  endfacet
  facet normal 0 0 -1
    outer loop
      vertex 9.81069 58.5523 0
      vertex 40.7 50.2 0
      vertex 9.91244 58.4 0
    endloop
  endfacet
  facet normal 0 0 -1
    outer loop
      vertex 9.68995 58.6899 0
      vertex 40.7 50.2 0
      vertex 9.81069 58.5523 0
    endloop
  endfacet
  facet normal 0 0 -1
    outer loop
      vertex 9.55227 58.8107 0
      vertex 40.7 50.2 0
      vertex 9.68995 58.6899 0
    endloop
  endfacet
  facet normal 0 0 -1
    outer loop
      vertex 2.5 66.4 0
      vertex 40.7 50.2 0
      vertex 9.55227 58.8107 0
    endloop
  endfacet
  facet normal 0 0 -1
    outer loop
      vertex 66 58.9124 0
      vertex 2.5 66.4 0
      vertex 66.1642 58.9934 0
    endloop
  endfacet
  facet normal 0 0 -1
    outer loop
      vertex 66.1642 58.9934 0
      vertex 2.5 66.4 0
      vertex 66.3377 59.0523 0
    endloop
  endfacet
  facet normal 0 0 -1
    outer loop
      vertex 2.5 66.4 0
      vertex 9.55227 58.8107 0
      vertex 9.4 58.9124 0
    endloop
  endfacet
  facet normal 0 0 -1
    outer loop
      vertex 2.5 66.4 0
      vertex 9.4 58.9124 0
      vertex 9.23576 58.9934 0
    endloop
  endfacet
  facet normal 0 0 -1
    outer loop
      vertex 2.5 66.4 0
      vertex 9.23576 58.9934 0
      vertex 9.06235 59.0523 0
    endloop
  endfacet
  facet normal 0 0 -1
    outer loop
      vertex 2.5 66.4 0
      vertex 9.06235 59.0523 0
      vertex 8.88274 59.088 0
    endloop
  endfacet
  facet normal 0 0 -1
    outer loop
      vertex 2.5 66.4 0
      vertex 8.88274 59.088 0
      vertex 8.7 59.1 0
    endloop
  endfacet
  facet normal 0 0 -1
    outer loop
      vertex 2.5 66.4 0
      vertex 8.7 59.1 0
      vertex 8.51726 59.088 0
    endloop
  endfacet
  facet normal 0 0 -1
    outer loop
      vertex 7.3477 57.3377 0
      vertex 0 63.9 0
      vertex 7.31198 57.5173 0
    endloop
  endfacet
  facet normal 0 0 -1
    outer loop
      vertex 66.5173 59.088 0
      vertex 2.5 66.4 0
      vertex 92.9 66.4 0
    endloop
  endfacet
  facet normal 0 0 -1
    outer loop
      vertex 8.33765 59.0523 0
      vertex 2.5 66.4 0
      vertex 8.51726 59.088 0
    endloop
  endfacet
  facet normal 0 0 -1
    outer loop
      vertex 8.16424 58.9934 0
      vertex 2.5 66.4 0
      vertex 8.33765 59.0523 0
    endloop
  endfacet
  facet normal 0 0 -1
    outer loop
      vertex 8 58.9124 0
      vertex 2.5 66.4 0
      vertex 8.16424 58.9934 0
    endloop
  endfacet
  facet normal 0 0 -1
    outer loop
      vertex 7.84773 58.8107 0
      vertex 2.5 66.4 0
      vertex 8 58.9124 0
    endloop
  endfacet
  facet normal 0 0 -1
    outer loop
      vertex 7.71005 58.6899 0
      vertex 2.5 66.4 0
      vertex 7.84773 58.8107 0
    endloop
  endfacet
  facet normal 0 0 -1
    outer loop
      vertex 0 63.9 0
      vertex 7.71005 58.6899 0
      vertex 7.5893 58.5523 0
    endloop
  endfacet
  facet normal 0 0 -1
    outer loop
      vertex 0 63.9 0
      vertex 7.5893 58.5523 0
      vertex 7.48756 58.4 0
    endloop
  endfacet
  facet normal 0 0 -1
    outer loop
      vertex 0 63.9 0
      vertex 7.48756 58.4 0
      vertex 7.40657 58.2358 0
    endloop
  endfacet
  facet normal 0 0 -1
    outer loop
      vertex 0 63.9 0
      vertex 7.40657 58.2358 0
      vertex 7.3477 58.0623 0
    endloop
  endfacet
  facet normal 0 0 -1
    outer loop
      vertex 0 63.9 0
      vertex 7.3477 58.0623 0
      vertex 7.31198 57.8827 0
    endloop
  endfacet
  facet normal 0 0 -1
    outer loop
      vertex 7.31198 57.5173 0
      vertex 0 63.9 0
      vertex 7.3 57.7 0
    endloop
  endfacet
  facet normal 0 0 -1
    outer loop
      vertex 0 2.5 0
      vertex 2.5 0 0
      vertex 2.17368 0.0213871 0
    endloop
  endfacet
  facet normal 0 0 -1
    outer loop
      vertex 7.3 57.7 0
      vertex 0 63.9 0
      vertex 7.31198 57.8827 0
    endloop
  endfacet
  facet normal 0 0 -1
    outer loop
      vertex 0 2.5 0
      vertex 2.17368 0.0213871 0
      vertex 1.85295 0.0851851 0
    endloop
  endfacet
  facet normal 0 0 -1
    outer loop
      vertex 7.71005 58.6899 0
      vertex 0 63.9 0
      vertex 2.5 66.4 0
    endloop
  endfacet
  facet normal 0 0 -1
    outer loop
      vertex 0 2.5 0
      vertex 1.85295 0.0851851 0
      vertex 1.54329 0.190301 0
    endloop
  endfacet
  facet normal 0 0 -1
    outer loop
      vertex 2.5 66.4 0
      vertex 0 63.9 0
      vertex 2.17368 66.3786 0
    endloop
  endfacet
  facet normal 0 0 -1
    outer loop
      vertex 0 2.5 0
      vertex 1.54329 0.190301 0
      vertex 1.25 0.334936 0
    endloop
  endfacet
  facet normal 0 0 -1
    outer loop
      vertex 2.17368 66.3786 0
      vertex 0 63.9 0
      vertex 1.85295 66.3148 0
    endloop
  endfacet
  facet normal 0 0 -1
    outer loop
      vertex 0 2.5 0
      vertex 1.25 0.334936 0
      vertex 0.978096 0.516616 0
    endloop
  endfacet
  facet normal 0 0 -1
    outer loop
      vertex 1.85295 66.3148 0
      vertex 0 63.9 0
      vertex 1.54329 66.2097 0
    endloop
  endfacet
  facet normal 0 0 -1
    outer loop
      vertex 0 2.5 0
      vertex 0.978096 0.516616 0
      vertex 0.732232 0.732232 0
    endloop
  endfacet
  facet normal 0 0 -1
    outer loop
      vertex 1.54329 66.2097 0
      vertex 0 63.9 0
      vertex 1.25 66.0651 0
    endloop
  endfacet
  facet normal 0 0 -1
    outer loop
      vertex 0 2.5 0
      vertex 0.732232 0.732232 0
      vertex 0.516616 0.978096 0
    endloop
  endfacet
  facet normal 0 0 -1
    outer loop
      vertex 1.25 66.0651 0
      vertex 0 63.9 0
      vertex 0.978096 65.8834 0
    endloop
  endfacet
  facet normal 0 0 -1
    outer loop
      vertex 0 2.5 0
      vertex 0.516616 0.978096 0
      vertex 0.334936 1.25 0
    endloop
  endfacet
  facet normal 0 0 -1
    outer loop
      vertex 0.978096 65.8834 0
      vertex 0 63.9 0
      vertex 0.732232 65.6678 0
    endloop
  endfacet
  facet normal 0 0 -1
    outer loop
      vertex 0 2.5 0
      vertex 0.334936 1.25 0
      vertex 0.190301 1.54329 0
    endloop
  endfacet
  facet normal 0 0 -1
    outer loop
      vertex 0.732232 65.6678 0
      vertex 0 63.9 0
      vertex 0.516616 65.4219 0
    endloop
  endfacet
  facet normal 0 0 -1
    outer loop
      vertex 0 2.5 0
      vertex 0.190301 1.54329 0
      vertex 0.0851851 1.85295 0
    endloop
  endfacet
  facet normal 0 0 -1
    outer loop
      vertex 0.516616 65.4219 0
      vertex 0 63.9 0
      vertex 0.334936 65.15 0
    endloop
  endfacet
  facet normal 0 0 -1
    outer loop
      vertex 0 2.5 0
      vertex 0.0851851 1.85295 0
      vertex 0.0213871 2.17368 0
    endloop
  endfacet
  facet normal 0 0 -1
    outer loop
      vertex 0.334936 65.15 0
      vertex 0 63.9 0
      vertex 0.190301 64.8567 0
    endloop
  endfacet
  facet normal 0 0 -1
    outer loop
      vertex 0.190301 64.8567 0
      vertex 0 63.9 0
      vertex 0.0851851 64.547 0
    endloop
  endfacet
  facet normal 0 0 -1
    outer loop
      vertex 0.0851851 64.547 0
      vertex 0 63.9 0
      vertex 0.0213871 64.2263 0
    endloop
  endfacet
  facet normal -0.980785 -0.195093 0
    outer loop
      vertex 0.0851851 1.85295 0
      vertex 0.0213871 2.17368 12.4
      vertex 0.0213871 2.17368 0
    endloop
  endfacet
  facet normal -0.980785 -0.195093 0
    outer loop
      vertex 0.0213871 2.17368 12.4
      vertex 0.0851851 1.85295 0
      vertex 0.0851851 1.85295 12.4
    endloop
  endfacet
  facet normal -1 0 0
    outer loop
      vertex 93.2 2.2 2.4
      vertex 93.2 64.2 12.4
      vertex 93.2 64.2 2.4
    endloop
  endfacet
  facet normal -1 -0 0
    outer loop
      vertex 93.2 64.2 12.4
      vertex 93.2 2.2 2.4
      vertex 93.2 2.2 12.4
    endloop
  endfacet
  facet normal -0 0 1
    outer loop
      vertex 11.2981 56.2 2.4
      vertex 40.7 50.2 2.4
      vertex 11.4716 56.5519 2.4
    endloop
  endfacet
  facet normal 0 0 1
    outer loop
      vertex 40.7 20.2 2.4
      vertex 11.6743 9.09158 2.4
      vertex 11.7 8.7 2.4
    endloop
  endfacet
  facet normal 0 0 1
    outer loop
      vertex 40.7 50.2 2.4
      vertex 11.2981 56.2 2.4
      vertex 40.7 46.2 2.4
    endloop
  endfacet
  facet normal 0 0 1
    outer loop
      vertex 40.7 20.2 2.4
      vertex 11.5978 9.47646 2.4
      vertex 11.6743 9.09158 2.4
    endloop
  endfacet
  facet normal -0 0 1
    outer loop
      vertex 11.0801 55.8737 2.4
      vertex 40.7 46.2 2.4
      vertex 11.2981 56.2 2.4
    endloop
  endfacet
  facet normal 0 0 1
    outer loop
      vertex 40.7 20.2 2.4
      vertex 11.4716 9.84805 2.4
      vertex 11.5978 9.47646 2.4
    endloop
  endfacet
  facet normal -0 0 1
    outer loop
      vertex 10.8213 55.5787 2.4
      vertex 40.7 46.2 2.4
      vertex 11.0801 55.8737 2.4
    endloop
  endfacet
  facet normal 0 0 1
    outer loop
      vertex 40.7 20.2 2.4
      vertex 11.2981 10.2 2.4
      vertex 11.4716 9.84805 2.4
    endloop
  endfacet
  facet normal -0 0 1
    outer loop
      vertex 10.5263 55.3199 2.4
      vertex 40.7 46.2 2.4
      vertex 10.8213 55.5787 2.4
    endloop
  endfacet
  facet normal 0 0 1
    outer loop
      vertex 40.7 20.2 2.4
      vertex 11.0801 10.5263 2.4
      vertex 11.2981 10.2 2.4
    endloop
  endfacet
  facet normal -0 0 1
    outer loop
      vertex 10.2 55.1019 2.4
      vertex 40.7 46.2 2.4
      vertex 10.5263 55.3199 2.4
    endloop
  endfacet
  facet normal 0 0 1
    outer loop
      vertex 40.7 20.2 2.4
      vertex 10.8213 10.8213 2.4
      vertex 11.0801 10.5263 2.4
    endloop
  endfacet
  facet normal -0 0 1
    outer loop
      vertex 9.84805 54.9284 2.4
      vertex 40.7 46.2 2.4
      vertex 10.2 55.1019 2.4
    endloop
  endfacet
  facet normal 0 0 1
    outer loop
      vertex 40.7 20.2 2.4
      vertex 10.5263 11.0801 2.4
      vertex 10.8213 10.8213 2.4
    endloop
  endfacet
  facet normal 0 0 1
    outer loop
      vertex 40.7 46.2 2.4
      vertex 9.84805 54.9284 2.4
      vertex 40.7 20.2 2.4
    endloop
  endfacet
  facet normal 0 0 1
    outer loop
      vertex 40.7 20.2 2.4
      vertex 10.2 11.2981 2.4
      vertex 10.5263 11.0801 2.4
    endloop
  endfacet
  facet normal 0 0 1
    outer loop
      vertex 9.84805 11.4716 2.4
      vertex 40.7 20.2 2.4
      vertex 9.84805 54.9284 2.4
    endloop
  endfacet
  facet normal 0 0 1
    outer loop
      vertex 40.7 20.2 2.4
      vertex 9.84805 11.4716 2.4
      vertex 10.2 11.2981 2.4
    endloop
  endfacet
  facet normal -0 0 1
    outer loop
      vertex 9.47646 54.8022 2.4
      vertex 9.84805 11.4716 2.4
      vertex 9.84805 54.9284 2.4
    endloop
  endfacet
  facet normal 0 0 1
    outer loop
      vertex 9.47646 54.8022 2.4
      vertex 9.47646 11.5978 2.4
      vertex 9.84805 11.4716 2.4
    endloop
  endfacet
  facet normal -0 0 1
    outer loop
      vertex 9.09158 54.7257 2.4
      vertex 9.47646 11.5978 2.4
      vertex 9.47646 54.8022 2.4
    endloop
  endfacet
  facet normal 0 0 1
    outer loop
      vertex 9.09158 54.7257 2.4
      vertex 9.09158 11.6743 2.4
      vertex 9.47646 11.5978 2.4
    endloop
  endfacet
  facet normal -0 0 1
    outer loop
      vertex 8.7 54.7 2.4
      vertex 9.09158 11.6743 2.4
      vertex 9.09158 54.7257 2.4
    endloop
  endfacet
  facet normal 0 0 1
    outer loop
      vertex 8.7 54.7 2.4
      vertex 8.7 11.7 2.4
      vertex 9.09158 11.6743 2.4
    endloop
  endfacet
  facet normal 0 0 1
    outer loop
      vertex 8.30842 54.7257 2.4
      vertex 8.7 11.7 2.4
      vertex 8.7 54.7 2.4
    endloop
  endfacet
  facet normal 0 0 1
    outer loop
      vertex 8.30842 54.7257 2.4
      vertex 8.30842 11.6743 2.4
      vertex 8.7 11.7 2.4
    endloop
  endfacet
  facet normal 0 0 1
    outer loop
      vertex 7.92354 54.8022 2.4
      vertex 8.30842 11.6743 2.4
      vertex 8.30842 54.7257 2.4
    endloop
  endfacet
  facet normal 0 0 1
    outer loop
      vertex 7.92354 54.8022 2.4
      vertex 7.92354 11.5978 2.4
      vertex 8.30842 11.6743 2.4
    endloop
  endfacet
  facet normal 0 0 1
    outer loop
      vertex 7.55195 54.9284 2.4
      vertex 7.92354 11.5978 2.4
      vertex 7.92354 54.8022 2.4
    endloop
  endfacet
  facet normal 0 0 1
    outer loop
      vertex 7.55195 54.9284 2.4
      vertex 7.55195 11.4716 2.4
      vertex 7.92354 11.5978 2.4
    endloop
  endfacet
  facet normal 0 0 1
    outer loop
      vertex 7.2 55.1019 2.4
      vertex 7.55195 11.4716 2.4
      vertex 7.55195 54.9284 2.4
    endloop
  endfacet
  facet normal 0 0 1
    outer loop
      vertex 7.2 55.1019 2.4
      vertex 7.2 11.2981 2.4
      vertex 7.55195 11.4716 2.4
    endloop
  endfacet
  facet normal 0 0 1
    outer loop
      vertex 6.87372 55.3199 2.4
      vertex 7.2 11.2981 2.4
      vertex 7.2 55.1019 2.4
    endloop
  endfacet
  facet normal 0 0 1
    outer loop
      vertex 6.87372 55.3199 2.4
      vertex 6.87372 11.0801 2.4
      vertex 7.2 11.2981 2.4
    endloop
  endfacet
  facet normal 0 0 1
    outer loop
      vertex 6.57868 55.5787 2.4
      vertex 6.87372 11.0801 2.4
      vertex 6.87372 55.3199 2.4
    endloop
  endfacet
  facet normal 0 0 1
    outer loop
      vertex 6.57868 55.5787 2.4
      vertex 6.57868 10.8213 2.4
      vertex 6.87372 11.0801 2.4
    endloop
  endfacet
  facet normal 0 0 1
    outer loop
      vertex 6.31994 55.8737 2.4
      vertex 6.57868 10.8213 2.4
      vertex 6.57868 55.5787 2.4
    endloop
  endfacet
  facet normal 0 0 1
    outer loop
      vertex 6.31994 55.8737 2.4
      vertex 6.31994 10.5263 2.4
      vertex 6.57868 10.8213 2.4
    endloop
  endfacet
  facet normal 0 0 1
    outer loop
      vertex 6.10192 56.2 2.4
      vertex 6.31994 10.5263 2.4
      vertex 6.31994 55.8737 2.4
    endloop
  endfacet
  facet normal 0 0 1
    outer loop
      vertex 6.10192 56.2 2.4
      vertex 6.10192 10.2 2.4
      vertex 6.31994 10.5263 2.4
    endloop
  endfacet
  facet normal 0 0 1
    outer loop
      vertex 5.92836 56.5519 2.4
      vertex 6.10192 10.2 2.4
      vertex 6.10192 56.2 2.4
    endloop
  endfacet
  facet normal 0 0 1
    outer loop
      vertex 5.92836 56.5519 2.4
      vertex 5.92836 9.84805 2.4
      vertex 6.10192 10.2 2.4
    endloop
  endfacet
  facet normal 0 0 1
    outer loop
      vertex 2.2 64.2 2.4
      vertex 5.92836 56.5519 2.4
      vertex 5.80222 56.9235 2.4
    endloop
  endfacet
  facet normal 0 0 1
    outer loop
      vertex 5.92836 56.5519 2.4
      vertex 2.2 64.2 2.4
      vertex 5.92836 9.84805 2.4
    endloop
  endfacet
  facet normal 0 0 1
    outer loop
      vertex 2.2 64.2 2.4
      vertex 5.80222 56.9235 2.4
      vertex 5.72567 57.3084 2.4
    endloop
  endfacet
  facet normal 0 0 1
    outer loop
      vertex 2.2 2.2 2.4
      vertex 5.92836 9.84805 2.4
      vertex 2.2 64.2 2.4
    endloop
  endfacet
  facet normal 0 0 1
    outer loop
      vertex 2.2 64.2 2.4
      vertex 5.72567 57.3084 2.4
      vertex 5.7 57.7 2.4
    endloop
  endfacet
  facet normal 0 0 1
    outer loop
      vertex 5.92836 9.84805 2.4
      vertex 2.2 2.2 2.4
      vertex 5.80222 9.47646 2.4
    endloop
  endfacet
  facet normal 0 0 1
    outer loop
      vertex 63.7 8.7 2.4
      vertex 49.6786 8.52631 2.4
      vertex 49.7 8.2 2.4
    endloop
  endfacet
  facet normal 0 0 1
    outer loop
      vertex 54.7 16.2 2.4
      vertex 49.6148 8.84705 2.4
      vertex 49.6786 8.52631 2.4
    endloop
  endfacet
  facet normal 0 0 1
    outer loop
      vertex 54.7 16.2 2.4
      vertex 49.5097 9.15671 2.4
      vertex 49.6148 8.84705 2.4
    endloop
  endfacet
  facet normal 0 0 1
    outer loop
      vertex 54.7 16.2 2.4
      vertex 49.3651 9.45 2.4
      vertex 49.5097 9.15671 2.4
    endloop
  endfacet
  facet normal 0 0 1
    outer loop
      vertex 54.7 16.2 2.4
      vertex 49.1834 9.7219 2.4
      vertex 49.3651 9.45 2.4
    endloop
  endfacet
  facet normal 0 0 1
    outer loop
      vertex 54.7 16.2 2.4
      vertex 48.9678 9.96777 2.4
      vertex 49.1834 9.7219 2.4
    endloop
  endfacet
  facet normal 0 0 1
    outer loop
      vertex 54.7 16.2 2.4
      vertex 48.7219 10.1834 2.4
      vertex 48.9678 9.96777 2.4
    endloop
  endfacet
  facet normal 0 0 1
    outer loop
      vertex 54.7 16.2 2.4
      vertex 48.45 10.3651 2.4
      vertex 48.7219 10.1834 2.4
    endloop
  endfacet
  facet normal 0 0 1
    outer loop
      vertex 54.7 16.2 2.4
      vertex 48.1567 10.5097 2.4
      vertex 48.45 10.3651 2.4
    endloop
  endfacet
  facet normal 0 0 1
    outer loop
      vertex 54.7 16.2 2.4
      vertex 47.847 10.6148 2.4
      vertex 48.1567 10.5097 2.4
    endloop
  endfacet
  facet normal 0 0 1
    outer loop
      vertex 54.7 16.2 2.4
      vertex 47.5263 10.6786 2.4
      vertex 47.847 10.6148 2.4
    endloop
  endfacet
  facet normal 0 0 1
    outer loop
      vertex 54.7 16.2 2.4
      vertex 47.2 10.7 2.4
      vertex 47.5263 10.6786 2.4
    endloop
  endfacet
  facet normal -0 0 1
    outer loop
      vertex 40.7 16.2 2.4
      vertex 47.2 10.7 2.4
      vertex 54.7 16.2 2.4
    endloop
  endfacet
  facet normal 0 0 1
    outer loop
      vertex 47.2 10.7 2.4
      vertex 40.7 16.2 2.4
      vertex 46.8737 10.6786 2.4
    endloop
  endfacet
  facet normal 0 0 1
    outer loop
      vertex 46.8737 10.6786 2.4
      vertex 40.7 16.2 2.4
      vertex 46.553 10.6148 2.4
    endloop
  endfacet
  facet normal 0 0 1
    outer loop
      vertex 46.553 10.6148 2.4
      vertex 40.7 16.2 2.4
      vertex 46.2433 10.5097 2.4
    endloop
  endfacet
  facet normal 0 0 1
    outer loop
      vertex 44.7214 8.52631 2.4
      vertex 40.7 16.2 2.4
      vertex 44.7 8.2 2.4
    endloop
  endfacet
  facet normal 0 0 1
    outer loop
      vertex 44.7852 8.84705 2.4
      vertex 40.7 16.2 2.4
      vertex 44.7214 8.52631 2.4
    endloop
  endfacet
  facet normal 0 0 1
    outer loop
      vertex 44.8903 9.15671 2.4
      vertex 40.7 16.2 2.4
      vertex 44.7852 8.84705 2.4
    endloop
  endfacet
  facet normal 0 0 1
    outer loop
      vertex 45.0349 9.45 2.4
      vertex 40.7 16.2 2.4
      vertex 44.8903 9.15671 2.4
    endloop
  endfacet
  facet normal 0 0 1
    outer loop
      vertex 45.2166 9.7219 2.4
      vertex 40.7 16.2 2.4
      vertex 45.0349 9.45 2.4
    endloop
  endfacet
  facet normal 0 0 1
    outer loop
      vertex 45.4322 9.96777 2.4
      vertex 40.7 16.2 2.4
      vertex 45.2166 9.7219 2.4
    endloop
  endfacet
  facet normal 0 0 1
    outer loop
      vertex 45.6781 10.1834 2.4
      vertex 40.7 16.2 2.4
      vertex 45.4322 9.96777 2.4
    endloop
  endfacet
  facet normal 0 0 1
    outer loop
      vertex 45.95 10.3651 2.4
      vertex 40.7 16.2 2.4
      vertex 45.6781 10.1834 2.4
    endloop
  endfacet
  facet normal 0 0 1
    outer loop
      vertex 46.2433 10.5097 2.4
      vertex 40.7 16.2 2.4
      vertex 45.95 10.3651 2.4
    endloop
  endfacet
  facet normal 0 0 1
    outer loop
      vertex 76.7 30.2 2.4
      vertex 49.7 30.2 2.4
      vertex 54.7 20.2 2.4
    endloop
  endfacet
  facet normal 0 0 1
    outer loop
      vertex 76.7852 30.847 2.4
      vertex 49.6786 30.5263 2.4
      vertex 49.7 30.2 2.4
    endloop
  endfacet
  facet normal 0 0 1
    outer loop
      vertex 76.7852 30.847 2.4
      vertex 49.6148 30.847 2.4
      vertex 49.6786 30.5263 2.4
    endloop
  endfacet
  facet normal 0 0 1
    outer loop
      vertex 54.7 46.2 2.4
      vertex 49.5097 31.1567 2.4
      vertex 49.6148 30.847 2.4
    endloop
  endfacet
  facet normal 0 0 1
    outer loop
      vertex 54.7 46.2 2.4
      vertex 49.3651 31.45 2.4
      vertex 49.5097 31.1567 2.4
    endloop
  endfacet
  facet normal 0 0 1
    outer loop
      vertex 54.7 46.2 2.4
      vertex 49.1834 31.7219 2.4
      vertex 49.3651 31.45 2.4
    endloop
  endfacet
  facet normal 0 0 1
    outer loop
      vertex 54.7 46.2 2.4
      vertex 48.9678 31.9678 2.4
      vertex 49.1834 31.7219 2.4
    endloop
  endfacet
  facet normal 0 0 1
    outer loop
      vertex 54.7 46.2 2.4
      vertex 48.7219 32.1834 2.4
      vertex 48.9678 31.9678 2.4
    endloop
  endfacet
  facet normal 0 0 1
    outer loop
      vertex 54.7 46.2 2.4
      vertex 48.45 32.3651 2.4
      vertex 48.7219 32.1834 2.4
    endloop
  endfacet
  facet normal 0 0 1
    outer loop
      vertex 54.7 46.2 2.4
      vertex 48.1567 32.5097 2.4
      vertex 48.45 32.3651 2.4
    endloop
  endfacet
  facet normal 0 0 1
    outer loop
      vertex 54.7 46.2 2.4
      vertex 47.847 32.6148 2.4
      vertex 48.1567 32.5097 2.4
    endloop
  endfacet
  facet normal 0 0 1
    outer loop
      vertex 54.7 46.2 2.4
      vertex 47.5263 32.6786 2.4
      vertex 47.847 32.6148 2.4
    endloop
  endfacet
  facet normal 0 0 1
    outer loop
      vertex 54.7 46.2 2.4
      vertex 47.2 32.7 2.4
      vertex 47.5263 32.6786 2.4
    endloop
  endfacet
  facet normal -0 0 1
    outer loop
      vertex 40.7 46.2 2.4
      vertex 47.2 32.7 2.4
      vertex 54.7 46.2 2.4
    endloop
  endfacet
  facet normal 0 0 1
    outer loop
      vertex 47.2 32.7 2.4
      vertex 40.7 46.2 2.4
      vertex 46.8737 32.6786 2.4
    endloop
  endfacet
  facet normal 0 0 1
    outer loop
      vertex 46.8737 32.6786 2.4
      vertex 40.7 46.2 2.4
      vertex 46.553 32.6148 2.4
    endloop
  endfacet
  facet normal 0 0 1
    outer loop
      vertex 46.553 32.6148 2.4
      vertex 40.7 46.2 2.4
      vertex 46.2433 32.5097 2.4
    endloop
  endfacet
  facet normal 0 0 1
    outer loop
      vertex 46.2433 32.5097 2.4
      vertex 40.7 46.2 2.4
      vertex 45.95 32.3651 2.4
    endloop
  endfacet
  facet normal 0 0 1
    outer loop
      vertex 45.95 32.3651 2.4
      vertex 40.7 46.2 2.4
      vertex 45.6781 32.1834 2.4
    endloop
  endfacet
  facet normal 0 0 1
    outer loop
      vertex 45.6781 32.1834 2.4
      vertex 40.7 46.2 2.4
      vertex 45.4322 31.9678 2.4
    endloop
  endfacet
  facet normal 0 0 1
    outer loop
      vertex 45.4322 31.9678 2.4
      vertex 40.7 46.2 2.4
      vertex 45.2166 31.7219 2.4
    endloop
  endfacet
  facet normal 0 0 1
    outer loop
      vertex 40.7 20.2 2.4
      vertex 44.7214 30.5263 2.4
      vertex 40.7 46.2 2.4
    endloop
  endfacet
  facet normal 0 0 1
    outer loop
      vertex 44.7852 30.847 2.4
      vertex 40.7 46.2 2.4
      vertex 44.7214 30.5263 2.4
    endloop
  endfacet
  facet normal 0 0 1
    outer loop
      vertex 44.8903 31.1567 2.4
      vertex 40.7 46.2 2.4
      vertex 44.7852 30.847 2.4
    endloop
  endfacet
  facet normal 0 0 1
    outer loop
      vertex 45.0349 31.45 2.4
      vertex 40.7 46.2 2.4
      vertex 44.8903 31.1567 2.4
    endloop
  endfacet
  facet normal 0 0 1
    outer loop
      vertex 45.2166 31.7219 2.4
      vertex 40.7 46.2 2.4
      vertex 45.0349 31.45 2.4
    endloop
  endfacet
  facet normal -0 0 1
    outer loop
      vertex 67.4765 54.8022 2.4
      vertex 77.95 32.3651 2.4
      vertex 67.8481 54.9284 2.4
    endloop
  endfacet
  facet normal 0 0 1
    outer loop
      vertex 76.7 30.2 2.4
      vertex 69.6743 9.09158 2.4
      vertex 69.7 8.7 2.4
    endloop
  endfacet
  facet normal 0 0 1
    outer loop
      vertex 77.95 32.3651 2.4
      vertex 67.4765 54.8022 2.4
      vertex 77.6781 32.1834 2.4
    endloop
  endfacet
  facet normal 0 0 1
    outer loop
      vertex 76.7 30.2 2.4
      vertex 69.5978 9.47646 2.4
      vertex 69.6743 9.09158 2.4
    endloop
  endfacet
  facet normal -0 0 1
    outer loop
      vertex 67.0916 54.7257 2.4
      vertex 77.6781 32.1834 2.4
      vertex 67.4765 54.8022 2.4
    endloop
  endfacet
  facet normal 0 0 1
    outer loop
      vertex 76.7 30.2 2.4
      vertex 69.4716 9.84805 2.4
      vertex 69.5978 9.47646 2.4
    endloop
  endfacet
  facet normal 0 0 1
    outer loop
      vertex 77.6781 32.1834 2.4
      vertex 67.0916 54.7257 2.4
      vertex 77.4322 31.9678 2.4
    endloop
  endfacet
  facet normal 0 0 1
    outer loop
      vertex 76.7 30.2 2.4
      vertex 69.2981 10.2 2.4
      vertex 69.4716 9.84805 2.4
    endloop
  endfacet
  facet normal -0 0 1
    outer loop
      vertex 66.7 54.7 2.4
      vertex 77.4322 31.9678 2.4
      vertex 67.0916 54.7257 2.4
    endloop
  endfacet
  facet normal 0 0 1
    outer loop
      vertex 76.7 30.2 2.4
      vertex 69.0801 10.5263 2.4
      vertex 69.2981 10.2 2.4
    endloop
  endfacet
  facet normal -0 0 1
    outer loop
      vertex 54.7 46.2 2.4
      vertex 77.4322 31.9678 2.4
      vertex 66.7 54.7 2.4
    endloop
  endfacet
  facet normal 0 0 1
    outer loop
      vertex 76.7 30.2 2.4
      vertex 68.8213 10.8213 2.4
      vertex 69.0801 10.5263 2.4
    endloop
  endfacet
  facet normal 0 0 1
    outer loop
      vertex 77.4322 31.9678 2.4
      vertex 54.7 46.2 2.4
      vertex 77.2166 31.7219 2.4
    endloop
  endfacet
  facet normal 0 0 1
    outer loop
      vertex 76.7 30.2 2.4
      vertex 68.5263 11.0801 2.4
      vertex 68.8213 10.8213 2.4
    endloop
  endfacet
  facet normal 0 0 1
    outer loop
      vertex 77.2166 31.7219 2.4
      vertex 54.7 46.2 2.4
      vertex 77.0349 31.45 2.4
    endloop
  endfacet
  facet normal 0 0 1
    outer loop
      vertex 76.7 30.2 2.4
      vertex 68.2 11.2981 2.4
      vertex 68.5263 11.0801 2.4
    endloop
  endfacet
  facet normal 0 0 1
    outer loop
      vertex 77.0349 31.45 2.4
      vertex 54.7 46.2 2.4
      vertex 76.8903 31.1567 2.4
    endloop
  endfacet
  facet normal 0 0 1
    outer loop
      vertex 76.7 30.2 2.4
      vertex 67.8481 11.4716 2.4
      vertex 68.2 11.2981 2.4
    endloop
  endfacet
  facet normal 0 0 1
    outer loop
      vertex 76.8903 31.1567 2.4
      vertex 54.7 46.2 2.4
      vertex 76.7852 30.847 2.4
    endloop
  endfacet
  facet normal 0 0 1
    outer loop
      vertex 76.7 30.2 2.4
      vertex 67.4765 11.5978 2.4
      vertex 67.8481 11.4716 2.4
    endloop
  endfacet
  facet normal 0 0 1
    outer loop
      vertex 49.6148 30.847 2.4
      vertex 76.7852 30.847 2.4
      vertex 54.7 46.2 2.4
    endloop
  endfacet
  facet normal 0 0 1
    outer loop
      vertex 49.7 30.2 2.4
      vertex 76.7 30.2 2.4
      vertex 76.7214 30.5263 2.4
    endloop
  endfacet
  facet normal 0 0 1
    outer loop
      vertex 76.7852 30.847 2.4
      vertex 49.7 30.2 2.4
      vertex 76.7214 30.5263 2.4
    endloop
  endfacet
  facet normal 0 -0 1
    outer loop
      vertex 66.7 11.7 2.4
      vertex 76.7 30.2 2.4
      vertex 54.7 20.2 2.4
    endloop
  endfacet
  facet normal 0 0 1
    outer loop
      vertex 54.7 46.2 2.4
      vertex 66.7 54.7 2.4
      vertex 66.3084 54.7257 2.4
    endloop
  endfacet
  facet normal 0 0 1
    outer loop
      vertex 76.7 30.2 2.4
      vertex 67.0916 11.6743 2.4
      vertex 67.4765 11.5978 2.4
    endloop
  endfacet
  facet normal 0 0 1
    outer loop
      vertex 54.7 46.2 2.4
      vertex 66.3084 54.7257 2.4
      vertex 65.9235 54.8022 2.4
    endloop
  endfacet
  facet normal 0 0 1
    outer loop
      vertex 76.7 30.2 2.4
      vertex 66.7 11.7 2.4
      vertex 67.0916 11.6743 2.4
    endloop
  endfacet
  facet normal 0 0 1
    outer loop
      vertex 54.7 46.2 2.4
      vertex 65.9235 54.8022 2.4
      vertex 65.5519 54.9284 2.4
    endloop
  endfacet
  facet normal 0 0 1
    outer loop
      vertex 66.7 11.7 2.4
      vertex 54.7 20.2 2.4
      vertex 66.3084 11.6743 2.4
    endloop
  endfacet
  facet normal 0 0 1
    outer loop
      vertex 54.7 46.2 2.4
      vertex 65.5519 54.9284 2.4
      vertex 65.2 55.1019 2.4
    endloop
  endfacet
  facet normal 0 0 1
    outer loop
      vertex 66.3084 11.6743 2.4
      vertex 54.7 20.2 2.4
      vertex 65.9235 11.5978 2.4
    endloop
  endfacet
  facet normal 0 0 1
    outer loop
      vertex 54.7 50.2 2.4
      vertex 65.2 55.1019 2.4
      vertex 64.8737 55.3199 2.4
    endloop
  endfacet
  facet normal 0 0 1
    outer loop
      vertex 65.9235 11.5978 2.4
      vertex 54.7 20.2 2.4
      vertex 65.5519 11.4716 2.4
    endloop
  endfacet
  facet normal 0 0 1
    outer loop
      vertex 54.7 50.2 2.4
      vertex 64.8737 55.3199 2.4
      vertex 64.5787 55.5787 2.4
    endloop
  endfacet
  facet normal 0 0 1
    outer loop
      vertex 65.5519 11.4716 2.4
      vertex 54.7 20.2 2.4
      vertex 65.2 11.2981 2.4
    endloop
  endfacet
  facet normal 0 0 1
    outer loop
      vertex 54.7 50.2 2.4
      vertex 64.5787 55.5787 2.4
      vertex 64.3199 55.8737 2.4
    endloop
  endfacet
  facet normal -0 0 1
    outer loop
      vertex 54.7 16.2 2.4
      vertex 65.2 11.2981 2.4
      vertex 54.7 20.2 2.4
    endloop
  endfacet
  facet normal 0 0 1
    outer loop
      vertex 54.7 50.2 2.4
      vertex 64.3199 55.8737 2.4
      vertex 64.1019 56.2 2.4
    endloop
  endfacet
  facet normal 0 0 1
    outer loop
      vertex 65.2 11.2981 2.4
      vertex 54.7 16.2 2.4
      vertex 64.8737 11.0801 2.4
    endloop
  endfacet
  facet normal 0 0 1
    outer loop
      vertex 54.7 50.2 2.4
      vertex 64.1019 56.2 2.4
      vertex 63.9284 56.5519 2.4
    endloop
  endfacet
  facet normal 0 0 1
    outer loop
      vertex 64.8737 11.0801 2.4
      vertex 54.7 16.2 2.4
      vertex 64.5787 10.8213 2.4
    endloop
  endfacet
  facet normal 0 0 1
    outer loop
      vertex 54.7 50.2 2.4
      vertex 63.9284 56.5519 2.4
      vertex 63.8022 56.9235 2.4
    endloop
  endfacet
  facet normal 0 0 1
    outer loop
      vertex 64.5787 10.8213 2.4
      vertex 54.7 16.2 2.4
      vertex 64.3199 10.5263 2.4
    endloop
  endfacet
  facet normal 0 0 1
    outer loop
      vertex 54.7 50.2 2.4
      vertex 63.8022 56.9235 2.4
      vertex 63.7257 57.3084 2.4
    endloop
  endfacet
  facet normal 0 0 1
    outer loop
      vertex 64.3199 10.5263 2.4
      vertex 54.7 16.2 2.4
      vertex 64.1019 10.2 2.4
    endloop
  endfacet
  facet normal 0 0 1
    outer loop
      vertex 54.7 50.2 2.4
      vertex 63.7257 57.3084 2.4
      vertex 63.7 57.7 2.4
    endloop
  endfacet
  facet normal 0 0 1
    outer loop
      vertex 64.1019 10.2 2.4
      vertex 54.7 16.2 2.4
      vertex 63.9284 9.84805 2.4
    endloop
  endfacet
  facet normal -0 0 1
    outer loop
      vertex 81.6148 29.553 2.4
      vertex 93.2 2.2 2.4
      vertex 81.6786 29.8737 2.4
    endloop
  endfacet
  facet normal 0 0 1
    outer loop
      vertex 93.2 2.2 2.4
      vertex 81.6786 8.52631 2.4
      vertex 81.7 8.2 2.4
    endloop
  endfacet
  facet normal -0 0 1
    outer loop
      vertex 81.5097 29.2433 2.4
      vertex 93.2 2.2 2.4
      vertex 81.6148 29.553 2.4
    endloop
  endfacet
  facet normal 0 0 1
    outer loop
      vertex 93.2 2.2 2.4
      vertex 81.6148 8.84705 2.4
      vertex 81.6786 8.52631 2.4
    endloop
  endfacet
  facet normal -0 0 1
    outer loop
      vertex 81.3651 28.95 2.4
      vertex 93.2 2.2 2.4
      vertex 81.5097 29.2433 2.4
    endloop
  endfacet
  facet normal 0 0 1
    outer loop
      vertex 93.2 2.2 2.4
      vertex 81.5097 9.15671 2.4
      vertex 81.6148 8.84705 2.4
    endloop
  endfacet
  facet normal -0 0 1
    outer loop
      vertex 81.3651 9.45 2.4
      vertex 93.2 2.2 2.4
      vertex 81.3651 28.95 2.4
    endloop
  endfacet
  facet normal 0 0 1
    outer loop
      vertex 93.2 2.2 2.4
      vertex 81.3651 9.45 2.4
      vertex 81.5097 9.15671 2.4
    endloop
  endfacet
  facet normal -0 0 1
    outer loop
      vertex 81.1834 28.6781 2.4
      vertex 81.3651 9.45 2.4
      vertex 81.3651 28.95 2.4
    endloop
  endfacet
  facet normal 0 0 1
    outer loop
      vertex 81.1834 28.6781 2.4
      vertex 81.1834 9.7219 2.4
      vertex 81.3651 9.45 2.4
    endloop
  endfacet
  facet normal -0 0 1
    outer loop
      vertex 80.9678 28.4322 2.4
      vertex 81.1834 9.7219 2.4
      vertex 81.1834 28.6781 2.4
    endloop
  endfacet
  facet normal 0 0 1
    outer loop
      vertex 80.9678 28.4322 2.4
      vertex 80.9678 9.96777 2.4
      vertex 81.1834 9.7219 2.4
    endloop
  endfacet
  facet normal -0 0 1
    outer loop
      vertex 80.7219 28.2166 2.4
      vertex 80.9678 9.96777 2.4
      vertex 80.9678 28.4322 2.4
    endloop
  endfacet
  facet normal 0 0 1
    outer loop
      vertex 80.7219 28.2166 2.4
      vertex 80.7219 10.1834 2.4
      vertex 80.9678 9.96777 2.4
    endloop
  endfacet
  facet normal -0 0 1
    outer loop
      vertex 80.45 28.0349 2.4
      vertex 80.7219 10.1834 2.4
      vertex 80.7219 28.2166 2.4
    endloop
  endfacet
  facet normal 0 0 1
    outer loop
      vertex 80.45 28.0349 2.4
      vertex 80.45 10.3651 2.4
      vertex 80.7219 10.1834 2.4
    endloop
  endfacet
  facet normal -0 0 1
    outer loop
      vertex 80.1567 27.8903 2.4
      vertex 80.45 10.3651 2.4
      vertex 80.45 28.0349 2.4
    endloop
  endfacet
  facet normal 0 0 1
    outer loop
      vertex 80.1567 27.8903 2.4
      vertex 80.1567 10.5097 2.4
      vertex 80.45 10.3651 2.4
    endloop
  endfacet
  facet normal -0 0 1
    outer loop
      vertex 79.847 27.7852 2.4
      vertex 80.1567 10.5097 2.4
      vertex 80.1567 27.8903 2.4
    endloop
  endfacet
  facet normal 0 0 1
    outer loop
      vertex 79.847 27.7852 2.4
      vertex 79.847 10.6148 2.4
      vertex 80.1567 10.5097 2.4
    endloop
  endfacet
  facet normal -0 0 1
    outer loop
      vertex 79.5263 27.7214 2.4
      vertex 79.847 10.6148 2.4
      vertex 79.847 27.7852 2.4
    endloop
  endfacet
  facet normal 0 0 1
    outer loop
      vertex 79.5263 27.7214 2.4
      vertex 79.5263 10.6786 2.4
      vertex 79.847 10.6148 2.4
    endloop
  endfacet
  facet normal -0 0 1
    outer loop
      vertex 79.2 27.7 2.4
      vertex 79.5263 10.6786 2.4
      vertex 79.5263 27.7214 2.4
    endloop
  endfacet
  facet normal 0 0 1
    outer loop
      vertex 79.2 27.7 2.4
      vertex 79.2 10.7 2.4
      vertex 79.5263 10.6786 2.4
    endloop
  endfacet
  facet normal 0 0 1
    outer loop
      vertex 78.8737 27.7214 2.4
      vertex 79.2 10.7 2.4
      vertex 79.2 27.7 2.4
    endloop
  endfacet
  facet normal 0 0 1
    outer loop
      vertex 78.8737 27.7214 2.4
      vertex 78.8737 10.6786 2.4
      vertex 79.2 10.7 2.4
    endloop
  endfacet
  facet normal 0 0 1
    outer loop
      vertex 78.5529 27.7852 2.4
      vertex 78.8737 10.6786 2.4
      vertex 78.8737 27.7214 2.4
    endloop
  endfacet
  facet normal 0 0 1
    outer loop
      vertex 78.5529 27.7852 2.4
      vertex 78.5529 10.6148 2.4
      vertex 78.8737 10.6786 2.4
    endloop
  endfacet
  facet normal 0 0 1
    outer loop
      vertex 78.2433 27.8903 2.4
      vertex 78.5529 10.6148 2.4
      vertex 78.5529 27.7852 2.4
    endloop
  endfacet
  facet normal 0 0 1
    outer loop
      vertex 78.2433 27.8903 2.4
      vertex 78.2433 10.5097 2.4
      vertex 78.5529 10.6148 2.4
    endloop
  endfacet
  facet normal 0 0 1
    outer loop
      vertex 77.95 28.0349 2.4
      vertex 78.2433 10.5097 2.4
      vertex 78.2433 27.8903 2.4
    endloop
  endfacet
  facet normal 0 0 1
    outer loop
      vertex 77.95 28.0349 2.4
      vertex 77.95 10.3651 2.4
      vertex 78.2433 10.5097 2.4
    endloop
  endfacet
  facet normal 0 0 1
    outer loop
      vertex 77.6781 28.2166 2.4
      vertex 77.95 10.3651 2.4
      vertex 77.95 28.0349 2.4
    endloop
  endfacet
  facet normal 0 0 1
    outer loop
      vertex 77.6781 28.2166 2.4
      vertex 77.6781 10.1834 2.4
      vertex 77.95 10.3651 2.4
    endloop
  endfacet
  facet normal 0 0 1
    outer loop
      vertex 69.7 8.7 2.4
      vertex 77.6781 28.2166 2.4
      vertex 77.4322 28.4322 2.4
    endloop
  endfacet
  facet normal 0 0 1
    outer loop
      vertex 77.6781 28.2166 2.4
      vertex 69.7 8.7 2.4
      vertex 77.6781 10.1834 2.4
    endloop
  endfacet
  facet normal 0 0 1
    outer loop
      vertex 69.7 8.7 2.4
      vertex 77.4322 28.4322 2.4
      vertex 77.2166 28.6781 2.4
    endloop
  endfacet
  facet normal 0 0 1
    outer loop
      vertex 77.6781 10.1834 2.4
      vertex 69.7 8.7 2.4
      vertex 77.4322 9.96777 2.4
    endloop
  endfacet
  facet normal 0 0 1
    outer loop
      vertex 69.7 8.7 2.4
      vertex 77.2166 28.6781 2.4
      vertex 77.0349 28.95 2.4
    endloop
  endfacet
  facet normal 0 0 1
    outer loop
      vertex 77.4322 9.96777 2.4
      vertex 69.7 8.7 2.4
      vertex 77.2166 9.7219 2.4
    endloop
  endfacet
  facet normal 0 0 1
    outer loop
      vertex 69.7 8.7 2.4
      vertex 77.0349 28.95 2.4
      vertex 76.8903 29.2433 2.4
    endloop
  endfacet
  facet normal 0 0 1
    outer loop
      vertex 77.2166 9.7219 2.4
      vertex 69.7 8.7 2.4
      vertex 77.0349 9.45 2.4
    endloop
  endfacet
  facet normal 0 0 1
    outer loop
      vertex 69.7 8.7 2.4
      vertex 76.8903 29.2433 2.4
      vertex 76.7852 29.553 2.4
    endloop
  endfacet
  facet normal 0 0 1
    outer loop
      vertex 77.0349 9.45 2.4
      vertex 69.7 8.7 2.4
      vertex 76.8903 9.15671 2.4
    endloop
  endfacet
  facet normal 0 0 1
    outer loop
      vertex 69.7 8.7 2.4
      vertex 76.7852 29.553 2.4
      vertex 76.7214 29.8737 2.4
    endloop
  endfacet
  facet normal 0 0 1
    outer loop
      vertex 76.8903 9.15671 2.4
      vertex 69.7 8.7 2.4
      vertex 76.7852 8.84705 2.4
    endloop
  endfacet
  facet normal 0 0 1
    outer loop
      vertex 69.7 8.7 2.4
      vertex 76.7214 29.8737 2.4
      vertex 76.7 30.2 2.4
    endloop
  endfacet
  facet normal 0 0 1
    outer loop
      vertex 76.7852 8.84705 2.4
      vertex 69.7 8.7 2.4
      vertex 76.7214 8.52631 2.4
    endloop
  endfacet
  facet normal 0 0 1
    outer loop
      vertex 93.2 64.2 2.4
      vertex 81.7 30.2 2.4
      vertex 93.2 2.2 2.4
    endloop
  endfacet
  facet normal 0 0 1
    outer loop
      vertex 93.2 64.2 2.4
      vertex 81.6786 30.5263 2.4
      vertex 81.7 30.2 2.4
    endloop
  endfacet
  facet normal 0 0 1
    outer loop
      vertex 93.2 64.2 2.4
      vertex 81.6148 30.847 2.4
      vertex 81.6786 30.5263 2.4
    endloop
  endfacet
  facet normal 0 0 1
    outer loop
      vertex 93.2 64.2 2.4
      vertex 81.5097 31.1567 2.4
      vertex 81.6148 30.847 2.4
    endloop
  endfacet
  facet normal 0 0 1
    outer loop
      vertex 93.2 64.2 2.4
      vertex 81.3651 31.45 2.4
      vertex 81.5097 31.1567 2.4
    endloop
  endfacet
  facet normal 0 0 1
    outer loop
      vertex 93.2 64.2 2.4
      vertex 81.1834 31.7219 2.4
      vertex 81.3651 31.45 2.4
    endloop
  endfacet
  facet normal 0 0 1
    outer loop
      vertex 93.2 64.2 2.4
      vertex 80.9678 31.9678 2.4
      vertex 81.1834 31.7219 2.4
    endloop
  endfacet
  facet normal 0 0 1
    outer loop
      vertex 93.2 64.2 2.4
      vertex 80.7219 32.1834 2.4
      vertex 80.9678 31.9678 2.4
    endloop
  endfacet
  facet normal 0 0 1
    outer loop
      vertex 93.2 64.2 2.4
      vertex 80.45 32.3651 2.4
      vertex 80.7219 32.1834 2.4
    endloop
  endfacet
  facet normal 0 0 1
    outer loop
      vertex 93.2 64.2 2.4
      vertex 80.1567 32.5097 2.4
      vertex 80.45 32.3651 2.4
    endloop
  endfacet
  facet normal 0 0 1
    outer loop
      vertex 93.2 64.2 2.4
      vertex 79.847 32.6148 2.4
      vertex 80.1567 32.5097 2.4
    endloop
  endfacet
  facet normal 0 0 1
    outer loop
      vertex 69.6743 57.3084 2.4
      vertex 93.2 64.2 2.4
      vertex 69.7 57.7 2.4
    endloop
  endfacet
  facet normal 0 0 1
    outer loop
      vertex 69.5978 56.9235 2.4
      vertex 93.2 64.2 2.4
      vertex 69.6743 57.3084 2.4
    endloop
  endfacet
  facet normal 0 0 1
    outer loop
      vertex 69.4716 56.5519 2.4
      vertex 93.2 64.2 2.4
      vertex 69.5978 56.9235 2.4
    endloop
  endfacet
  facet normal 0 0 1
    outer loop
      vertex 93.2 64.2 2.4
      vertex 69.4716 56.5519 2.4
      vertex 79.847 32.6148 2.4
    endloop
  endfacet
  facet normal -0 0 1
    outer loop
      vertex 69.2981 56.2 2.4
      vertex 79.847 32.6148 2.4
      vertex 69.4716 56.5519 2.4
    endloop
  endfacet
  facet normal 0 0 1
    outer loop
      vertex 79.847 32.6148 2.4
      vertex 69.2981 56.2 2.4
      vertex 79.5263 32.6786 2.4
    endloop
  endfacet
  facet normal -0 0 1
    outer loop
      vertex 69.0801 55.8737 2.4
      vertex 79.5263 32.6786 2.4
      vertex 69.2981 56.2 2.4
    endloop
  endfacet
  facet normal 0 0 1
    outer loop
      vertex 79.5263 32.6786 2.4
      vertex 69.0801 55.8737 2.4
      vertex 79.2 32.7 2.4
    endloop
  endfacet
  facet normal -0 0 1
    outer loop
      vertex 68.8213 55.5787 2.4
      vertex 79.2 32.7 2.4
      vertex 69.0801 55.8737 2.4
    endloop
  endfacet
  facet normal 0 0 1
    outer loop
      vertex 79.2 32.7 2.4
      vertex 68.8213 55.5787 2.4
      vertex 78.8737 32.6786 2.4
    endloop
  endfacet
  facet normal 0 0 1
    outer loop
      vertex 78.2433 32.5097 2.4
      vertex 67.8481 54.9284 2.4
      vertex 77.95 32.3651 2.4
    endloop
  endfacet
  facet normal -0 0 1
    outer loop
      vertex 67.8481 54.9284 2.4
      vertex 78.2433 32.5097 2.4
      vertex 68.2 55.1019 2.4
    endloop
  endfacet
  facet normal 0 0 1
    outer loop
      vertex 78.5529 32.6148 2.4
      vertex 68.2 55.1019 2.4
      vertex 78.2433 32.5097 2.4
    endloop
  endfacet
  facet normal -0 0 1
    outer loop
      vertex 68.2 55.1019 2.4
      vertex 78.5529 32.6148 2.4
      vertex 68.5263 55.3199 2.4
    endloop
  endfacet
  facet normal 0 0 1
    outer loop
      vertex 78.8737 32.6786 2.4
      vertex 68.5263 55.3199 2.4
      vertex 78.5529 32.6148 2.4
    endloop
  endfacet
  facet normal -0 0 1
    outer loop
      vertex 68.5263 55.3199 2.4
      vertex 78.8737 32.6786 2.4
      vertex 68.8213 55.5787 2.4
    endloop
  endfacet
  facet normal 0 0 1
    outer loop
      vertex 93.2 64.2 2.4
      vertex 69.6743 58.0916 2.4
      vertex 69.7 57.7 2.4
    endloop
  endfacet
  facet normal 0 0 1
    outer loop
      vertex 93.2 64.2 2.4
      vertex 69.5978 58.4765 2.4
      vertex 69.6743 58.0916 2.4
    endloop
  endfacet
  facet normal 0 0 1
    outer loop
      vertex 93.2 64.2 2.4
      vertex 69.4716 58.848 2.4
      vertex 69.5978 58.4765 2.4
    endloop
  endfacet
  facet normal 0 0 1
    outer loop
      vertex 93.2 64.2 2.4
      vertex 69.2981 59.2 2.4
      vertex 69.4716 58.848 2.4
    endloop
  endfacet
  facet normal 0 0 1
    outer loop
      vertex 93.2 64.2 2.4
      vertex 69.0801 59.5263 2.4
      vertex 69.2981 59.2 2.4
    endloop
  endfacet
  facet normal 0 0 1
    outer loop
      vertex 93.2 64.2 2.4
      vertex 68.8213 59.8213 2.4
      vertex 69.0801 59.5263 2.4
    endloop
  endfacet
  facet normal 0 0 1
    outer loop
      vertex 93.2 64.2 2.4
      vertex 68.5263 60.0801 2.4
      vertex 68.8213 59.8213 2.4
    endloop
  endfacet
  facet normal 0 0 1
    outer loop
      vertex 93.2 64.2 2.4
      vertex 68.2 60.2981 2.4
      vertex 68.5263 60.0801 2.4
    endloop
  endfacet
  facet normal 0 0 1
    outer loop
      vertex 93.2 64.2 2.4
      vertex 67.8481 60.4716 2.4
      vertex 68.2 60.2981 2.4
    endloop
  endfacet
  facet normal 0 0 1
    outer loop
      vertex 93.2 64.2 2.4
      vertex 67.4765 60.5978 2.4
      vertex 67.8481 60.4716 2.4
    endloop
  endfacet
  facet normal 0 0 1
    outer loop
      vertex 93.2 64.2 2.4
      vertex 67.0916 60.6743 2.4
      vertex 67.4765 60.5978 2.4
    endloop
  endfacet
  facet normal 0 0 1
    outer loop
      vertex 93.2 64.2 2.4
      vertex 66.7 60.7 2.4
      vertex 67.0916 60.6743 2.4
    endloop
  endfacet
  facet normal 0 0 1
    outer loop
      vertex 93.2 64.2 2.4
      vertex 66.3084 60.6743 2.4
      vertex 66.7 60.7 2.4
    endloop
  endfacet
  facet normal 0 0 1
    outer loop
      vertex 65.2 55.1019 2.4
      vertex 54.7 50.2 2.4
      vertex 54.7 46.2 2.4
    endloop
  endfacet
  facet normal 0 0 1
    outer loop
      vertex 63.7257 58.0916 2.4
      vertex 54.7 50.2 2.4
      vertex 63.7 57.7 2.4
    endloop
  endfacet
  facet normal 0 0 1
    outer loop
      vertex 63.8022 58.4765 2.4
      vertex 54.7 50.2 2.4
      vertex 63.7257 58.0916 2.4
    endloop
  endfacet
  facet normal 0 0 1
    outer loop
      vertex 63.9284 58.848 2.4
      vertex 54.7 50.2 2.4
      vertex 63.8022 58.4765 2.4
    endloop
  endfacet
  facet normal 0 0 1
    outer loop
      vertex 64.1019 59.2 2.4
      vertex 54.7 50.2 2.4
      vertex 63.9284 58.848 2.4
    endloop
  endfacet
  facet normal 0 0 1
    outer loop
      vertex 40.7 50.2 2.4
      vertex 64.1019 59.2 2.4
      vertex 64.3199 59.5263 2.4
    endloop
  endfacet
  facet normal 0 0 1
    outer loop
      vertex 40.7 50.2 2.4
      vertex 64.3199 59.5263 2.4
      vertex 64.5787 59.8213 2.4
    endloop
  endfacet
  facet normal 0 0 1
    outer loop
      vertex 64.1019 59.2 2.4
      vertex 40.7 50.2 2.4
      vertex 54.7 50.2 2.4
    endloop
  endfacet
  facet normal 0 0 1
    outer loop
      vertex 64.8737 60.0801 2.4
      vertex 40.7 50.2 2.4
      vertex 64.5787 59.8213 2.4
    endloop
  endfacet
  facet normal 0 0 1
    outer loop
      vertex 10.5263 60.0801 2.4
      vertex 64.8737 60.0801 2.4
      vertex 65.2 60.2981 2.4
    endloop
  endfacet
  facet normal 0 0 1
    outer loop
      vertex 10.2 60.2981 2.4
      vertex 65.2 60.2981 2.4
      vertex 65.5519 60.4716 2.4
    endloop
  endfacet
  facet normal -0 0 1
    outer loop
      vertex 11.6743 57.3084 2.4
      vertex 40.7 50.2 2.4
      vertex 11.7 57.7 2.4
    endloop
  endfacet
  facet normal -0 0 1
    outer loop
      vertex 11.5978 56.9235 2.4
      vertex 40.7 50.2 2.4
      vertex 11.6743 57.3084 2.4
    endloop
  endfacet
  facet normal -0 0 1
    outer loop
      vertex 11.4716 56.5519 2.4
      vertex 40.7 50.2 2.4
      vertex 11.5978 56.9235 2.4
    endloop
  endfacet
  facet normal 0 0 1
    outer loop
      vertex 64.8737 60.0801 2.4
      vertex 10.5263 60.0801 2.4
      vertex 40.7 50.2 2.4
    endloop
  endfacet
  facet normal 0 0 1
    outer loop
      vertex 2.2 64.2 2.4
      vertex 65.5519 60.4716 2.4
      vertex 65.9235 60.5978 2.4
    endloop
  endfacet
  facet normal 0 0 1
    outer loop
      vertex 2.2 64.2 2.4
      vertex 65.9235 60.5978 2.4
      vertex 66.3084 60.6743 2.4
    endloop
  endfacet
  facet normal -0 0 1
    outer loop
      vertex 2.2 64.2 2.4
      vertex 66.3084 60.6743 2.4
      vertex 93.2 64.2 2.4
    endloop
  endfacet
  facet normal 0 0 1
    outer loop
      vertex 40.7 50.2 2.4
      vertex 11.6743 58.0916 2.4
      vertex 11.7 57.7 2.4
    endloop
  endfacet
  facet normal 0 0 1
    outer loop
      vertex 40.7 50.2 2.4
      vertex 11.5978 58.4765 2.4
      vertex 11.6743 58.0916 2.4
    endloop
  endfacet
  facet normal 0 0 1
    outer loop
      vertex 40.7 50.2 2.4
      vertex 11.4716 58.848 2.4
      vertex 11.5978 58.4765 2.4
    endloop
  endfacet
  facet normal 0 0 1
    outer loop
      vertex 40.7 50.2 2.4
      vertex 11.2981 59.2 2.4
      vertex 11.4716 58.848 2.4
    endloop
  endfacet
  facet normal 0 0 1
    outer loop
      vertex 40.7 50.2 2.4
      vertex 11.0801 59.5263 2.4
      vertex 11.2981 59.2 2.4
    endloop
  endfacet
  facet normal 0 0 1
    outer loop
      vertex 40.7 50.2 2.4
      vertex 10.8213 59.8213 2.4
      vertex 11.0801 59.5263 2.4
    endloop
  endfacet
  facet normal 0 0 1
    outer loop
      vertex 40.7 50.2 2.4
      vertex 10.5263 60.0801 2.4
      vertex 10.8213 59.8213 2.4
    endloop
  endfacet
  facet normal 0 0 1
    outer loop
      vertex 65.2 60.2981 2.4
      vertex 10.2 60.2981 2.4
      vertex 10.5263 60.0801 2.4
    endloop
  endfacet
  facet normal 0 0 1
    outer loop
      vertex 65.5519 60.4716 2.4
      vertex 9.84805 60.4716 2.4
      vertex 10.2 60.2981 2.4
    endloop
  endfacet
  facet normal 0 0 1
    outer loop
      vertex 65.5519 60.4716 2.4
      vertex 2.2 64.2 2.4
      vertex 9.84805 60.4716 2.4
    endloop
  endfacet
  facet normal 0 0 1
    outer loop
      vertex 9.84805 60.4716 2.4
      vertex 2.2 64.2 2.4
      vertex 9.47646 60.5978 2.4
    endloop
  endfacet
  facet normal 0 0 1
    outer loop
      vertex 9.47646 60.5978 2.4
      vertex 2.2 64.2 2.4
      vertex 9.09158 60.6743 2.4
    endloop
  endfacet
  facet normal 0 0 1
    outer loop
      vertex 5.80222 9.47646 2.4
      vertex 2.2 2.2 2.4
      vertex 5.72567 9.09158 2.4
    endloop
  endfacet
  facet normal 0 0 1
    outer loop
      vertex 5.72567 58.0916 2.4
      vertex 2.2 64.2 2.4
      vertex 5.7 57.7 2.4
    endloop
  endfacet
  facet normal 0 0 1
    outer loop
      vertex 5.80222 58.4765 2.4
      vertex 2.2 64.2 2.4
      vertex 5.72567 58.0916 2.4
    endloop
  endfacet
  facet normal 0 0 1
    outer loop
      vertex 5.92836 58.848 2.4
      vertex 2.2 64.2 2.4
      vertex 5.80222 58.4765 2.4
    endloop
  endfacet
  facet normal 0 0 1
    outer loop
      vertex 6.10192 59.2 2.4
      vertex 2.2 64.2 2.4
      vertex 5.92836 58.848 2.4
    endloop
  endfacet
  facet normal 0 0 1
    outer loop
      vertex 6.31994 59.5263 2.4
      vertex 2.2 64.2 2.4
      vertex 6.10192 59.2 2.4
    endloop
  endfacet
  facet normal 0 0 1
    outer loop
      vertex 6.57868 59.8213 2.4
      vertex 2.2 64.2 2.4
      vertex 6.31994 59.5263 2.4
    endloop
  endfacet
  facet normal 0 0 1
    outer loop
      vertex 6.87372 60.0801 2.4
      vertex 2.2 64.2 2.4
      vertex 6.57868 59.8213 2.4
    endloop
  endfacet
  facet normal 0 0 1
    outer loop
      vertex 7.2 60.2981 2.4
      vertex 2.2 64.2 2.4
      vertex 6.87372 60.0801 2.4
    endloop
  endfacet
  facet normal 0 0 1
    outer loop
      vertex 7.55195 60.4716 2.4
      vertex 2.2 64.2 2.4
      vertex 7.2 60.2981 2.4
    endloop
  endfacet
  facet normal 0 0 1
    outer loop
      vertex 7.92354 60.5978 2.4
      vertex 2.2 64.2 2.4
      vertex 7.55195 60.4716 2.4
    endloop
  endfacet
  facet normal 0 0 1
    outer loop
      vertex 8.30842 60.6743 2.4
      vertex 2.2 64.2 2.4
      vertex 7.92354 60.5978 2.4
    endloop
  endfacet
  facet normal 0 0 1
    outer loop
      vertex 8.7 60.7 2.4
      vertex 2.2 64.2 2.4
      vertex 8.30842 60.6743 2.4
    endloop
  endfacet
  facet normal 0 0 1
    outer loop
      vertex 9.09158 60.6743 2.4
      vertex 2.2 64.2 2.4
      vertex 8.7 60.7 2.4
    endloop
  endfacet
  facet normal -0 0 1
    outer loop
      vertex 81.6786 29.8737 2.4
      vertex 93.2 2.2 2.4
      vertex 81.7 30.2 2.4
    endloop
  endfacet
  facet normal -0 0 1
    outer loop
      vertex 81.6786 7.87368 2.4
      vertex 93.2 2.2 2.4
      vertex 81.7 8.2 2.4
    endloop
  endfacet
  facet normal -0 0 1
    outer loop
      vertex 81.6148 7.55295 2.4
      vertex 93.2 2.2 2.4
      vertex 81.6786 7.87368 2.4
    endloop
  endfacet
  facet normal -0 0 1
    outer loop
      vertex 81.5097 7.24329 2.4
      vertex 93.2 2.2 2.4
      vertex 81.6148 7.55295 2.4
    endloop
  endfacet
  facet normal -0 0 1
    outer loop
      vertex 81.3651 6.95 2.4
      vertex 93.2 2.2 2.4
      vertex 81.5097 7.24329 2.4
    endloop
  endfacet
  facet normal -0 0 1
    outer loop
      vertex 81.1834 6.6781 2.4
      vertex 93.2 2.2 2.4
      vertex 81.3651 6.95 2.4
    endloop
  endfacet
  facet normal -0 0 1
    outer loop
      vertex 80.9678 6.43223 2.4
      vertex 93.2 2.2 2.4
      vertex 81.1834 6.6781 2.4
    endloop
  endfacet
  facet normal -0 0 1
    outer loop
      vertex 80.7219 6.21662 2.4
      vertex 93.2 2.2 2.4
      vertex 80.9678 6.43223 2.4
    endloop
  endfacet
  facet normal -0 0 1
    outer loop
      vertex 80.45 6.03494 2.4
      vertex 93.2 2.2 2.4
      vertex 80.7219 6.21662 2.4
    endloop
  endfacet
  facet normal -0 0 1
    outer loop
      vertex 80.1567 5.8903 2.4
      vertex 93.2 2.2 2.4
      vertex 80.45 6.03494 2.4
    endloop
  endfacet
  facet normal -0 0 1
    outer loop
      vertex 79.847 5.78518 2.4
      vertex 93.2 2.2 2.4
      vertex 80.1567 5.8903 2.4
    endloop
  endfacet
  facet normal -0 0 1
    outer loop
      vertex 79.5263 5.72139 2.4
      vertex 93.2 2.2 2.4
      vertex 79.847 5.78518 2.4
    endloop
  endfacet
  facet normal -0 0 1
    outer loop
      vertex 79.2 5.7 2.4
      vertex 93.2 2.2 2.4
      vertex 79.5263 5.72139 2.4
    endloop
  endfacet
  facet normal 0 0 1
    outer loop
      vertex 78.8737 5.72139 2.4
      vertex 93.2 2.2 2.4
      vertex 79.2 5.7 2.4
    endloop
  endfacet
  facet normal -0 0 1
    outer loop
      vertex 67.0916 5.72567 2.4
      vertex 78.8737 5.72139 2.4
      vertex 78.5529 5.78518 2.4
    endloop
  endfacet
  facet normal 0 0 1
    outer loop
      vertex 76.7214 8.52631 2.4
      vertex 69.7 8.7 2.4
      vertex 76.7 8.2 2.4
    endloop
  endfacet
  facet normal -0 0 1
    outer loop
      vertex 69.6743 8.30842 2.4
      vertex 76.7 8.2 2.4
      vertex 69.7 8.7 2.4
    endloop
  endfacet
  facet normal 0 0 1
    outer loop
      vertex 76.7 8.2 2.4
      vertex 69.6743 8.30842 2.4
      vertex 76.7214 7.87368 2.4
    endloop
  endfacet
  facet normal -0 0 1
    outer loop
      vertex 69.5978 7.92354 2.4
      vertex 76.7214 7.87368 2.4
      vertex 69.6743 8.30842 2.4
    endloop
  endfacet
  facet normal 0 0 1
    outer loop
      vertex 76.7214 7.87368 2.4
      vertex 69.5978 7.92354 2.4
      vertex 76.7852 7.55295 2.4
    endloop
  endfacet
  facet normal 0 0 1
    outer loop
      vertex 69.4716 7.55195 2.4
      vertex 76.7852 7.55295 2.4
      vertex 69.5978 7.92354 2.4
    endloop
  endfacet
  facet normal 0 0 1
    outer loop
      vertex 76.7852 7.55295 2.4
      vertex 69.4716 7.55195 2.4
      vertex 76.8903 7.24329 2.4
    endloop
  endfacet
  facet normal 0 0 1
    outer loop
      vertex 69.2981 7.2 2.4
      vertex 76.8903 7.24329 2.4
      vertex 69.4716 7.55195 2.4
    endloop
  endfacet
  facet normal 0 0 1
    outer loop
      vertex 76.8903 7.24329 2.4
      vertex 69.2981 7.2 2.4
      vertex 77.0349 6.95 2.4
    endloop
  endfacet
  facet normal 0 0 1
    outer loop
      vertex 69.0801 6.87372 2.4
      vertex 77.0349 6.95 2.4
      vertex 69.2981 7.2 2.4
    endloop
  endfacet
  facet normal 0 0 1
    outer loop
      vertex 77.0349 6.95 2.4
      vertex 69.0801 6.87372 2.4
      vertex 77.2166 6.6781 2.4
    endloop
  endfacet
  facet normal 0 0 1
    outer loop
      vertex 68.8213 6.57868 2.4
      vertex 77.2166 6.6781 2.4
      vertex 69.0801 6.87372 2.4
    endloop
  endfacet
  facet normal 0 0 1
    outer loop
      vertex 77.2166 6.6781 2.4
      vertex 68.8213 6.57868 2.4
      vertex 77.4322 6.43223 2.4
    endloop
  endfacet
  facet normal 0 0 1
    outer loop
      vertex 68.5263 6.31994 2.4
      vertex 77.4322 6.43223 2.4
      vertex 68.8213 6.57868 2.4
    endloop
  endfacet
  facet normal 0 0 1
    outer loop
      vertex 77.4322 6.43223 2.4
      vertex 68.5263 6.31994 2.4
      vertex 77.6781 6.21662 2.4
    endloop
  endfacet
  facet normal 0 0 1
    outer loop
      vertex 68.2 6.10192 2.4
      vertex 77.6781 6.21662 2.4
      vertex 68.5263 6.31994 2.4
    endloop
  endfacet
  facet normal 0 0 1
    outer loop
      vertex 77.6781 6.21662 2.4
      vertex 68.2 6.10192 2.4
      vertex 77.95 6.03494 2.4
    endloop
  endfacet
  facet normal 0 0 1
    outer loop
      vertex 67.8481 5.92836 2.4
      vertex 77.95 6.03494 2.4
      vertex 68.2 6.10192 2.4
    endloop
  endfacet
  facet normal 0 0 1
    outer loop
      vertex 77.95 6.03494 2.4
      vertex 67.8481 5.92836 2.4
      vertex 78.2433 5.8903 2.4
    endloop
  endfacet
  facet normal 0 0 1
    outer loop
      vertex 78.2433 5.8903 2.4
      vertex 67.8481 5.92836 2.4
      vertex 78.5529 5.78518 2.4
    endloop
  endfacet
  facet normal -0 0 1
    outer loop
      vertex 67.4765 5.80222 2.4
      vertex 78.5529 5.78518 2.4
      vertex 67.8481 5.92836 2.4
    endloop
  endfacet
  facet normal 0 0 1
    outer loop
      vertex 67.0916 5.72567 2.4
      vertex 78.5529 5.78518 2.4
      vertex 67.4765 5.80222 2.4
    endloop
  endfacet
  facet normal 0 0 1
    outer loop
      vertex 78.8737 5.72139 2.4
      vertex 67.0916 5.72567 2.4
      vertex 93.2 2.2 2.4
    endloop
  endfacet
  facet normal -0 0 1
    outer loop
      vertex 66.7 5.7 2.4
      vertex 93.2 2.2 2.4
      vertex 67.0916 5.72567 2.4
    endloop
  endfacet
  facet normal 0 0 1
    outer loop
      vertex 47.2 5.7 2.4
      vertex 66.7 5.7 2.4
      vertex 66.3084 5.72567 2.4
    endloop
  endfacet
  facet normal 0 0 1
    outer loop
      vertex 63.9284 9.84805 2.4
      vertex 54.7 16.2 2.4
      vertex 63.8022 9.47646 2.4
    endloop
  endfacet
  facet normal 0 0 1
    outer loop
      vertex 63.8022 9.47646 2.4
      vertex 54.7 16.2 2.4
      vertex 63.7257 9.09158 2.4
    endloop
  endfacet
  facet normal 0 0 1
    outer loop
      vertex 63.7257 9.09158 2.4
      vertex 54.7 16.2 2.4
      vertex 63.7 8.7 2.4
    endloop
  endfacet
  facet normal 0 0 1
    outer loop
      vertex 49.6786 8.52631 2.4
      vertex 63.7 8.7 2.4
      vertex 54.7 16.2 2.4
    endloop
  endfacet
  facet normal 0 0 1
    outer loop
      vertex 63.7 8.7 2.4
      vertex 49.7 8.2 2.4
      vertex 63.7257 8.30842 2.4
    endloop
  endfacet
  facet normal 0 0 1
    outer loop
      vertex 49.6786 7.87368 2.4
      vertex 63.7257 8.30842 2.4
      vertex 49.7 8.2 2.4
    endloop
  endfacet
  facet normal 0 0 1
    outer loop
      vertex 63.7257 8.30842 2.4
      vertex 49.6786 7.87368 2.4
      vertex 63.8022 7.92354 2.4
    endloop
  endfacet
  facet normal 0 0 1
    outer loop
      vertex 49.6148 7.55295 2.4
      vertex 63.8022 7.92354 2.4
      vertex 49.6786 7.87368 2.4
    endloop
  endfacet
  facet normal 0 0 1
    outer loop
      vertex 63.8022 7.92354 2.4
      vertex 49.6148 7.55295 2.4
      vertex 63.9284 7.55195 2.4
    endloop
  endfacet
  facet normal 0 0 1
    outer loop
      vertex 49.5097 7.24329 2.4
      vertex 63.9284 7.55195 2.4
      vertex 49.6148 7.55295 2.4
    endloop
  endfacet
  facet normal 0 0 1
    outer loop
      vertex 63.9284 7.55195 2.4
      vertex 49.5097 7.24329 2.4
      vertex 64.1019 7.2 2.4
    endloop
  endfacet
  facet normal 0 0 1
    outer loop
      vertex 49.3651 6.95 2.4
      vertex 64.1019 7.2 2.4
      vertex 49.5097 7.24329 2.4
    endloop
  endfacet
  facet normal 0 0 1
    outer loop
      vertex 64.1019 7.2 2.4
      vertex 49.3651 6.95 2.4
      vertex 64.3199 6.87372 2.4
    endloop
  endfacet
  facet normal 0 0 1
    outer loop
      vertex 49.1834 6.6781 2.4
      vertex 64.3199 6.87372 2.4
      vertex 49.3651 6.95 2.4
    endloop
  endfacet
  facet normal 0 0 1
    outer loop
      vertex 64.3199 6.87372 2.4
      vertex 49.1834 6.6781 2.4
      vertex 64.5787 6.57868 2.4
    endloop
  endfacet
  facet normal 0 0 1
    outer loop
      vertex 48.9678 6.43223 2.4
      vertex 64.5787 6.57868 2.4
      vertex 49.1834 6.6781 2.4
    endloop
  endfacet
  facet normal 0 0 1
    outer loop
      vertex 64.5787 6.57868 2.4
      vertex 48.9678 6.43223 2.4
      vertex 64.8737 6.31994 2.4
    endloop
  endfacet
  facet normal 0 0 1
    outer loop
      vertex 48.7219 6.21662 2.4
      vertex 64.8737 6.31994 2.4
      vertex 48.9678 6.43223 2.4
    endloop
  endfacet
  facet normal 0 0 1
    outer loop
      vertex 64.8737 6.31994 2.4
      vertex 48.7219 6.21662 2.4
      vertex 65.2 6.10192 2.4
    endloop
  endfacet
  facet normal 0 0 1
    outer loop
      vertex 48.45 6.03494 2.4
      vertex 65.2 6.10192 2.4
      vertex 48.7219 6.21662 2.4
    endloop
  endfacet
  facet normal 0 0 1
    outer loop
      vertex 65.2 6.10192 2.4
      vertex 48.45 6.03494 2.4
      vertex 65.5519 5.92836 2.4
    endloop
  endfacet
  facet normal 0 0 1
    outer loop
      vertex 48.1567 5.8903 2.4
      vertex 65.5519 5.92836 2.4
      vertex 48.45 6.03494 2.4
    endloop
  endfacet
  facet normal 0 0 1
    outer loop
      vertex 65.5519 5.92836 2.4
      vertex 48.1567 5.8903 2.4
      vertex 65.9235 5.80222 2.4
    endloop
  endfacet
  facet normal 0 0 1
    outer loop
      vertex 47.847 5.78518 2.4
      vertex 65.9235 5.80222 2.4
      vertex 48.1567 5.8903 2.4
    endloop
  endfacet
  facet normal 0 0 1
    outer loop
      vertex 65.9235 5.80222 2.4
      vertex 47.847 5.78518 2.4
      vertex 66.3084 5.72567 2.4
    endloop
  endfacet
  facet normal 0 0 1
    outer loop
      vertex 47.5263 5.72139 2.4
      vertex 66.3084 5.72567 2.4
      vertex 47.847 5.78518 2.4
    endloop
  endfacet
  facet normal 0 0 1
    outer loop
      vertex 47.2 5.7 2.4
      vertex 66.3084 5.72567 2.4
      vertex 47.5263 5.72139 2.4
    endloop
  endfacet
  facet normal 0 0 1
    outer loop
      vertex 66.7 5.7 2.4
      vertex 47.2 5.7 2.4
      vertex 93.2 2.2 2.4
    endloop
  endfacet
  facet normal 0 0 1
    outer loop
      vertex 2.2 2.2 2.4
      vertex 47.2 5.7 2.4
      vertex 46.8737 5.72139 2.4
    endloop
  endfacet
  facet normal 0 0 1
    outer loop
      vertex 40.7 16.2 2.4
      vertex 44.7214 7.87368 2.4
      vertex 44.7 8.2 2.4
    endloop
  endfacet
  facet normal -0 0 1
    outer loop
      vertex 11.6743 8.30842 2.4
      vertex 44.7214 7.87368 2.4
      vertex 40.7 16.2 2.4
    endloop
  endfacet
  facet normal -0 0 1
    outer loop
      vertex 11.5978 7.92354 2.4
      vertex 44.7214 7.87368 2.4
      vertex 11.6743 8.30842 2.4
    endloop
  endfacet
  facet normal 0 0 1
    outer loop
      vertex 40.7 20.2 2.4
      vertex 11.7 8.7 2.4
      vertex 40.7 16.2 2.4
    endloop
  endfacet
  facet normal 0 0 1
    outer loop
      vertex 11.6743 8.30842 2.4
      vertex 40.7 16.2 2.4
      vertex 11.7 8.7 2.4
    endloop
  endfacet
  facet normal 0 0 1
    outer loop
      vertex 44.7214 7.87368 2.4
      vertex 11.5978 7.92354 2.4
      vertex 44.7852 7.55295 2.4
    endloop
  endfacet
  facet normal 0 0 1
    outer loop
      vertex 11.4716 7.55195 2.4
      vertex 44.7852 7.55295 2.4
      vertex 11.5978 7.92354 2.4
    endloop
  endfacet
  facet normal 0 0 1
    outer loop
      vertex 44.7852 7.55295 2.4
      vertex 11.4716 7.55195 2.4
      vertex 44.8903 7.24329 2.4
    endloop
  endfacet
  facet normal 0 0 1
    outer loop
      vertex 11.2981 7.2 2.4
      vertex 44.8903 7.24329 2.4
      vertex 11.4716 7.55195 2.4
    endloop
  endfacet
  facet normal 0 0 1
    outer loop
      vertex 44.8903 7.24329 2.4
      vertex 11.2981 7.2 2.4
      vertex 45.0349 6.95 2.4
    endloop
  endfacet
  facet normal 0 0 1
    outer loop
      vertex 11.0801 6.87372 2.4
      vertex 45.0349 6.95 2.4
      vertex 11.2981 7.2 2.4
    endloop
  endfacet
  facet normal 0 0 1
    outer loop
      vertex 45.0349 6.95 2.4
      vertex 11.0801 6.87372 2.4
      vertex 45.2166 6.6781 2.4
    endloop
  endfacet
  facet normal 0 0 1
    outer loop
      vertex 45.2166 6.6781 2.4
      vertex 11.0801 6.87372 2.4
      vertex 45.4322 6.43223 2.4
    endloop
  endfacet
  facet normal -0 0 1
    outer loop
      vertex 10.8213 6.57868 2.4
      vertex 45.4322 6.43223 2.4
      vertex 11.0801 6.87372 2.4
    endloop
  endfacet
  facet normal 0 0 1
    outer loop
      vertex 45.4322 6.43223 2.4
      vertex 10.8213 6.57868 2.4
      vertex 45.6781 6.21662 2.4
    endloop
  endfacet
  facet normal -0 0 1
    outer loop
      vertex 10.5263 6.31994 2.4
      vertex 45.6781 6.21662 2.4
      vertex 10.8213 6.57868 2.4
    endloop
  endfacet
  facet normal 0 0 1
    outer loop
      vertex 45.6781 6.21662 2.4
      vertex 10.5263 6.31994 2.4
      vertex 45.95 6.03494 2.4
    endloop
  endfacet
  facet normal -0 0 1
    outer loop
      vertex 10.2 6.10192 2.4
      vertex 45.95 6.03494 2.4
      vertex 10.5263 6.31994 2.4
    endloop
  endfacet
  facet normal 0 0 1
    outer loop
      vertex 45.95 6.03494 2.4
      vertex 10.2 6.10192 2.4
      vertex 46.2433 5.8903 2.4
    endloop
  endfacet
  facet normal -0 0 1
    outer loop
      vertex 9.84805 5.92836 2.4
      vertex 46.2433 5.8903 2.4
      vertex 10.2 6.10192 2.4
    endloop
  endfacet
  facet normal 0 0 1
    outer loop
      vertex 2.2 2.2 2.4
      vertex 46.2433 5.8903 2.4
      vertex 9.84805 5.92836 2.4
    endloop
  endfacet
  facet normal 0 0 1
    outer loop
      vertex 46.2433 5.8903 2.4
      vertex 2.2 2.2 2.4
      vertex 46.553 5.78518 2.4
    endloop
  endfacet
  facet normal 0 0 1
    outer loop
      vertex 46.553 5.78518 2.4
      vertex 2.2 2.2 2.4
      vertex 46.8737 5.72139 2.4
    endloop
  endfacet
  facet normal 0 0 1
    outer loop
      vertex 2.2 2.2 2.4
      vertex 9.84805 5.92836 2.4
      vertex 9.47646 5.80222 2.4
    endloop
  endfacet
  facet normal 0 0 1
    outer loop
      vertex 2.2 2.2 2.4
      vertex 9.47646 5.80222 2.4
      vertex 9.09158 5.72567 2.4
    endloop
  endfacet
  facet normal 0 0 1
    outer loop
      vertex 2.2 2.2 2.4
      vertex 9.09158 5.72567 2.4
      vertex 8.7 5.7 2.4
    endloop
  endfacet
  facet normal 0 0 1
    outer loop
      vertex 47.2 5.7 2.4
      vertex 2.2 2.2 2.4
      vertex 93.2 2.2 2.4
    endloop
  endfacet
  facet normal 0 0 1
    outer loop
      vertex 8.30842 5.72567 2.4
      vertex 2.2 2.2 2.4
      vertex 8.7 5.7 2.4
    endloop
  endfacet
  facet normal 0 0 1
    outer loop
      vertex 7.92354 5.80222 2.4
      vertex 2.2 2.2 2.4
      vertex 8.30842 5.72567 2.4
    endloop
  endfacet
  facet normal 0 0 1
    outer loop
      vertex 7.55195 5.92836 2.4
      vertex 2.2 2.2 2.4
      vertex 7.92354 5.80222 2.4
    endloop
  endfacet
  facet normal 0 0 1
    outer loop
      vertex 7.2 6.10192 2.4
      vertex 2.2 2.2 2.4
      vertex 7.55195 5.92836 2.4
    endloop
  endfacet
  facet normal 0 0 1
    outer loop
      vertex 6.87372 6.31994 2.4
      vertex 2.2 2.2 2.4
      vertex 7.2 6.10192 2.4
    endloop
  endfacet
  facet normal 0 0 1
    outer loop
      vertex 6.57868 6.57868 2.4
      vertex 2.2 2.2 2.4
      vertex 6.87372 6.31994 2.4
    endloop
  endfacet
  facet normal 0 0 1
    outer loop
      vertex 6.31994 6.87372 2.4
      vertex 2.2 2.2 2.4
      vertex 6.57868 6.57868 2.4
    endloop
  endfacet
  facet normal 0 0 1
    outer loop
      vertex 6.10192 7.2 2.4
      vertex 2.2 2.2 2.4
      vertex 6.31994 6.87372 2.4
    endloop
  endfacet
  facet normal 0 0 1
    outer loop
      vertex 5.92836 7.55195 2.4
      vertex 2.2 2.2 2.4
      vertex 6.10192 7.2 2.4
    endloop
  endfacet
  facet normal 0 0 1
    outer loop
      vertex 5.80222 7.92354 2.4
      vertex 2.2 2.2 2.4
      vertex 5.92836 7.55195 2.4
    endloop
  endfacet
  facet normal 0 0 1
    outer loop
      vertex 5.72567 8.30842 2.4
      vertex 2.2 2.2 2.4
      vertex 5.80222 7.92354 2.4
    endloop
  endfacet
  facet normal 0 0 1
    outer loop
      vertex 5.7 8.7 2.4
      vertex 2.2 2.2 2.4
      vertex 5.72567 8.30842 2.4
    endloop
  endfacet
  facet normal 0 0 1
    outer loop
      vertex 5.72567 9.09158 2.4
      vertex 2.2 2.2 2.4
      vertex 5.7 8.7 2.4
    endloop
  endfacet
  facet normal -0 0 1
    outer loop
      vertex 49.6786 29.8737 2.4
      vertex 54.7 20.2 2.4
      vertex 49.7 30.2 2.4
    endloop
  endfacet
  facet normal -0 0 1
    outer loop
      vertex 49.6148 29.553 2.4
      vertex 54.7 20.2 2.4
      vertex 49.6786 29.8737 2.4
    endloop
  endfacet
  facet normal -0 0 1
    outer loop
      vertex 49.5097 29.2433 2.4
      vertex 54.7 20.2 2.4
      vertex 49.6148 29.553 2.4
    endloop
  endfacet
  facet normal -0 0 1
    outer loop
      vertex 49.3651 28.95 2.4
      vertex 54.7 20.2 2.4
      vertex 49.5097 29.2433 2.4
    endloop
  endfacet
  facet normal -0 0 1
    outer loop
      vertex 49.1834 28.6781 2.4
      vertex 54.7 20.2 2.4
      vertex 49.3651 28.95 2.4
    endloop
  endfacet
  facet normal -0 0 1
    outer loop
      vertex 48.9678 28.4322 2.4
      vertex 54.7 20.2 2.4
      vertex 49.1834 28.6781 2.4
    endloop
  endfacet
  facet normal -0 0 1
    outer loop
      vertex 48.7219 28.2166 2.4
      vertex 54.7 20.2 2.4
      vertex 48.9678 28.4322 2.4
    endloop
  endfacet
  facet normal -0 0 1
    outer loop
      vertex 48.45 28.0349 2.4
      vertex 54.7 20.2 2.4
      vertex 48.7219 28.2166 2.4
    endloop
  endfacet
  facet normal -0 0 1
    outer loop
      vertex 48.1567 27.8903 2.4
      vertex 54.7 20.2 2.4
      vertex 48.45 28.0349 2.4
    endloop
  endfacet
  facet normal -0 0 1
    outer loop
      vertex 47.847 27.7852 2.4
      vertex 54.7 20.2 2.4
      vertex 48.1567 27.8903 2.4
    endloop
  endfacet
  facet normal -0 0 1
    outer loop
      vertex 47.5263 27.7214 2.4
      vertex 54.7 20.2 2.4
      vertex 47.847 27.7852 2.4
    endloop
  endfacet
  facet normal -0 0 1
    outer loop
      vertex 47.2 27.7 2.4
      vertex 54.7 20.2 2.4
      vertex 47.5263 27.7214 2.4
    endloop
  endfacet
  facet normal 0 0 1
    outer loop
      vertex 40.7 20.2 2.4
      vertex 47.2 27.7 2.4
      vertex 46.8737 27.7214 2.4
    endloop
  endfacet
  facet normal 0 0 1
    outer loop
      vertex 40.7 20.2 2.4
      vertex 46.8737 27.7214 2.4
      vertex 46.553 27.7852 2.4
    endloop
  endfacet
  facet normal 0 0 1
    outer loop
      vertex 40.7 20.2 2.4
      vertex 46.553 27.7852 2.4
      vertex 46.2433 27.8903 2.4
    endloop
  endfacet
  facet normal 0 0 1
    outer loop
      vertex 40.7 20.2 2.4
      vertex 46.2433 27.8903 2.4
      vertex 45.95 28.0349 2.4
    endloop
  endfacet
  facet normal 0 0 1
    outer loop
      vertex 40.7 20.2 2.4
      vertex 45.95 28.0349 2.4
      vertex 45.6781 28.2166 2.4
    endloop
  endfacet
  facet normal 0 0 1
    outer loop
      vertex 40.7 20.2 2.4
      vertex 45.6781 28.2166 2.4
      vertex 45.4322 28.4322 2.4
    endloop
  endfacet
  facet normal 0 0 1
    outer loop
      vertex 44.7214 30.5263 2.4
      vertex 40.7 20.2 2.4
      vertex 44.7 30.2 2.4
    endloop
  endfacet
  facet normal 0 0 1
    outer loop
      vertex 44.7 30.2 2.4
      vertex 40.7 20.2 2.4
      vertex 44.7214 29.8737 2.4
    endloop
  endfacet
  facet normal 0 0 1
    outer loop
      vertex 47.2 27.7 2.4
      vertex 40.7 20.2 2.4
      vertex 54.7 20.2 2.4
    endloop
  endfacet
  facet normal 0 0 1
    outer loop
      vertex 45.2166 28.6781 2.4
      vertex 40.7 20.2 2.4
      vertex 45.4322 28.4322 2.4
    endloop
  endfacet
  facet normal 0 0 1
    outer loop
      vertex 45.0349 28.95 2.4
      vertex 40.7 20.2 2.4
      vertex 45.2166 28.6781 2.4
    endloop
  endfacet
  facet normal 0 0 1
    outer loop
      vertex 44.8903 29.2433 2.4
      vertex 40.7 20.2 2.4
      vertex 45.0349 28.95 2.4
    endloop
  endfacet
  facet normal 0 0 1
    outer loop
      vertex 44.7852 29.553 2.4
      vertex 40.7 20.2 2.4
      vertex 44.8903 29.2433 2.4
    endloop
  endfacet
  facet normal 0 0 1
    outer loop
      vertex 44.7214 29.8737 2.4
      vertex 40.7 20.2 2.4
      vertex 44.7852 29.553 2.4
    endloop
  endfacet
  facet normal 1 0 0
    outer loop
      vertex 2.2 64.2 12.4
      vertex 2.2 41.2 10.4
      vertex 2.2 64.2 2.4
    endloop
  endfacet
  facet normal 1 0 0
    outer loop
      vertex 2.2 64.2 12.4
      vertex 2.2 25.2 10.4
      vertex 2.2 41.2 10.4
    endloop
  endfacet
  facet normal 1 0 0
    outer loop
      vertex 2.2 25.2 10.4
      vertex 2.2 2.2 12.4
      vertex 2.2 25.2 4.4
    endloop
  endfacet
  facet normal 1 -0 0
    outer loop
      vertex 2.2 2.2 12.4
      vertex 2.2 25.2 10.4
      vertex 2.2 64.2 12.4
    endloop
  endfacet
  facet normal 1 -0 0
    outer loop
      vertex 2.2 41.2 4.4
      vertex 2.2 64.2 2.4
      vertex 2.2 41.2 10.4
    endloop
  endfacet
  facet normal 1 -0 0
    outer loop
      vertex 2.2 25.2 4.4
      vertex 2.2 64.2 2.4
      vertex 2.2 41.2 4.4
    endloop
  endfacet
  facet normal 1 0 0
    outer loop
      vertex 2.2 25.2 4.4
      vertex 2.2 2.2 2.4
      vertex 2.2 64.2 2.4
    endloop
  endfacet
  facet normal 1 0 0
    outer loop
      vertex 2.2 2.2 2.4
      vertex 2.2 25.2 4.4
      vertex 2.2 2.2 12.4
    endloop
  endfacet
  facet normal 0 -1 0
    outer loop
      vertex 2.2 64.2 2.4
      vertex 93.2 64.2 12.4
      vertex 2.2 64.2 12.4
    endloop
  endfacet
  facet normal 0 -1 -0
    outer loop
      vertex 93.2 64.2 12.4
      vertex 2.2 64.2 2.4
      vertex 93.2 64.2 2.4
    endloop
  endfacet
  facet normal 0 1 0
    outer loop
      vertex 93.2 2.2 12.4
      vertex 78.2 2.2 5.4
      vertex 78.2 2.2 12.4
    endloop
  endfacet
  facet normal 0 1 0
    outer loop
      vertex 78.2 2.2 5.4
      vertex 93.2 2.2 2.4
      vertex 17.2 2.2 5.4
    endloop
  endfacet
  facet normal 0 1 -0
    outer loop
      vertex 93.2 2.2 2.4
      vertex 78.2 2.2 5.4
      vertex 93.2 2.2 12.4
    endloop
  endfacet
  facet normal 0 1 -0
    outer loop
      vertex 17.2 2.2 5.4
      vertex 2.2 2.2 12.4
      vertex 17.2 2.2 12.4
    endloop
  endfacet
  facet normal 0 1 0
    outer loop
      vertex 17.2 2.2 5.4
      vertex 2.2 2.2 2.4
      vertex 2.2 2.2 12.4
    endloop
  endfacet
  facet normal 0 1 0
    outer loop
      vertex 2.2 2.2 2.4
      vertex 17.2 2.2 5.4
      vertex 93.2 2.2 2.4
    endloop
  endfacet
  facet normal -1 0 0
    outer loop
      vertex 78.2 0 5.4
      vertex 78.2 2.2 12.4
      vertex 78.2 2.2 5.4
    endloop
  endfacet
  facet normal -1 -0 0
    outer loop
      vertex 78.2 2.2 12.4
      vertex 78.2 0 5.4
      vertex 78.2 0 12.4
    endloop
  endfacet
  facet normal -0 0 1
    outer loop
      vertex 17.2 2.2 5.4
      vertex 78.2 0 5.4
      vertex 78.2 2.2 5.4
    endloop
  endfacet
  facet normal 0 0 1
    outer loop
      vertex 78.2 0 5.4
      vertex 17.2 2.2 5.4
      vertex 17.2 0 5.4
    endloop
  endfacet
  facet normal 1 -0 0
    outer loop
      vertex 17.2 0 12.4
      vertex 17.2 2.2 5.4
      vertex 17.2 2.2 12.4
    endloop
  endfacet
  facet normal 1 0 0
    outer loop
      vertex 17.2 2.2 5.4
      vertex 17.2 0 12.4
      vertex 17.2 0 5.4
    endloop
  endfacet
  facet normal 0 0 -1
    outer loop
      vertex 0 25.2 10.4
      vertex 2.2 41.2 10.4
      vertex 2.2 25.2 10.4
    endloop
  endfacet
  facet normal -0 0 -1
    outer loop
      vertex 2.2 41.2 10.4
      vertex 0 25.2 10.4
      vertex 0 41.2 10.4
    endloop
  endfacet
  facet normal -0 0 1
    outer loop
      vertex 0 41.2 4.4
      vertex 2.2 25.2 4.4
      vertex 2.2 41.2 4.4
    endloop
  endfacet
  facet normal 0 0 1
    outer loop
      vertex 2.2 25.2 4.4
      vertex 0 41.2 4.4
      vertex 0 25.2 4.4
    endloop
  endfacet
  facet normal 0 -1 0
    outer loop
      vertex 0 41.2 4.4
      vertex 2.2 41.2 10.4
      vertex 0 41.2 10.4
    endloop
  endfacet
  facet normal 0 -1 -0
    outer loop
      vertex 2.2 41.2 10.4
      vertex 0 41.2 4.4
      vertex 2.2 41.2 4.4
    endloop
  endfacet
  facet normal 0 1 -0
    outer loop
      vertex 2.2 25.2 4.4
      vertex 0 25.2 10.4
      vertex 2.2 25.2 10.4
    endloop
  endfacet
  facet normal 0 1 0
    outer loop
      vertex 0 25.2 10.4
      vertex 2.2 25.2 4.4
      vertex 0 25.2 4.4
    endloop
  endfacet
  facet normal 0.980813 0.19495 0
    outer loop
      vertex 11.6743 9.09158 8.4
      vertex 11.5978 9.47646 2.4
      vertex 11.5978 9.47646 8.4
    endloop
  endfacet
  facet normal 0.980813 0.19495 0
    outer loop
      vertex 11.5978 9.47646 2.4
      vertex 11.6743 9.09158 8.4
      vertex 11.6743 9.09158 2.4
    endloop
  endfacet
  facet normal 0.997853 0.0654906 0
    outer loop
      vertex 11.7 8.7 8.4
      vertex 11.6743 9.09158 2.4
      vertex 11.6743 9.09158 8.4
    endloop
  endfacet
  facet normal 0.997853 0.0654906 0
    outer loop
      vertex 11.6743 9.09158 2.4
      vertex 11.7 8.7 8.4
      vertex 11.7 8.7 2.4
    endloop
  endfacet
  facet normal 0.442283 -0.896875 0
    outer loop
      vertex 9.84805 5.92836 2.4
      vertex 10.2 6.10192 8.4
      vertex 9.84805 5.92836 8.4
    endloop
  endfacet
  facet normal 0.442283 -0.896875 0
    outer loop
      vertex 10.2 6.10192 8.4
      vertex 9.84805 5.92836 2.4
      vertex 10.2 6.10192 2.4
    endloop
  endfacet
  facet normal 0.321582 0.946882 -0
    outer loop
      vertex 9.84805 11.4716 2.4
      vertex 9.47646 11.5978 8.4
      vertex 9.84805 11.4716 8.4
    endloop
  endfacet
  facet normal 0.321582 0.946882 0
    outer loop
      vertex 9.47646 11.5978 8.4
      vertex 9.84805 11.4716 2.4
      vertex 9.47646 11.5978 2.4
    endloop
  endfacet
  facet normal -0.321582 0.946882 0
    outer loop
      vertex 7.92354 11.5978 2.4
      vertex 7.55195 11.4716 8.4
      vertex 7.92354 11.5978 8.4
    endloop
  endfacet
  facet normal -0.321582 0.946882 0
    outer loop
      vertex 7.55195 11.4716 8.4
      vertex 7.92354 11.5978 2.4
      vertex 7.55195 11.4716 2.4
    endloop
  endfacet
  facet normal -0.751844 -0.659341 0
    outer loop
      vertex 6.57868 6.57868 2.4
      vertex 6.31994 6.87372 8.4
      vertex 6.31994 6.87372 2.4
    endloop
  endfacet
  facet normal -0.751844 -0.659341 0
    outer loop
      vertex 6.31994 6.87372 8.4
      vertex 6.57868 6.57868 2.4
      vertex 6.57868 6.57868 8.4
    endloop
  endfacet
  facet normal -0.44216 0.896936 0
    outer loop
      vertex 7.55195 11.4716 2.4
      vertex 7.2 11.2981 8.4
      vertex 7.55195 11.4716 8.4
    endloop
  endfacet
  facet normal -0.44216 0.896936 0
    outer loop
      vertex 7.2 11.2981 8.4
      vertex 7.55195 11.4716 2.4
      vertex 7.2 11.2981 2.4
    endloop
  endfacet
  facet normal 0.946882 -0.321582 0
    outer loop
      vertex 11.4716 7.55195 8.4
      vertex 11.5978 7.92354 2.4
      vertex 11.5978 7.92354 8.4
    endloop
  endfacet
  facet normal 0.946882 -0.321582 0
    outer loop
      vertex 11.5978 7.92354 2.4
      vertex 11.4716 7.55195 8.4
      vertex 11.4716 7.55195 2.4
    endloop
  endfacet
  facet normal 0.751768 -0.659428 0
    outer loop
      vertex 10.8213 6.57868 8.4
      vertex 11.0801 6.87372 2.4
      vertex 11.0801 6.87372 8.4
    endloop
  endfacet
  facet normal 0.751768 -0.659428 0
    outer loop
      vertex 11.0801 6.87372 2.4
      vertex 10.8213 6.57868 8.4
      vertex 10.8213 6.57868 2.4
    endloop
  endfacet
  facet normal -0.997858 0.0654145 0
    outer loop
      vertex 5.7 8.7 2.4
      vertex 5.72567 9.09158 8.4
      vertex 5.72567 9.09158 2.4
    endloop
  endfacet
  facet normal -0.997858 0.0654145 0
    outer loop
      vertex 5.72567 9.09158 8.4
      vertex 5.7 8.7 2.4
      vertex 5.7 8.7 8.4
    endloop
  endfacet
  facet normal 0.997853 -0.0654906 0
    outer loop
      vertex 11.6743 8.30842 8.4
      vertex 11.7 8.7 2.4
      vertex 11.7 8.7 8.4
    endloop
  endfacet
  facet normal 0.997853 -0.0654906 0
    outer loop
      vertex 11.7 8.7 2.4
      vertex 11.6743 8.30842 8.4
      vertex 11.6743 8.30842 2.4
    endloop
  endfacet
  facet normal 0.0654906 0.997853 -0
    outer loop
      vertex 9.09158 11.6743 2.4
      vertex 8.7 11.7 8.4
      vertex 9.09158 11.6743 8.4
    endloop
  endfacet
  facet normal 0.0654906 0.997853 0
    outer loop
      vertex 8.7 11.7 8.4
      vertex 9.09158 11.6743 2.4
      vertex 8.7 11.7 2.4
    endloop
  endfacet
  facet normal 0.896936 0.44216 0
    outer loop
      vertex 11.4716 9.84805 8.4
      vertex 11.2981 10.2 2.4
      vertex 11.2981 10.2 8.4
    endloop
  endfacet
  facet normal 0.896936 0.44216 0
    outer loop
      vertex 11.2981 10.2 2.4
      vertex 11.4716 9.84805 8.4
      vertex 11.4716 9.84805 2.4
    endloop
  endfacet
  facet normal -0.321444 -0.946928 0
    outer loop
      vertex 7.55195 5.92836 2.4
      vertex 7.92354 5.80222 8.4
      vertex 7.55195 5.92836 8.4
    endloop
  endfacet
  facet normal -0.321444 -0.946928 -0
    outer loop
      vertex 7.92354 5.80222 8.4
      vertex 7.55195 5.92836 2.4
      vertex 7.92354 5.80222 2.4
    endloop
  endfacet
  facet normal 0.555558 -0.831477 0
    outer loop
      vertex 10.2 6.10192 2.4
      vertex 10.5263 6.31994 8.4
      vertex 10.2 6.10192 8.4
    endloop
  endfacet
  facet normal 0.555558 -0.831477 0
    outer loop
      vertex 10.5263 6.31994 8.4
      vertex 10.2 6.10192 2.4
      vertex 10.5263 6.31994 2.4
    endloop
  endfacet
  facet normal 0.831485 -0.555547 0
    outer loop
      vertex 11.0801 6.87372 8.4
      vertex 11.2981 7.2 2.4
      vertex 11.2981 7.2 8.4
    endloop
  endfacet
  facet normal 0.831485 -0.555547 0
    outer loop
      vertex 11.2981 7.2 2.4
      vertex 11.0801 6.87372 8.4
      vertex 11.0801 6.87372 2.4
    endloop
  endfacet
  facet normal -0.659341 -0.751844 0
    outer loop
      vertex 6.57868 6.57868 2.4
      vertex 6.87372 6.31994 8.4
      vertex 6.57868 6.57868 8.4
    endloop
  endfacet
  facet normal -0.659341 -0.751844 -0
    outer loop
      vertex 6.87372 6.31994 8.4
      vertex 6.57868 6.57868 2.4
      vertex 6.87372 6.31994 2.4
    endloop
  endfacet
  facet normal 0.44216 0.896936 -0
    outer loop
      vertex 10.2 11.2981 2.4
      vertex 9.84805 11.4716 8.4
      vertex 10.2 11.2981 8.4
    endloop
  endfacet
  facet normal 0.44216 0.896936 0
    outer loop
      vertex 9.84805 11.4716 8.4
      vertex 10.2 11.2981 2.4
      vertex 9.84805 11.4716 2.4
    endloop
  endfacet
  facet normal 0.896936 -0.44216 0
    outer loop
      vertex 11.2981 7.2 8.4
      vertex 11.4716 7.55195 2.4
      vertex 11.4716 7.55195 8.4
    endloop
  endfacet
  facet normal 0.896936 -0.44216 0
    outer loop
      vertex 11.4716 7.55195 2.4
      vertex 11.2981 7.2 8.4
      vertex 11.2981 7.2 2.4
    endloop
  endfacet
  facet normal -0.0654906 0.997853 0
    outer loop
      vertex 8.7 11.7 2.4
      vertex 8.30842 11.6743 8.4
      vertex 8.7 11.7 8.4
    endloop
  endfacet
  facet normal -0.0654906 0.997853 0
    outer loop
      vertex 8.30842 11.6743 8.4
      vertex 8.7 11.7 2.4
      vertex 8.30842 11.6743 2.4
    endloop
  endfacet
  facet normal -0.195072 -0.980789 0
    outer loop
      vertex 7.92354 5.80222 2.4
      vertex 8.30842 5.72567 8.4
      vertex 7.92354 5.80222 8.4
    endloop
  endfacet
  facet normal -0.195072 -0.980789 -0
    outer loop
      vertex 8.30842 5.72567 8.4
      vertex 7.92354 5.80222 2.4
      vertex 8.30842 5.72567 2.4
    endloop
  endfacet
  facet normal 0.195072 -0.980789 0
    outer loop
      vertex 9.09158 5.72567 2.4
      vertex 9.47646 5.80222 8.4
      vertex 9.09158 5.72567 8.4
    endloop
  endfacet
  facet normal 0.195072 -0.980789 0
    outer loop
      vertex 9.47646 5.80222 8.4
      vertex 9.09158 5.72567 2.4
      vertex 9.47646 5.80222 2.4
    endloop
  endfacet
  facet normal -0.555547 0.831485 0
    outer loop
      vertex 7.2 11.2981 2.4
      vertex 6.87372 11.0801 8.4
      vertex 7.2 11.2981 8.4
    endloop
  endfacet
  facet normal -0.555547 0.831485 0
    outer loop
      vertex 6.87372 11.0801 8.4
      vertex 7.2 11.2981 2.4
      vertex 6.87372 11.0801 2.4
    endloop
  endfacet
  facet normal 0.831501 0.555523 0
    outer loop
      vertex 11.2981 10.2 8.4
      vertex 11.0801 10.5263 2.4
      vertex 11.0801 10.5263 8.4
    endloop
  endfacet
  facet normal 0.831501 0.555523 0
    outer loop
      vertex 11.0801 10.5263 2.4
      vertex 11.2981 10.2 8.4
      vertex 11.2981 10.2 2.4
    endloop
  endfacet
  facet normal 0.659392 -0.751799 0
    outer loop
      vertex 10.5263 6.31994 2.4
      vertex 10.8213 6.57868 8.4
      vertex 10.5263 6.31994 8.4
    endloop
  endfacet
  facet normal 0.659392 -0.751799 0
    outer loop
      vertex 10.8213 6.57868 8.4
      vertex 10.5263 6.31994 2.4
      vertex 10.8213 6.57868 2.4
    endloop
  endfacet
  facet normal -0.946928 0.321444 0
    outer loop
      vertex 5.80222 9.47646 2.4
      vertex 5.92836 9.84805 8.4
      vertex 5.92836 9.84805 2.4
    endloop
  endfacet
  facet normal -0.946928 0.321444 0
    outer loop
      vertex 5.92836 9.84805 8.4
      vertex 5.80222 9.47646 2.4
      vertex 5.80222 9.47646 8.4
    endloop
  endfacet
  facet normal 0 0 1
    outer loop
      vertex 10.1 8.7 8.4
      vertex 11.7 8.7 8.4
      vertex 11.6743 9.09158 8.4
    endloop
  endfacet
  facet normal 0 0 1
    outer loop
      vertex 10.088 8.88274 8.4
      vertex 11.6743 9.09158 8.4
      vertex 11.5978 9.47646 8.4
    endloop
  endfacet
  facet normal 0 0 1
    outer loop
      vertex 11.7 8.7 8.4
      vertex 10.1 8.7 8.4
      vertex 11.6743 8.30842 8.4
    endloop
  endfacet
  facet normal 0 0 1
    outer loop
      vertex 10.0523 9.06235 8.4
      vertex 11.5978 9.47646 8.4
      vertex 11.4716 9.84805 8.4
    endloop
  endfacet
  facet normal -0 0 1
    outer loop
      vertex 10.088 8.51726 8.4
      vertex 11.6743 8.30842 8.4
      vertex 10.1 8.7 8.4
    endloop
  endfacet
  facet normal 0 0 1
    outer loop
      vertex 9.99343 9.23576 8.4
      vertex 11.4716 9.84805 8.4
      vertex 11.2981 10.2 8.4
    endloop
  endfacet
  facet normal 0 0 1
    outer loop
      vertex 11.6743 8.30842 8.4
      vertex 10.088 8.51726 8.4
      vertex 11.5978 7.92354 8.4
    endloop
  endfacet
  facet normal 0 0 1
    outer loop
      vertex 9.91244 9.4 8.4
      vertex 11.2981 10.2 8.4
      vertex 11.0801 10.5263 8.4
    endloop
  endfacet
  facet normal -0 0 1
    outer loop
      vertex 10.0523 8.33765 8.4
      vertex 11.5978 7.92354 8.4
      vertex 10.088 8.51726 8.4
    endloop
  endfacet
  facet normal 0 0 1
    outer loop
      vertex 9.81069 9.55227 8.4
      vertex 11.0801 10.5263 8.4
      vertex 10.8213 10.8213 8.4
    endloop
  endfacet
  facet normal 0 0 1
    outer loop
      vertex 11.5978 7.92354 8.4
      vertex 10.0523 8.33765 8.4
      vertex 11.4716 7.55195 8.4
    endloop
  endfacet
  facet normal 0 0 1
    outer loop
      vertex 9.68995 9.68995 8.4
      vertex 10.8213 10.8213 8.4
      vertex 10.5263 11.0801 8.4
    endloop
  endfacet
  facet normal -0 0 1
    outer loop
      vertex 9.99343 8.16424 8.4
      vertex 11.4716 7.55195 8.4
      vertex 10.0523 8.33765 8.4
    endloop
  endfacet
  facet normal 0 0 1
    outer loop
      vertex 9.55227 9.81069 8.4
      vertex 10.5263 11.0801 8.4
      vertex 10.2 11.2981 8.4
    endloop
  endfacet
  facet normal 0 0 1
    outer loop
      vertex 11.4716 7.55195 8.4
      vertex 9.99343 8.16424 8.4
      vertex 11.2981 7.2 8.4
    endloop
  endfacet
  facet normal -0 0 1
    outer loop
      vertex 9.91244 8 8.4
      vertex 11.2981 7.2 8.4
      vertex 9.99343 8.16424 8.4
    endloop
  endfacet
  facet normal 0 0 1
    outer loop
      vertex 11.6743 9.09158 8.4
      vertex 10.088 8.88274 8.4
      vertex 10.1 8.7 8.4
    endloop
  endfacet
  facet normal 0 0 1
    outer loop
      vertex 11.5978 9.47646 8.4
      vertex 10.0523 9.06235 8.4
      vertex 10.088 8.88274 8.4
    endloop
  endfacet
  facet normal 0 0 1
    outer loop
      vertex 11.4716 9.84805 8.4
      vertex 9.99343 9.23576 8.4
      vertex 10.0523 9.06235 8.4
    endloop
  endfacet
  facet normal 0 0 1
    outer loop
      vertex 11.2981 10.2 8.4
      vertex 9.91244 9.4 8.4
      vertex 9.99343 9.23576 8.4
    endloop
  endfacet
  facet normal 0 0 1
    outer loop
      vertex 9.4 9.91244 8.4
      vertex 10.2 11.2981 8.4
      vertex 9.84805 11.4716 8.4
    endloop
  endfacet
  facet normal 0 0 1
    outer loop
      vertex 11.0801 10.5263 8.4
      vertex 9.81069 9.55227 8.4
      vertex 9.91244 9.4 8.4
    endloop
  endfacet
  facet normal 0 0 1
    outer loop
      vertex 10.8213 10.8213 8.4
      vertex 9.68995 9.68995 8.4
      vertex 9.81069 9.55227 8.4
    endloop
  endfacet
  facet normal 0 0 1
    outer loop
      vertex 10.5263 11.0801 8.4
      vertex 9.55227 9.81069 8.4
      vertex 9.68995 9.68995 8.4
    endloop
  endfacet
  facet normal 0 0 1
    outer loop
      vertex 9.23576 9.99343 8.4
      vertex 9.84805 11.4716 8.4
      vertex 9.47646 11.5978 8.4
    endloop
  endfacet
  facet normal 0 0 1
    outer loop
      vertex 10.2 11.2981 8.4
      vertex 9.4 9.91244 8.4
      vertex 9.55227 9.81069 8.4
    endloop
  endfacet
  facet normal 0 0 1
    outer loop
      vertex 9.84805 11.4716 8.4
      vertex 9.23576 9.99343 8.4
      vertex 9.4 9.91244 8.4
    endloop
  endfacet
  facet normal 0 0 1
    outer loop
      vertex 9.06235 10.0523 8.4
      vertex 9.47646 11.5978 8.4
      vertex 9.09158 11.6743 8.4
    endloop
  endfacet
  facet normal 0 0 1
    outer loop
      vertex 9.47646 11.5978 8.4
      vertex 9.06235 10.0523 8.4
      vertex 9.23576 9.99343 8.4
    endloop
  endfacet
  facet normal 0 0 1
    outer loop
      vertex 9.09158 11.6743 8.4
      vertex 8.88274 10.088 8.4
      vertex 9.06235 10.0523 8.4
    endloop
  endfacet
  facet normal 0 0 1
    outer loop
      vertex 8.7 11.7 8.4
      vertex 8.88274 10.088 8.4
      vertex 9.09158 11.6743 8.4
    endloop
  endfacet
  facet normal 0 0 1
    outer loop
      vertex 8.7 11.7 8.4
      vertex 8.7 10.1 8.4
      vertex 8.88274 10.088 8.4
    endloop
  endfacet
  facet normal 0 0 1
    outer loop
      vertex 8.7 11.7 8.4
      vertex 8.51726 10.088 8.4
      vertex 8.7 10.1 8.4
    endloop
  endfacet
  facet normal -0 0 1
    outer loop
      vertex 8.30842 11.6743 8.4
      vertex 8.51726 10.088 8.4
      vertex 8.7 11.7 8.4
    endloop
  endfacet
  facet normal 0 0 1
    outer loop
      vertex 8.51726 10.088 8.4
      vertex 8.30842 11.6743 8.4
      vertex 8.33765 10.0523 8.4
    endloop
  endfacet
  facet normal -0 0 1
    outer loop
      vertex 7.92354 11.5978 8.4
      vertex 8.33765 10.0523 8.4
      vertex 8.30842 11.6743 8.4
    endloop
  endfacet
  facet normal 0 0 1
    outer loop
      vertex 8.33765 10.0523 8.4
      vertex 7.92354 11.5978 8.4
      vertex 8.16424 9.99343 8.4
    endloop
  endfacet
  facet normal -0 0 1
    outer loop
      vertex 7.55195 11.4716 8.4
      vertex 8.16424 9.99343 8.4
      vertex 7.92354 11.5978 8.4
    endloop
  endfacet
  facet normal 0 0 1
    outer loop
      vertex 8.16424 9.99343 8.4
      vertex 7.55195 11.4716 8.4
      vertex 8 9.91244 8.4
    endloop
  endfacet
  facet normal -0 0 1
    outer loop
      vertex 7.2 11.2981 8.4
      vertex 8 9.91244 8.4
      vertex 7.55195 11.4716 8.4
    endloop
  endfacet
  facet normal 0 0 1
    outer loop
      vertex 8 9.91244 8.4
      vertex 7.2 11.2981 8.4
      vertex 7.84773 9.81069 8.4
    endloop
  endfacet
  facet normal -0 0 1
    outer loop
      vertex 6.87372 11.0801 8.4
      vertex 7.84773 9.81069 8.4
      vertex 7.2 11.2981 8.4
    endloop
  endfacet
  facet normal 0 0 1
    outer loop
      vertex 7.84773 9.81069 8.4
      vertex 6.87372 11.0801 8.4
      vertex 7.71005 9.68995 8.4
    endloop
  endfacet
  facet normal -0 0 1
    outer loop
      vertex 6.57868 10.8213 8.4
      vertex 7.71005 9.68995 8.4
      vertex 6.87372 11.0801 8.4
    endloop
  endfacet
  facet normal 0 0 1
    outer loop
      vertex 7.71005 9.68995 8.4
      vertex 6.57868 10.8213 8.4
      vertex 7.5893 9.55227 8.4
    endloop
  endfacet
  facet normal -0 0 1
    outer loop
      vertex 6.31994 10.5263 8.4
      vertex 7.5893 9.55227 8.4
      vertex 6.57868 10.8213 8.4
    endloop
  endfacet
  facet normal -0 0 1
    outer loop
      vertex 6.10192 10.2 8.4
      vertex 7.48756 9.4 8.4
      vertex 6.31994 10.5263 8.4
    endloop
  endfacet
  facet normal 0 0 1
    outer loop
      vertex 7.5893 9.55227 8.4
      vertex 6.31994 10.5263 8.4
      vertex 7.48756 9.4 8.4
    endloop
  endfacet
  facet normal 0 0 1
    outer loop
      vertex 11.2981 7.2 8.4
      vertex 9.91244 8 8.4
      vertex 11.0801 6.87372 8.4
    endloop
  endfacet
  facet normal -0 0 1
    outer loop
      vertex 9.81069 7.84773 8.4
      vertex 11.0801 6.87372 8.4
      vertex 9.91244 8 8.4
    endloop
  endfacet
  facet normal 0 0 1
    outer loop
      vertex 11.0801 6.87372 8.4
      vertex 9.81069 7.84773 8.4
      vertex 10.8213 6.57868 8.4
    endloop
  endfacet
  facet normal -0 0 1
    outer loop
      vertex 9.68995 7.71005 8.4
      vertex 10.8213 6.57868 8.4
      vertex 9.81069 7.84773 8.4
    endloop
  endfacet
  facet normal 0 0 1
    outer loop
      vertex 10.8213 6.57868 8.4
      vertex 9.68995 7.71005 8.4
      vertex 10.5263 6.31994 8.4
    endloop
  endfacet
  facet normal -0 0 1
    outer loop
      vertex 9.55227 7.5893 8.4
      vertex 10.5263 6.31994 8.4
      vertex 9.68995 7.71005 8.4
    endloop
  endfacet
  facet normal 0 0 1
    outer loop
      vertex 10.5263 6.31994 8.4
      vertex 9.55227 7.5893 8.4
      vertex 10.2 6.10192 8.4
    endloop
  endfacet
  facet normal -0 0 1
    outer loop
      vertex 9.4 7.48756 8.4
      vertex 10.2 6.10192 8.4
      vertex 9.55227 7.5893 8.4
    endloop
  endfacet
  facet normal 0 0 1
    outer loop
      vertex 10.2 6.10192 8.4
      vertex 9.4 7.48756 8.4
      vertex 9.84805 5.92836 8.4
    endloop
  endfacet
  facet normal -0 0 1
    outer loop
      vertex 9.23576 7.40657 8.4
      vertex 9.84805 5.92836 8.4
      vertex 9.4 7.48756 8.4
    endloop
  endfacet
  facet normal 0 0 1
    outer loop
      vertex 9.84805 5.92836 8.4
      vertex 9.23576 7.40657 8.4
      vertex 9.47646 5.80222 8.4
    endloop
  endfacet
  facet normal -0 0 1
    outer loop
      vertex 9.06235 7.3477 8.4
      vertex 9.47646 5.80222 8.4
      vertex 9.23576 7.40657 8.4
    endloop
  endfacet
  facet normal 0 0 1
    outer loop
      vertex 9.47646 5.80222 8.4
      vertex 9.06235 7.3477 8.4
      vertex 9.09158 5.72567 8.4
    endloop
  endfacet
  facet normal -0 0 1
    outer loop
      vertex 8.88274 7.31198 8.4
      vertex 9.09158 5.72567 8.4
      vertex 9.06235 7.3477 8.4
    endloop
  endfacet
  facet normal -0 0 1
    outer loop
      vertex 8.7 7.3 8.4
      vertex 9.09158 5.72567 8.4
      vertex 8.88274 7.31198 8.4
    endloop
  endfacet
  facet normal 0 0 1
    outer loop
      vertex 8.7 7.3 8.4
      vertex 8.7 5.7 8.4
      vertex 9.09158 5.72567 8.4
    endloop
  endfacet
  facet normal 0 0 1
    outer loop
      vertex 8.51726 7.31198 8.4
      vertex 8.7 5.7 8.4
      vertex 8.7 7.3 8.4
    endloop
  endfacet
  facet normal 0 0 1
    outer loop
      vertex 8.30842 5.72567 8.4
      vertex 8.51726 7.31198 8.4
      vertex 8.33765 7.3477 8.4
    endloop
  endfacet
  facet normal 0 0 1
    outer loop
      vertex 8.51726 7.31198 8.4
      vertex 8.30842 5.72567 8.4
      vertex 8.7 5.7 8.4
    endloop
  endfacet
  facet normal 0 0 1
    outer loop
      vertex 7.92354 5.80222 8.4
      vertex 8.33765 7.3477 8.4
      vertex 8.16424 7.40657 8.4
    endloop
  endfacet
  facet normal 0 0 1
    outer loop
      vertex 7.55195 5.92836 8.4
      vertex 8.16424 7.40657 8.4
      vertex 8 7.48756 8.4
    endloop
  endfacet
  facet normal 0 0 1
    outer loop
      vertex 8.33765 7.3477 8.4
      vertex 7.92354 5.80222 8.4
      vertex 8.30842 5.72567 8.4
    endloop
  endfacet
  facet normal 0 0 1
    outer loop
      vertex 7.2 6.10192 8.4
      vertex 8 7.48756 8.4
      vertex 7.84773 7.5893 8.4
    endloop
  endfacet
  facet normal 0 0 1
    outer loop
      vertex 6.87372 6.31994 8.4
      vertex 7.84773 7.5893 8.4
      vertex 7.71005 7.71005 8.4
    endloop
  endfacet
  facet normal 0 0 1
    outer loop
      vertex 6.57868 6.57868 8.4
      vertex 7.71005 7.71005 8.4
      vertex 7.5893 7.84773 8.4
    endloop
  endfacet
  facet normal 0 0 1
    outer loop
      vertex 8.16424 7.40657 8.4
      vertex 7.55195 5.92836 8.4
      vertex 7.92354 5.80222 8.4
    endloop
  endfacet
  facet normal 0 0 1
    outer loop
      vertex 6.31994 6.87372 8.4
      vertex 7.5893 7.84773 8.4
      vertex 7.48756 8 8.4
    endloop
  endfacet
  facet normal 0 0 1
    outer loop
      vertex 6.10192 7.2 8.4
      vertex 7.48756 8 8.4
      vertex 7.40657 8.16424 8.4
    endloop
  endfacet
  facet normal 0 0 1
    outer loop
      vertex 5.92836 7.55195 8.4
      vertex 7.40657 8.16424 8.4
      vertex 7.3477 8.33765 8.4
    endloop
  endfacet
  facet normal 0 0 1
    outer loop
      vertex 5.80222 7.92354 8.4
      vertex 7.3477 8.33765 8.4
      vertex 7.31198 8.51726 8.4
    endloop
  endfacet
  facet normal 0 0 1
    outer loop
      vertex 8 7.48756 8.4
      vertex 7.2 6.10192 8.4
      vertex 7.55195 5.92836 8.4
    endloop
  endfacet
  facet normal 0 0 1
    outer loop
      vertex 5.72567 8.30842 8.4
      vertex 7.31198 8.51726 8.4
      vertex 7.3 8.7 8.4
    endloop
  endfacet
  facet normal 0 0 1
    outer loop
      vertex 7.48756 9.4 8.4
      vertex 6.10192 10.2 8.4
      vertex 7.40657 9.23576 8.4
    endloop
  endfacet
  facet normal -0 0 1
    outer loop
      vertex 5.92836 9.84805 8.4
      vertex 7.40657 9.23576 8.4
      vertex 6.10192 10.2 8.4
    endloop
  endfacet
  facet normal 0 0 1
    outer loop
      vertex 7.84773 7.5893 8.4
      vertex 6.87372 6.31994 8.4
      vertex 7.2 6.10192 8.4
    endloop
  endfacet
  facet normal 0 0 1
    outer loop
      vertex 7.40657 9.23576 8.4
      vertex 5.92836 9.84805 8.4
      vertex 7.3477 9.06235 8.4
    endloop
  endfacet
  facet normal 0 0 1
    outer loop
      vertex 7.71005 7.71005 8.4
      vertex 6.57868 6.57868 8.4
      vertex 6.87372 6.31994 8.4
    endloop
  endfacet
  facet normal -0 0 1
    outer loop
      vertex 5.80222 9.47646 8.4
      vertex 7.3477 9.06235 8.4
      vertex 5.92836 9.84805 8.4
    endloop
  endfacet
  facet normal 0 0 1
    outer loop
      vertex 7.5893 7.84773 8.4
      vertex 6.31994 6.87372 8.4
      vertex 6.57868 6.57868 8.4
    endloop
  endfacet
  facet normal 0 0 1
    outer loop
      vertex 7.3477 9.06235 8.4
      vertex 5.80222 9.47646 8.4
      vertex 7.31198 8.88274 8.4
    endloop
  endfacet
  facet normal 0 0 1
    outer loop
      vertex 7.48756 8 8.4
      vertex 6.10192 7.2 8.4
      vertex 6.31994 6.87372 8.4
    endloop
  endfacet
  facet normal -0 0 1
    outer loop
      vertex 5.72567 9.09158 8.4
      vertex 7.31198 8.88274 8.4
      vertex 5.80222 9.47646 8.4
    endloop
  endfacet
  facet normal 0 0 1
    outer loop
      vertex 7.40657 8.16424 8.4
      vertex 5.92836 7.55195 8.4
      vertex 6.10192 7.2 8.4
    endloop
  endfacet
  facet normal 0 0 1
    outer loop
      vertex 7.31198 8.88274 8.4
      vertex 5.72567 9.09158 8.4
      vertex 7.3 8.7 8.4
    endloop
  endfacet
  facet normal 0 0 1
    outer loop
      vertex 7.3477 8.33765 8.4
      vertex 5.80222 7.92354 8.4
      vertex 5.92836 7.55195 8.4
    endloop
  endfacet
  facet normal 0 0 1
    outer loop
      vertex 5.7 8.7 8.4
      vertex 7.3 8.7 8.4
      vertex 5.72567 9.09158 8.4
    endloop
  endfacet
  facet normal 0 0 1
    outer loop
      vertex 7.31198 8.51726 8.4
      vertex 5.72567 8.30842 8.4
      vertex 5.80222 7.92354 8.4
    endloop
  endfacet
  facet normal 0 0 1
    outer loop
      vertex 7.3 8.7 8.4
      vertex 5.7 8.7 8.4
      vertex 5.72567 8.30842 8.4
    endloop
  endfacet
  facet normal -0.946928 -0.321444 0
    outer loop
      vertex 5.92836 7.55195 2.4
      vertex 5.80222 7.92354 8.4
      vertex 5.80222 7.92354 2.4
    endloop
  endfacet
  facet normal -0.946928 -0.321444 0
    outer loop
      vertex 5.80222 7.92354 8.4
      vertex 5.92836 7.55195 2.4
      vertex 5.92836 7.55195 8.4
    endloop
  endfacet
  facet normal -0.980789 0.195072 0
    outer loop
      vertex 5.72567 9.09158 2.4
      vertex 5.80222 9.47646 8.4
      vertex 5.80222 9.47646 2.4
    endloop
  endfacet
  facet normal -0.980789 0.195072 0
    outer loop
      vertex 5.80222 9.47646 8.4
      vertex 5.72567 9.09158 2.4
      vertex 5.72567 9.09158 8.4
    endloop
  endfacet
  facet normal 0.555523 0.831501 -0
    outer loop
      vertex 10.5263 11.0801 2.4
      vertex 10.2 11.2981 8.4
      vertex 10.5263 11.0801 8.4
    endloop
  endfacet
  facet normal 0.555523 0.831501 0
    outer loop
      vertex 10.2 11.2981 8.4
      vertex 10.5263 11.0801 2.4
      vertex 10.2 11.2981 2.4
    endloop
  endfacet
  facet normal -0.831477 0.555558 0
    outer loop
      vertex 6.10192 10.2 2.4
      vertex 6.31994 10.5263 8.4
      vertex 6.31994 10.5263 2.4
    endloop
  endfacet
  facet normal -0.831477 0.555558 0
    outer loop
      vertex 6.31994 10.5263 8.4
      vertex 6.10192 10.2 2.4
      vertex 6.10192 10.2 8.4
    endloop
  endfacet
  facet normal -0.0654145 -0.997858 0
    outer loop
      vertex 8.30842 5.72567 2.4
      vertex 8.7 5.7 8.4
      vertex 8.30842 5.72567 8.4
    endloop
  endfacet
  facet normal -0.0654145 -0.997858 -0
    outer loop
      vertex 8.7 5.7 8.4
      vertex 8.30842 5.72567 2.4
      vertex 8.7 5.7 2.4
    endloop
  endfacet
  facet normal -0.442283 -0.896875 0
    outer loop
      vertex 7.2 6.10192 2.4
      vertex 7.55195 5.92836 8.4
      vertex 7.2 6.10192 8.4
    endloop
  endfacet
  facet normal -0.442283 -0.896875 -0
    outer loop
      vertex 7.55195 5.92836 8.4
      vertex 7.2 6.10192 2.4
      vertex 7.55195 5.92836 2.4
    endloop
  endfacet
  facet normal -0.19495 0.980813 0
    outer loop
      vertex 8.30842 11.6743 2.4
      vertex 7.92354 11.5978 8.4
      vertex 8.30842 11.6743 8.4
    endloop
  endfacet
  facet normal -0.19495 0.980813 0
    outer loop
      vertex 7.92354 11.5978 8.4
      vertex 8.30842 11.6743 2.4
      vertex 7.92354 11.5978 2.4
    endloop
  endfacet
  facet normal -0.555582 -0.831462 0
    outer loop
      vertex 6.87372 6.31994 2.4
      vertex 7.2 6.10192 8.4
      vertex 6.87372 6.31994 8.4
    endloop
  endfacet
  facet normal -0.555582 -0.831462 -0
    outer loop
      vertex 7.2 6.10192 8.4
      vertex 6.87372 6.31994 2.4
      vertex 7.2 6.10192 2.4
    endloop
  endfacet
  facet normal 0.321444 -0.946928 0
    outer loop
      vertex 9.47646 5.80222 2.4
      vertex 9.84805 5.92836 8.4
      vertex 9.47646 5.80222 8.4
    endloop
  endfacet
  facet normal 0.321444 -0.946928 0
    outer loop
      vertex 9.84805 5.92836 8.4
      vertex 9.47646 5.80222 2.4
      vertex 9.84805 5.92836 2.4
    endloop
  endfacet
  facet normal 0.980813 -0.19495 0
    outer loop
      vertex 11.5978 7.92354 8.4
      vertex 11.6743 8.30842 2.4
      vertex 11.6743 8.30842 8.4
    endloop
  endfacet
  facet normal 0.980813 -0.19495 0
    outer loop
      vertex 11.6743 8.30842 2.4
      vertex 11.5978 7.92354 8.4
      vertex 11.5978 7.92354 2.4
    endloop
  endfacet
  facet normal -0.659428 0.751768 0
    outer loop
      vertex 6.87372 11.0801 2.4
      vertex 6.57868 10.8213 8.4
      vertex 6.87372 11.0801 8.4
    endloop
  endfacet
  facet normal -0.659428 0.751768 0
    outer loop
      vertex 6.57868 10.8213 8.4
      vertex 6.87372 11.0801 2.4
      vertex 6.57868 10.8213 2.4
    endloop
  endfacet
  facet normal -0.896875 -0.442283 0
    outer loop
      vertex 6.10192 7.2 2.4
      vertex 5.92836 7.55195 8.4
      vertex 5.92836 7.55195 2.4
    endloop
  endfacet
  facet normal -0.896875 -0.442283 0
    outer loop
      vertex 5.92836 7.55195 8.4
      vertex 6.10192 7.2 2.4
      vertex 6.10192 7.2 8.4
    endloop
  endfacet
  facet normal 0.19495 0.980813 -0
    outer loop
      vertex 9.47646 11.5978 2.4
      vertex 9.09158 11.6743 8.4
      vertex 9.47646 11.5978 8.4
    endloop
  endfacet
  facet normal 0.19495 0.980813 0
    outer loop
      vertex 9.09158 11.6743 8.4
      vertex 9.47646 11.5978 2.4
      vertex 9.09158 11.6743 2.4
    endloop
  endfacet
  facet normal -0.831462 -0.555582 0
    outer loop
      vertex 6.31994 6.87372 2.4
      vertex 6.10192 7.2 8.4
      vertex 6.10192 7.2 2.4
    endloop
  endfacet
  facet normal -0.831462 -0.555582 0
    outer loop
      vertex 6.10192 7.2 8.4
      vertex 6.31994 6.87372 2.4
      vertex 6.31994 6.87372 8.4
    endloop
  endfacet
  facet normal -0.997858 -0.0654145 0
    outer loop
      vertex 5.72567 8.30842 2.4
      vertex 5.7 8.7 8.4
      vertex 5.7 8.7 2.4
    endloop
  endfacet
  facet normal -0.997858 -0.0654145 0
    outer loop
      vertex 5.7 8.7 8.4
      vertex 5.72567 8.30842 2.4
      vertex 5.72567 8.30842 8.4
    endloop
  endfacet
  facet normal 0.751724 0.659478 0
    outer loop
      vertex 11.0801 10.5263 8.4
      vertex 10.8213 10.8213 2.4
      vertex 10.8213 10.8213 8.4
    endloop
  endfacet
  facet normal 0.751724 0.659478 0
    outer loop
      vertex 10.8213 10.8213 2.4
      vertex 11.0801 10.5263 8.4
      vertex 11.0801 10.5263 2.4
    endloop
  endfacet
  facet normal 0.659478 0.751724 -0
    outer loop
      vertex 10.8213 10.8213 2.4
      vertex 10.5263 11.0801 8.4
      vertex 10.8213 10.8213 8.4
    endloop
  endfacet
  facet normal 0.659478 0.751724 0
    outer loop
      vertex 10.5263 11.0801 8.4
      vertex 10.8213 10.8213 2.4
      vertex 10.5263 11.0801 2.4
    endloop
  endfacet
  facet normal -0.751799 0.659392 0
    outer loop
      vertex 6.31994 10.5263 2.4
      vertex 6.57868 10.8213 8.4
      vertex 6.57868 10.8213 2.4
    endloop
  endfacet
  facet normal -0.751799 0.659392 0
    outer loop
      vertex 6.57868 10.8213 8.4
      vertex 6.31994 10.5263 2.4
      vertex 6.31994 10.5263 8.4
    endloop
  endfacet
  facet normal 0.946882 0.321582 0
    outer loop
      vertex 11.5978 9.47646 8.4
      vertex 11.4716 9.84805 2.4
      vertex 11.4716 9.84805 8.4
    endloop
  endfacet
  facet normal 0.946882 0.321582 0
    outer loop
      vertex 11.4716 9.84805 2.4
      vertex 11.5978 9.47646 8.4
      vertex 11.5978 9.47646 2.4
    endloop
  endfacet
  facet normal -0.980789 -0.195072 0
    outer loop
      vertex 5.80222 7.92354 2.4
      vertex 5.72567 8.30842 8.4
      vertex 5.72567 8.30842 2.4
    endloop
  endfacet
  facet normal -0.980789 -0.195072 0
    outer loop
      vertex 5.72567 8.30842 8.4
      vertex 5.80222 7.92354 2.4
      vertex 5.80222 7.92354 8.4
    endloop
  endfacet
  facet normal 0.0654145 -0.997858 0
    outer loop
      vertex 8.7 5.7 2.4
      vertex 9.09158 5.72567 8.4
      vertex 8.7 5.7 8.4
    endloop
  endfacet
  facet normal 0.0654145 -0.997858 0
    outer loop
      vertex 9.09158 5.72567 8.4
      vertex 8.7 5.7 2.4
      vertex 9.09158 5.72567 2.4
    endloop
  endfacet
  facet normal -0.896875 0.442283 0
    outer loop
      vertex 5.92836 9.84805 2.4
      vertex 6.10192 10.2 8.4
      vertex 6.10192 10.2 2.4
    endloop
  endfacet
  facet normal -0.896875 0.442283 0
    outer loop
      vertex 6.10192 10.2 8.4
      vertex 5.92836 9.84805 2.4
      vertex 5.92836 9.84805 8.4
    endloop
  endfacet
  facet normal 0.980815 0.19494 0
    outer loop
      vertex 11.6743 58.0916 8.4
      vertex 11.5978 58.4765 2.4
      vertex 11.5978 58.4765 8.4
    endloop
  endfacet
  facet normal 0.980815 0.19494 0
    outer loop
      vertex 11.5978 58.4765 2.4
      vertex 11.6743 58.0916 8.4
      vertex 11.6743 58.0916 2.4
    endloop
  endfacet
  facet normal 0.997853 0.0654873 0
    outer loop
      vertex 11.7 57.7 8.4
      vertex 11.6743 58.0916 2.4
      vertex 11.6743 58.0916 8.4
    endloop
  endfacet
  facet normal 0.997853 0.0654873 0
    outer loop
      vertex 11.6743 58.0916 2.4
      vertex 11.7 57.7 8.4
      vertex 11.7 57.7 2.4
    endloop
  endfacet
  facet normal 0.44216 -0.896936 0
    outer loop
      vertex 9.84805 54.9284 2.4
      vertex 10.2 55.1019 8.4
      vertex 9.84805 54.9284 8.4
    endloop
  endfacet
  facet normal 0.44216 -0.896936 0
    outer loop
      vertex 10.2 55.1019 8.4
      vertex 9.84805 54.9284 2.4
      vertex 10.2 55.1019 2.4
    endloop
  endfacet
  facet normal 0.321582 0.946882 -0
    outer loop
      vertex 9.84805 60.4716 2.4
      vertex 9.47646 60.5978 8.4
      vertex 9.84805 60.4716 8.4
    endloop
  endfacet
  facet normal 0.321582 0.946882 0
    outer loop
      vertex 9.47646 60.5978 8.4
      vertex 9.84805 60.4716 2.4
      vertex 9.47646 60.5978 2.4
    endloop
  endfacet
  facet normal -0.321582 0.946882 0
    outer loop
      vertex 7.92354 60.5978 2.4
      vertex 7.55195 60.4716 8.4
      vertex 7.92354 60.5978 8.4
    endloop
  endfacet
  facet normal -0.321582 0.946882 0
    outer loop
      vertex 7.55195 60.4716 8.4
      vertex 7.92354 60.5978 2.4
      vertex 7.55195 60.4716 2.4
    endloop
  endfacet
  facet normal -0.751799 -0.659392 0
    outer loop
      vertex 6.57868 55.5787 2.4
      vertex 6.31994 55.8737 8.4
      vertex 6.31994 55.8737 2.4
    endloop
  endfacet
  facet normal -0.751799 -0.659392 0
    outer loop
      vertex 6.31994 55.8737 8.4
      vertex 6.57868 55.5787 2.4
      vertex 6.57868 55.5787 8.4
    endloop
  endfacet
  facet normal -0.44216 0.896936 0
    outer loop
      vertex 7.55195 60.4716 2.4
      vertex 7.2 60.2981 8.4
      vertex 7.55195 60.4716 8.4
    endloop
  endfacet
  facet normal -0.44216 0.896936 0
    outer loop
      vertex 7.2 60.2981 8.4
      vertex 7.55195 60.4716 2.4
      vertex 7.2 60.2981 2.4
    endloop
  endfacet
  facet normal 0.946885 -0.321574 0
    outer loop
      vertex 11.4716 56.5519 8.4
      vertex 11.5978 56.9235 2.4
      vertex 11.5978 56.9235 8.4
    endloop
  endfacet
  facet normal 0.946885 -0.321574 0
    outer loop
      vertex 11.5978 56.9235 2.4
      vertex 11.4716 56.5519 8.4
      vertex 11.4716 56.5519 2.4
    endloop
  endfacet
  facet normal 0.751724 -0.659478 0
    outer loop
      vertex 10.8213 55.5787 8.4
      vertex 11.0801 55.8737 2.4
      vertex 11.0801 55.8737 8.4
    endloop
  endfacet
  facet normal 0.751724 -0.659478 0
    outer loop
      vertex 11.0801 55.8737 2.4
      vertex 10.8213 55.5787 8.4
      vertex 10.8213 55.5787 2.4
    endloop
  endfacet
  facet normal -0.997858 0.0654112 0
    outer loop
      vertex 5.7 57.7 2.4
      vertex 5.72567 58.0916 8.4
      vertex 5.72567 58.0916 2.4
    endloop
  endfacet
  facet normal -0.997858 0.0654112 0
    outer loop
      vertex 5.72567 58.0916 8.4
      vertex 5.7 57.7 2.4
      vertex 5.7 57.7 8.4
    endloop
  endfacet
  facet normal 0.997853 -0.0654873 0
    outer loop
      vertex 11.6743 57.3084 8.4
      vertex 11.7 57.7 2.4
      vertex 11.7 57.7 8.4
    endloop
  endfacet
  facet normal 0.997853 -0.0654873 0
    outer loop
      vertex 11.7 57.7 2.4
      vertex 11.6743 57.3084 8.4
      vertex 11.6743 57.3084 2.4
    endloop
  endfacet
  facet normal 0.0654906 0.997853 -0
    outer loop
      vertex 9.09158 60.6743 2.4
      vertex 8.7 60.7 8.4
      vertex 9.09158 60.6743 8.4
    endloop
  endfacet
  facet normal 0.0654906 0.997853 0
    outer loop
      vertex 8.7 60.7 8.4
      vertex 9.09158 60.6743 2.4
      vertex 8.7 60.7 2.4
    endloop
  endfacet
  facet normal 0.896961 0.44211 0
    outer loop
      vertex 11.4716 58.848 8.4
      vertex 11.2981 59.2 2.4
      vertex 11.2981 59.2 8.4
    endloop
  endfacet
  facet normal 0.896961 0.44211 0
    outer loop
      vertex 11.2981 59.2 2.4
      vertex 11.4716 58.848 8.4
      vertex 11.4716 58.848 2.4
    endloop
  endfacet
  facet normal -0.321582 -0.946882 0
    outer loop
      vertex 7.55195 54.9284 2.4
      vertex 7.92354 54.8022 8.4
      vertex 7.55195 54.9284 8.4
    endloop
  endfacet
  facet normal -0.321582 -0.946882 -0
    outer loop
      vertex 7.92354 54.8022 8.4
      vertex 7.55195 54.9284 2.4
      vertex 7.92354 54.8022 2.4
    endloop
  endfacet
  facet normal 0.555523 -0.831501 0
    outer loop
      vertex 10.2 55.1019 2.4
      vertex 10.5263 55.3199 8.4
      vertex 10.2 55.1019 8.4
    endloop
  endfacet
  facet normal 0.555523 -0.831501 0
    outer loop
      vertex 10.5263 55.3199 8.4
      vertex 10.2 55.1019 2.4
      vertex 10.5263 55.3199 2.4
    endloop
  endfacet
  facet normal 0.831501 -0.555523 0
    outer loop
      vertex 11.0801 55.8737 8.4
      vertex 11.2981 56.2 2.4
      vertex 11.2981 56.2 8.4
    endloop
  endfacet
  facet normal 0.831501 -0.555523 0
    outer loop
      vertex 11.2981 56.2 2.4
      vertex 11.0801 55.8737 8.4
      vertex 11.0801 55.8737 2.4
    endloop
  endfacet
  facet normal -0.659428 -0.751768 0
    outer loop
      vertex 6.57868 55.5787 2.4
      vertex 6.87372 55.3199 8.4
      vertex 6.57868 55.5787 8.4
    endloop
  endfacet
  facet normal -0.659428 -0.751768 -0
    outer loop
      vertex 6.87372 55.3199 8.4
      vertex 6.57868 55.5787 2.4
      vertex 6.87372 55.3199 2.4
    endloop
  endfacet
  facet normal 0.44216 0.896936 -0
    outer loop
      vertex 10.2 60.2981 2.4
      vertex 9.84805 60.4716 8.4
      vertex 10.2 60.2981 8.4
    endloop
  endfacet
  facet normal 0.44216 0.896936 0
    outer loop
      vertex 9.84805 60.4716 8.4
      vertex 10.2 60.2981 2.4
      vertex 9.84805 60.4716 2.4
    endloop
  endfacet
  facet normal 0.896911 -0.442211 0
    outer loop
      vertex 11.2981 56.2 8.4
      vertex 11.4716 56.5519 2.4
      vertex 11.4716 56.5519 8.4
    endloop
  endfacet
  facet normal 0.896911 -0.442211 0
    outer loop
      vertex 11.4716 56.5519 2.4
      vertex 11.2981 56.2 8.4
      vertex 11.2981 56.2 2.4
    endloop
  endfacet
  facet normal -0.0654906 0.997853 0
    outer loop
      vertex 8.7 60.7 2.4
      vertex 8.30842 60.6743 8.4
      vertex 8.7 60.7 8.4
    endloop
  endfacet
  facet normal -0.0654906 0.997853 0
    outer loop
      vertex 8.30842 60.6743 8.4
      vertex 8.7 60.7 2.4
      vertex 8.30842 60.6743 2.4
    endloop
  endfacet
  facet normal -0.19495 -0.980813 0
    outer loop
      vertex 7.92354 54.8022 2.4
      vertex 8.30842 54.7257 8.4
      vertex 7.92354 54.8022 8.4
    endloop
  endfacet
  facet normal -0.19495 -0.980813 -0
    outer loop
      vertex 8.30842 54.7257 8.4
      vertex 7.92354 54.8022 2.4
      vertex 8.30842 54.7257 2.4
    endloop
  endfacet
  facet normal 0.19495 -0.980813 0
    outer loop
      vertex 9.09158 54.7257 2.4
      vertex 9.47646 54.8022 8.4
      vertex 9.09158 54.7257 8.4
    endloop
  endfacet
  facet normal 0.19495 -0.980813 0
    outer loop
      vertex 9.47646 54.8022 8.4
      vertex 9.09158 54.7257 2.4
      vertex 9.47646 54.8022 2.4
    endloop
  endfacet
  facet normal -0.555547 0.831485 0
    outer loop
      vertex 7.2 60.2981 2.4
      vertex 6.87372 60.0801 8.4
      vertex 7.2 60.2981 8.4
    endloop
  endfacet
  facet normal -0.555547 0.831485 0
    outer loop
      vertex 6.87372 60.0801 8.4
      vertex 7.2 60.2981 2.4
      vertex 6.87372 60.0801 2.4
    endloop
  endfacet
  facet normal 0.831501 0.555523 0
    outer loop
      vertex 11.2981 59.2 8.4
      vertex 11.0801 59.5263 2.4
      vertex 11.0801 59.5263 8.4
    endloop
  endfacet
  facet normal 0.831501 0.555523 0
    outer loop
      vertex 11.0801 59.5263 2.4
      vertex 11.2981 59.2 8.4
      vertex 11.2981 59.2 2.4
    endloop
  endfacet
  facet normal 0.659478 -0.751724 0
    outer loop
      vertex 10.5263 55.3199 2.4
      vertex 10.8213 55.5787 8.4
      vertex 10.5263 55.3199 8.4
    endloop
  endfacet
  facet normal 0.659478 -0.751724 0
    outer loop
      vertex 10.8213 55.5787 8.4
      vertex 10.5263 55.3199 2.4
      vertex 10.8213 55.5787 2.4
    endloop
  endfacet
  facet normal -0.946905 0.321514 0
    outer loop
      vertex 5.80222 58.4765 2.4
      vertex 5.92836 58.848 8.4
      vertex 5.92836 58.848 2.4
    endloop
  endfacet
  facet normal -0.946905 0.321514 0
    outer loop
      vertex 5.92836 58.848 8.4
      vertex 5.80222 58.4765 2.4
      vertex 5.80222 58.4765 8.4
    endloop
  endfacet
  facet normal 0 0 1
    outer loop
      vertex 10.1 57.7 8.4
      vertex 11.7 57.7 8.4
      vertex 11.6743 58.0916 8.4
    endloop
  endfacet
  facet normal 0 0 1
    outer loop
      vertex 10.088 57.8827 8.4
      vertex 11.6743 58.0916 8.4
      vertex 11.5978 58.4765 8.4
    endloop
  endfacet
  facet normal 0 0 1
    outer loop
      vertex 11.7 57.7 8.4
      vertex 10.1 57.7 8.4
      vertex 11.6743 57.3084 8.4
    endloop
  endfacet
  facet normal 0 0 1
    outer loop
      vertex 10.0523 58.0623 8.4
      vertex 11.5978 58.4765 8.4
      vertex 11.4716 58.848 8.4
    endloop
  endfacet
  facet normal -0 0 1
    outer loop
      vertex 10.088 57.5173 8.4
      vertex 11.6743 57.3084 8.4
      vertex 10.1 57.7 8.4
    endloop
  endfacet
  facet normal 0 0 1
    outer loop
      vertex 9.99343 58.2358 8.4
      vertex 11.4716 58.848 8.4
      vertex 11.2981 59.2 8.4
    endloop
  endfacet
  facet normal 0 0 1
    outer loop
      vertex 11.6743 57.3084 8.4
      vertex 10.088 57.5173 8.4
      vertex 11.5978 56.9235 8.4
    endloop
  endfacet
  facet normal 0 0 1
    outer loop
      vertex 9.91244 58.4 8.4
      vertex 11.2981 59.2 8.4
      vertex 11.0801 59.5263 8.4
    endloop
  endfacet
  facet normal -0 0 1
    outer loop
      vertex 10.0523 57.3377 8.4
      vertex 11.5978 56.9235 8.4
      vertex 10.088 57.5173 8.4
    endloop
  endfacet
  facet normal 0 0 1
    outer loop
      vertex 9.81069 58.5523 8.4
      vertex 11.0801 59.5263 8.4
      vertex 10.8213 59.8213 8.4
    endloop
  endfacet
  facet normal 0 0 1
    outer loop
      vertex 11.5978 56.9235 8.4
      vertex 10.0523 57.3377 8.4
      vertex 11.4716 56.5519 8.4
    endloop
  endfacet
  facet normal 0 0 1
    outer loop
      vertex 9.68995 58.6899 8.4
      vertex 10.8213 59.8213 8.4
      vertex 10.5263 60.0801 8.4
    endloop
  endfacet
  facet normal -0 0 1
    outer loop
      vertex 9.99343 57.1642 8.4
      vertex 11.4716 56.5519 8.4
      vertex 10.0523 57.3377 8.4
    endloop
  endfacet
  facet normal 0 0 1
    outer loop
      vertex 9.55227 58.8107 8.4
      vertex 10.5263 60.0801 8.4
      vertex 10.2 60.2981 8.4
    endloop
  endfacet
  facet normal 0 0 1
    outer loop
      vertex 11.4716 56.5519 8.4
      vertex 9.99343 57.1642 8.4
      vertex 11.2981 56.2 8.4
    endloop
  endfacet
  facet normal -0 0 1
    outer loop
      vertex 9.91244 57 8.4
      vertex 11.2981 56.2 8.4
      vertex 9.99343 57.1642 8.4
    endloop
  endfacet
  facet normal 0 0 1
    outer loop
      vertex 11.6743 58.0916 8.4
      vertex 10.088 57.8827 8.4
      vertex 10.1 57.7 8.4
    endloop
  endfacet
  facet normal 0 0 1
    outer loop
      vertex 11.5978 58.4765 8.4
      vertex 10.0523 58.0623 8.4
      vertex 10.088 57.8827 8.4
    endloop
  endfacet
  facet normal 0 0 1
    outer loop
      vertex 11.4716 58.848 8.4
      vertex 9.99343 58.2358 8.4
      vertex 10.0523 58.0623 8.4
    endloop
  endfacet
  facet normal 0 0 1
    outer loop
      vertex 11.2981 59.2 8.4
      vertex 9.91244 58.4 8.4
      vertex 9.99343 58.2358 8.4
    endloop
  endfacet
  facet normal 0 0 1
    outer loop
      vertex 9.4 58.9124 8.4
      vertex 10.2 60.2981 8.4
      vertex 9.84805 60.4716 8.4
    endloop
  endfacet
  facet normal 0 0 1
    outer loop
      vertex 11.0801 59.5263 8.4
      vertex 9.81069 58.5523 8.4
      vertex 9.91244 58.4 8.4
    endloop
  endfacet
  facet normal 0 0 1
    outer loop
      vertex 10.8213 59.8213 8.4
      vertex 9.68995 58.6899 8.4
      vertex 9.81069 58.5523 8.4
    endloop
  endfacet
  facet normal 0 0 1
    outer loop
      vertex 10.5263 60.0801 8.4
      vertex 9.55227 58.8107 8.4
      vertex 9.68995 58.6899 8.4
    endloop
  endfacet
  facet normal 0 0 1
    outer loop
      vertex 9.23576 58.9934 8.4
      vertex 9.84805 60.4716 8.4
      vertex 9.47646 60.5978 8.4
    endloop
  endfacet
  facet normal 0 0 1
    outer loop
      vertex 10.2 60.2981 8.4
      vertex 9.4 58.9124 8.4
      vertex 9.55227 58.8107 8.4
    endloop
  endfacet
  facet normal 0 0 1
    outer loop
      vertex 9.84805 60.4716 8.4
      vertex 9.23576 58.9934 8.4
      vertex 9.4 58.9124 8.4
    endloop
  endfacet
  facet normal 0 0 1
    outer loop
      vertex 9.06235 59.0523 8.4
      vertex 9.47646 60.5978 8.4
      vertex 9.09158 60.6743 8.4
    endloop
  endfacet
  facet normal 0 0 1
    outer loop
      vertex 9.47646 60.5978 8.4
      vertex 9.06235 59.0523 8.4
      vertex 9.23576 58.9934 8.4
    endloop
  endfacet
  facet normal 0 0 1
    outer loop
      vertex 9.09158 60.6743 8.4
      vertex 8.88274 59.088 8.4
      vertex 9.06235 59.0523 8.4
    endloop
  endfacet
  facet normal 0 0 1
    outer loop
      vertex 8.7 60.7 8.4
      vertex 8.88274 59.088 8.4
      vertex 9.09158 60.6743 8.4
    endloop
  endfacet
  facet normal 0 0 1
    outer loop
      vertex 8.7 60.7 8.4
      vertex 8.7 59.1 8.4
      vertex 8.88274 59.088 8.4
    endloop
  endfacet
  facet normal 0 0 1
    outer loop
      vertex 8.7 60.7 8.4
      vertex 8.51726 59.088 8.4
      vertex 8.7 59.1 8.4
    endloop
  endfacet
  facet normal -0 0 1
    outer loop
      vertex 8.30842 60.6743 8.4
      vertex 8.51726 59.088 8.4
      vertex 8.7 60.7 8.4
    endloop
  endfacet
  facet normal 0 0 1
    outer loop
      vertex 8.51726 59.088 8.4
      vertex 8.30842 60.6743 8.4
      vertex 8.33765 59.0523 8.4
    endloop
  endfacet
  facet normal -0 0 1
    outer loop
      vertex 7.92354 60.5978 8.4
      vertex 8.33765 59.0523 8.4
      vertex 8.30842 60.6743 8.4
    endloop
  endfacet
  facet normal 0 0 1
    outer loop
      vertex 8.33765 59.0523 8.4
      vertex 7.92354 60.5978 8.4
      vertex 8.16424 58.9934 8.4
    endloop
  endfacet
  facet normal -0 0 1
    outer loop
      vertex 7.55195 60.4716 8.4
      vertex 8.16424 58.9934 8.4
      vertex 7.92354 60.5978 8.4
    endloop
  endfacet
  facet normal 0 0 1
    outer loop
      vertex 8.16424 58.9934 8.4
      vertex 7.55195 60.4716 8.4
      vertex 8 58.9124 8.4
    endloop
  endfacet
  facet normal -0 0 1
    outer loop
      vertex 7.2 60.2981 8.4
      vertex 8 58.9124 8.4
      vertex 7.55195 60.4716 8.4
    endloop
  endfacet
  facet normal 0 0 1
    outer loop
      vertex 8 58.9124 8.4
      vertex 7.2 60.2981 8.4
      vertex 7.84773 58.8107 8.4
    endloop
  endfacet
  facet normal -0 0 1
    outer loop
      vertex 6.87372 60.0801 8.4
      vertex 7.84773 58.8107 8.4
      vertex 7.2 60.2981 8.4
    endloop
  endfacet
  facet normal 0 0 1
    outer loop
      vertex 7.84773 58.8107 8.4
      vertex 6.87372 60.0801 8.4
      vertex 7.71005 58.6899 8.4
    endloop
  endfacet
  facet normal -0 0 1
    outer loop
      vertex 6.57868 59.8213 8.4
      vertex 7.71005 58.6899 8.4
      vertex 6.87372 60.0801 8.4
    endloop
  endfacet
  facet normal 0 0 1
    outer loop
      vertex 7.71005 58.6899 8.4
      vertex 6.57868 59.8213 8.4
      vertex 7.5893 58.5523 8.4
    endloop
  endfacet
  facet normal -0 0 1
    outer loop
      vertex 6.31994 59.5263 8.4
      vertex 7.5893 58.5523 8.4
      vertex 6.57868 59.8213 8.4
    endloop
  endfacet
  facet normal -0 0 1
    outer loop
      vertex 6.10192 59.2 8.4
      vertex 7.48756 58.4 8.4
      vertex 6.31994 59.5263 8.4
    endloop
  endfacet
  facet normal 0 0 1
    outer loop
      vertex 7.5893 58.5523 8.4
      vertex 6.31994 59.5263 8.4
      vertex 7.48756 58.4 8.4
    endloop
  endfacet
  facet normal 0 0 1
    outer loop
      vertex 11.2981 56.2 8.4
      vertex 9.91244 57 8.4
      vertex 11.0801 55.8737 8.4
    endloop
  endfacet
  facet normal -0 0 1
    outer loop
      vertex 9.81069 56.8477 8.4
      vertex 11.0801 55.8737 8.4
      vertex 9.91244 57 8.4
    endloop
  endfacet
  facet normal 0 0 1
    outer loop
      vertex 11.0801 55.8737 8.4
      vertex 9.81069 56.8477 8.4
      vertex 10.8213 55.5787 8.4
    endloop
  endfacet
  facet normal -0 0 1
    outer loop
      vertex 9.68995 56.71 8.4
      vertex 10.8213 55.5787 8.4
      vertex 9.81069 56.8477 8.4
    endloop
  endfacet
  facet normal 0 0 1
    outer loop
      vertex 10.8213 55.5787 8.4
      vertex 9.68995 56.71 8.4
      vertex 10.5263 55.3199 8.4
    endloop
  endfacet
  facet normal -0 0 1
    outer loop
      vertex 9.55227 56.5893 8.4
      vertex 10.5263 55.3199 8.4
      vertex 9.68995 56.71 8.4
    endloop
  endfacet
  facet normal 0 0 1
    outer loop
      vertex 10.5263 55.3199 8.4
      vertex 9.55227 56.5893 8.4
      vertex 10.2 55.1019 8.4
    endloop
  endfacet
  facet normal -0 0 1
    outer loop
      vertex 9.4 56.4876 8.4
      vertex 10.2 55.1019 8.4
      vertex 9.55227 56.5893 8.4
    endloop
  endfacet
  facet normal 0 0 1
    outer loop
      vertex 10.2 55.1019 8.4
      vertex 9.4 56.4876 8.4
      vertex 9.84805 54.9284 8.4
    endloop
  endfacet
  facet normal -0 0 1
    outer loop
      vertex 9.23576 56.4066 8.4
      vertex 9.84805 54.9284 8.4
      vertex 9.4 56.4876 8.4
    endloop
  endfacet
  facet normal 0 0 1
    outer loop
      vertex 9.84805 54.9284 8.4
      vertex 9.23576 56.4066 8.4
      vertex 9.47646 54.8022 8.4
    endloop
  endfacet
  facet normal -0 0 1
    outer loop
      vertex 9.06235 56.3477 8.4
      vertex 9.47646 54.8022 8.4
      vertex 9.23576 56.4066 8.4
    endloop
  endfacet
  facet normal 0 0 1
    outer loop
      vertex 9.47646 54.8022 8.4
      vertex 9.06235 56.3477 8.4
      vertex 9.09158 54.7257 8.4
    endloop
  endfacet
  facet normal -0 0 1
    outer loop
      vertex 8.88274 56.312 8.4
      vertex 9.09158 54.7257 8.4
      vertex 9.06235 56.3477 8.4
    endloop
  endfacet
  facet normal -0 0 1
    outer loop
      vertex 8.7 56.3 8.4
      vertex 9.09158 54.7257 8.4
      vertex 8.88274 56.312 8.4
    endloop
  endfacet
  facet normal 0 0 1
    outer loop
      vertex 8.7 56.3 8.4
      vertex 8.7 54.7 8.4
      vertex 9.09158 54.7257 8.4
    endloop
  endfacet
  facet normal 0 0 1
    outer loop
      vertex 8.51726 56.312 8.4
      vertex 8.7 54.7 8.4
      vertex 8.7 56.3 8.4
    endloop
  endfacet
  facet normal 0 0 1
    outer loop
      vertex 8.30842 54.7257 8.4
      vertex 8.51726 56.312 8.4
      vertex 8.33765 56.3477 8.4
    endloop
  endfacet
  facet normal 0 0 1
    outer loop
      vertex 8.51726 56.312 8.4
      vertex 8.30842 54.7257 8.4
      vertex 8.7 54.7 8.4
    endloop
  endfacet
  facet normal 0 0 1
    outer loop
      vertex 7.92354 54.8022 8.4
      vertex 8.33765 56.3477 8.4
      vertex 8.16424 56.4066 8.4
    endloop
  endfacet
  facet normal 0 0 1
    outer loop
      vertex 7.55195 54.9284 8.4
      vertex 8.16424 56.4066 8.4
      vertex 8 56.4876 8.4
    endloop
  endfacet
  facet normal 0 0 1
    outer loop
      vertex 8.33765 56.3477 8.4
      vertex 7.92354 54.8022 8.4
      vertex 8.30842 54.7257 8.4
    endloop
  endfacet
  facet normal 0 0 1
    outer loop
      vertex 7.2 55.1019 8.4
      vertex 8 56.4876 8.4
      vertex 7.84773 56.5893 8.4
    endloop
  endfacet
  facet normal 0 0 1
    outer loop
      vertex 6.87372 55.3199 8.4
      vertex 7.84773 56.5893 8.4
      vertex 7.71005 56.71 8.4
    endloop
  endfacet
  facet normal 0 0 1
    outer loop
      vertex 6.57868 55.5787 8.4
      vertex 7.71005 56.71 8.4
      vertex 7.5893 56.8477 8.4
    endloop
  endfacet
  facet normal 0 0 1
    outer loop
      vertex 8.16424 56.4066 8.4
      vertex 7.55195 54.9284 8.4
      vertex 7.92354 54.8022 8.4
    endloop
  endfacet
  facet normal 0 0 1
    outer loop
      vertex 6.31994 55.8737 8.4
      vertex 7.5893 56.8477 8.4
      vertex 7.48756 57 8.4
    endloop
  endfacet
  facet normal 0 0 1
    outer loop
      vertex 6.10192 56.2 8.4
      vertex 7.48756 57 8.4
      vertex 7.40657 57.1642 8.4
    endloop
  endfacet
  facet normal 0 0 1
    outer loop
      vertex 5.92836 56.5519 8.4
      vertex 7.40657 57.1642 8.4
      vertex 7.3477 57.3377 8.4
    endloop
  endfacet
  facet normal 0 0 1
    outer loop
      vertex 5.80222 56.9235 8.4
      vertex 7.3477 57.3377 8.4
      vertex 7.31198 57.5173 8.4
    endloop
  endfacet
  facet normal 0 0 1
    outer loop
      vertex 8 56.4876 8.4
      vertex 7.2 55.1019 8.4
      vertex 7.55195 54.9284 8.4
    endloop
  endfacet
  facet normal 0 0 1
    outer loop
      vertex 5.72567 57.3084 8.4
      vertex 7.31198 57.5173 8.4
      vertex 7.3 57.7 8.4
    endloop
  endfacet
  facet normal 0 0 1
    outer loop
      vertex 7.48756 58.4 8.4
      vertex 6.10192 59.2 8.4
      vertex 7.40657 58.2358 8.4
    endloop
  endfacet
  facet normal -0 0 1
    outer loop
      vertex 5.92836 58.848 8.4
      vertex 7.40657 58.2358 8.4
      vertex 6.10192 59.2 8.4
    endloop
  endfacet
  facet normal 0 0 1
    outer loop
      vertex 7.84773 56.5893 8.4
      vertex 6.87372 55.3199 8.4
      vertex 7.2 55.1019 8.4
    endloop
  endfacet
  facet normal 0 0 1
    outer loop
      vertex 7.40657 58.2358 8.4
      vertex 5.92836 58.848 8.4
      vertex 7.3477 58.0623 8.4
    endloop
  endfacet
  facet normal 0 0 1
    outer loop
      vertex 7.71005 56.71 8.4
      vertex 6.57868 55.5787 8.4
      vertex 6.87372 55.3199 8.4
    endloop
  endfacet
  facet normal -0 0 1
    outer loop
      vertex 5.80222 58.4765 8.4
      vertex 7.3477 58.0623 8.4
      vertex 5.92836 58.848 8.4
    endloop
  endfacet
  facet normal 0 0 1
    outer loop
      vertex 7.5893 56.8477 8.4
      vertex 6.31994 55.8737 8.4
      vertex 6.57868 55.5787 8.4
    endloop
  endfacet
  facet normal 0 0 1
    outer loop
      vertex 7.3477 58.0623 8.4
      vertex 5.80222 58.4765 8.4
      vertex 7.31198 57.8827 8.4
    endloop
  endfacet
  facet normal 0 0 1
    outer loop
      vertex 7.48756 57 8.4
      vertex 6.10192 56.2 8.4
      vertex 6.31994 55.8737 8.4
    endloop
  endfacet
  facet normal -0 0 1
    outer loop
      vertex 5.72567 58.0916 8.4
      vertex 7.31198 57.8827 8.4
      vertex 5.80222 58.4765 8.4
    endloop
  endfacet
  facet normal 0 0 1
    outer loop
      vertex 7.40657 57.1642 8.4
      vertex 5.92836 56.5519 8.4
      vertex 6.10192 56.2 8.4
    endloop
  endfacet
  facet normal 0 0 1
    outer loop
      vertex 7.31198 57.8827 8.4
      vertex 5.72567 58.0916 8.4
      vertex 7.3 57.7 8.4
    endloop
  endfacet
  facet normal 0 0 1
    outer loop
      vertex 7.3477 57.3377 8.4
      vertex 5.80222 56.9235 8.4
      vertex 5.92836 56.5519 8.4
    endloop
  endfacet
  facet normal 0 0 1
    outer loop
      vertex 5.7 57.7 8.4
      vertex 7.3 57.7 8.4
      vertex 5.72567 58.0916 8.4
    endloop
  endfacet
  facet normal 0 0 1
    outer loop
      vertex 7.31198 57.5173 8.4
      vertex 5.72567 57.3084 8.4
      vertex 5.80222 56.9235 8.4
    endloop
  endfacet
  facet normal 0 0 1
    outer loop
      vertex 7.3 57.7 8.4
      vertex 5.7 57.7 8.4
      vertex 5.72567 57.3084 8.4
    endloop
  endfacet
  facet normal -0.946931 -0.321437 0
    outer loop
      vertex 5.92836 56.5519 2.4
      vertex 5.80222 56.9235 8.4
      vertex 5.80222 56.9235 2.4
    endloop
  endfacet
  facet normal -0.946931 -0.321437 0
    outer loop
      vertex 5.80222 56.9235 8.4
      vertex 5.92836 56.5519 2.4
      vertex 5.92836 56.5519 8.4
    endloop
  endfacet
  facet normal -0.980791 0.195062 0
    outer loop
      vertex 5.72567 58.0916 2.4
      vertex 5.80222 58.4765 8.4
      vertex 5.80222 58.4765 2.4
    endloop
  endfacet
  facet normal -0.980791 0.195062 0
    outer loop
      vertex 5.80222 58.4765 8.4
      vertex 5.72567 58.0916 2.4
      vertex 5.72567 58.0916 8.4
    endloop
  endfacet
  facet normal 0.555523 0.831501 -0
    outer loop
      vertex 10.5263 60.0801 2.4
      vertex 10.2 60.2981 8.4
      vertex 10.5263 60.0801 8.4
    endloop
  endfacet
  facet normal 0.555523 0.831501 0
    outer loop
      vertex 10.2 60.2981 8.4
      vertex 10.5263 60.0801 2.4
      vertex 10.2 60.2981 2.4
    endloop
  endfacet
  facet normal -0.831477 0.555558 0
    outer loop
      vertex 6.10192 59.2 2.4
      vertex 6.31994 59.5263 8.4
      vertex 6.31994 59.5263 2.4
    endloop
  endfacet
  facet normal -0.831477 0.555558 0
    outer loop
      vertex 6.31994 59.5263 8.4
      vertex 6.10192 59.2 2.4
      vertex 6.10192 59.2 8.4
    endloop
  endfacet
  facet normal -0.0654906 -0.997853 0
    outer loop
      vertex 8.30842 54.7257 2.4
      vertex 8.7 54.7 8.4
      vertex 8.30842 54.7257 8.4
    endloop
  endfacet
  facet normal -0.0654906 -0.997853 -0
    outer loop
      vertex 8.7 54.7 8.4
      vertex 8.30842 54.7257 2.4
      vertex 8.7 54.7 2.4
    endloop
  endfacet
  facet normal -0.44216 -0.896936 0
    outer loop
      vertex 7.2 55.1019 2.4
      vertex 7.55195 54.9284 8.4
      vertex 7.2 55.1019 8.4
    endloop
  endfacet
  facet normal -0.44216 -0.896936 -0
    outer loop
      vertex 7.55195 54.9284 8.4
      vertex 7.2 55.1019 2.4
      vertex 7.55195 54.9284 2.4
    endloop
  endfacet
  facet normal -0.19495 0.980813 0
    outer loop
      vertex 8.30842 60.6743 2.4
      vertex 7.92354 60.5978 8.4
      vertex 8.30842 60.6743 8.4
    endloop
  endfacet
  facet normal -0.19495 0.980813 0
    outer loop
      vertex 7.92354 60.5978 8.4
      vertex 8.30842 60.6743 2.4
      vertex 7.92354 60.5978 2.4
    endloop
  endfacet
  facet normal -0.555547 -0.831485 0
    outer loop
      vertex 6.87372 55.3199 2.4
      vertex 7.2 55.1019 8.4
      vertex 6.87372 55.3199 8.4
    endloop
  endfacet
  facet normal -0.555547 -0.831485 -0
    outer loop
      vertex 7.2 55.1019 8.4
      vertex 6.87372 55.3199 2.4
      vertex 7.2 55.1019 2.4
    endloop
  endfacet
  facet normal 0.321582 -0.946882 0
    outer loop
      vertex 9.47646 54.8022 2.4
      vertex 9.84805 54.9284 8.4
      vertex 9.47646 54.8022 8.4
    endloop
  endfacet
  facet normal 0.321582 -0.946882 0
    outer loop
      vertex 9.84805 54.9284 8.4
      vertex 9.47646 54.8022 2.4
      vertex 9.84805 54.9284 2.4
    endloop
  endfacet
  facet normal 0.980815 -0.19494 0
    outer loop
      vertex 11.5978 56.9235 8.4
      vertex 11.6743 57.3084 2.4
      vertex 11.6743 57.3084 8.4
    endloop
  endfacet
  facet normal 0.980815 -0.19494 0
    outer loop
      vertex 11.6743 57.3084 2.4
      vertex 11.5978 56.9235 8.4
      vertex 11.5978 56.9235 2.4
    endloop
  endfacet
  facet normal -0.659428 0.751768 0
    outer loop
      vertex 6.87372 60.0801 2.4
      vertex 6.57868 59.8213 8.4
      vertex 6.87372 60.0801 8.4
    endloop
  endfacet
  facet normal -0.659428 0.751768 0
    outer loop
      vertex 6.57868 59.8213 8.4
      vertex 6.87372 60.0801 2.4
      vertex 6.57868 59.8213 2.4
    endloop
  endfacet
  facet normal -0.89685 -0.442334 0
    outer loop
      vertex 6.10192 56.2 2.4
      vertex 5.92836 56.5519 8.4
      vertex 5.92836 56.5519 2.4
    endloop
  endfacet
  facet normal -0.89685 -0.442334 0
    outer loop
      vertex 5.92836 56.5519 8.4
      vertex 6.10192 56.2 2.4
      vertex 6.10192 56.2 8.4
    endloop
  endfacet
  facet normal 0.19495 0.980813 -0
    outer loop
      vertex 9.47646 60.5978 2.4
      vertex 9.09158 60.6743 8.4
      vertex 9.47646 60.5978 8.4
    endloop
  endfacet
  facet normal 0.19495 0.980813 0
    outer loop
      vertex 9.09158 60.6743 8.4
      vertex 9.47646 60.5978 2.4
      vertex 9.09158 60.6743 2.4
    endloop
  endfacet
  facet normal -0.831477 -0.555558 0
    outer loop
      vertex 6.31994 55.8737 2.4
      vertex 6.10192 56.2 8.4
      vertex 6.10192 56.2 2.4
    endloop
  endfacet
  facet normal -0.831477 -0.555558 0
    outer loop
      vertex 6.10192 56.2 8.4
      vertex 6.31994 55.8737 2.4
      vertex 6.31994 55.8737 8.4
    endloop
  endfacet
  facet normal -0.997858 -0.0654112 0
    outer loop
      vertex 5.72567 57.3084 2.4
      vertex 5.7 57.7 8.4
      vertex 5.7 57.7 2.4
    endloop
  endfacet
  facet normal -0.997858 -0.0654112 0
    outer loop
      vertex 5.7 57.7 8.4
      vertex 5.72567 57.3084 2.4
      vertex 5.72567 57.3084 8.4
    endloop
  endfacet
  facet normal 0.751724 0.659478 0
    outer loop
      vertex 11.0801 59.5263 8.4
      vertex 10.8213 59.8213 2.4
      vertex 10.8213 59.8213 8.4
    endloop
  endfacet
  facet normal 0.751724 0.659478 0
    outer loop
      vertex 10.8213 59.8213 2.4
      vertex 11.0801 59.5263 8.4
      vertex 11.0801 59.5263 2.4
    endloop
  endfacet
  facet normal 0.659478 0.751724 -0
    outer loop
      vertex 10.8213 59.8213 2.4
      vertex 10.5263 60.0801 8.4
      vertex 10.8213 59.8213 8.4
    endloop
  endfacet
  facet normal 0.659478 0.751724 0
    outer loop
      vertex 10.5263 60.0801 8.4
      vertex 10.8213 59.8213 2.4
      vertex 10.5263 60.0801 2.4
    endloop
  endfacet
  facet normal -0.751799 0.659392 0
    outer loop
      vertex 6.31994 59.5263 2.4
      vertex 6.57868 59.8213 8.4
      vertex 6.57868 59.8213 2.4
    endloop
  endfacet
  facet normal -0.751799 0.659392 0
    outer loop
      vertex 6.57868 59.8213 8.4
      vertex 6.31994 59.5263 2.4
      vertex 6.31994 59.5263 8.4
    endloop
  endfacet
  facet normal 0.946858 0.321651 0
    outer loop
      vertex 11.5978 58.4765 8.4
      vertex 11.4716 58.848 2.4
      vertex 11.4716 58.848 8.4
    endloop
  endfacet
  facet normal 0.946858 0.321651 0
    outer loop
      vertex 11.4716 58.848 2.4
      vertex 11.5978 58.4765 8.4
      vertex 11.5978 58.4765 2.4
    endloop
  endfacet
  facet normal -0.980791 -0.195062 0
    outer loop
      vertex 5.80222 56.9235 2.4
      vertex 5.72567 57.3084 8.4
      vertex 5.72567 57.3084 2.4
    endloop
  endfacet
  facet normal -0.980791 -0.195062 0
    outer loop
      vertex 5.72567 57.3084 8.4
      vertex 5.80222 56.9235 2.4
      vertex 5.80222 56.9235 8.4
    endloop
  endfacet
  facet normal 0.0654906 -0.997853 0
    outer loop
      vertex 8.7 54.7 2.4
      vertex 9.09158 54.7257 8.4
      vertex 8.7 54.7 8.4
    endloop
  endfacet
  facet normal 0.0654906 -0.997853 0
    outer loop
      vertex 9.09158 54.7257 8.4
      vertex 8.7 54.7 2.4
      vertex 9.09158 54.7257 2.4
    endloop
  endfacet
  facet normal -0.8969 0.442233 0
    outer loop
      vertex 5.92836 58.848 2.4
      vertex 6.10192 59.2 8.4
      vertex 6.10192 59.2 2.4
    endloop
  endfacet
  facet normal -0.8969 0.442233 0
    outer loop
      vertex 6.10192 59.2 8.4
      vertex 5.92836 58.848 2.4
      vertex 5.92836 58.848 8.4
    endloop
  endfacet
  facet normal 0.980813 0.19495 0
    outer loop
      vertex 69.6743 9.09158 8.4
      vertex 69.5978 9.47646 2.4
      vertex 69.5978 9.47646 8.4
    endloop
  endfacet
  facet normal 0.980813 0.19495 0
    outer loop
      vertex 69.5978 9.47646 2.4
      vertex 69.6743 9.09158 8.4
      vertex 69.6743 9.09158 2.4
    endloop
  endfacet
  facet normal 0.997853 0.0654906 0
    outer loop
      vertex 69.7 8.7 8.4
      vertex 69.6743 9.09158 2.4
      vertex 69.6743 9.09158 8.4
    endloop
  endfacet
  facet normal 0.997853 0.0654906 0
    outer loop
      vertex 69.6743 9.09158 2.4
      vertex 69.7 8.7 8.4
      vertex 69.7 8.7 2.4
    endloop
  endfacet
  facet normal 0.442334 -0.89685 0
    outer loop
      vertex 67.8481 5.92836 2.4
      vertex 68.2 6.10192 8.4
      vertex 67.8481 5.92836 8.4
    endloop
  endfacet
  facet normal 0.442334 -0.89685 0
    outer loop
      vertex 68.2 6.10192 8.4
      vertex 67.8481 5.92836 2.4
      vertex 68.2 6.10192 2.4
    endloop
  endfacet
  facet normal 0.321574 0.946885 -0
    outer loop
      vertex 67.8481 11.4716 2.4
      vertex 67.4765 11.5978 8.4
      vertex 67.8481 11.4716 8.4
    endloop
  endfacet
  facet normal 0.321574 0.946885 0
    outer loop
      vertex 67.4765 11.5978 8.4
      vertex 67.8481 11.4716 2.4
      vertex 67.4765 11.5978 2.4
    endloop
  endfacet
  facet normal -0.321574 0.946885 0
    outer loop
      vertex 65.9235 11.5978 2.4
      vertex 65.5519 11.4716 8.4
      vertex 65.9235 11.5978 8.4
    endloop
  endfacet
  facet normal -0.321574 0.946885 0
    outer loop
      vertex 65.5519 11.4716 8.4
      vertex 65.9235 11.5978 2.4
      vertex 65.5519 11.4716 2.4
    endloop
  endfacet
  facet normal -0.751768 -0.659428 0
    outer loop
      vertex 64.5787 6.57868 2.4
      vertex 64.3199 6.87372 8.4
      vertex 64.3199 6.87372 2.4
    endloop
  endfacet
  facet normal -0.751768 -0.659428 0
    outer loop
      vertex 64.3199 6.87372 8.4
      vertex 64.5787 6.57868 2.4
      vertex 64.5787 6.57868 8.4
    endloop
  endfacet
  facet normal -0.442211 0.896911 0
    outer loop
      vertex 65.5519 11.4716 2.4
      vertex 65.2 11.2981 8.4
      vertex 65.5519 11.4716 8.4
    endloop
  endfacet
  facet normal -0.442211 0.896911 0
    outer loop
      vertex 65.2 11.2981 8.4
      vertex 65.5519 11.4716 2.4
      vertex 65.2 11.2981 2.4
    endloop
  endfacet
  facet normal 0.946882 -0.321582 0
    outer loop
      vertex 69.4716 7.55195 8.4
      vertex 69.5978 7.92354 2.4
      vertex 69.5978 7.92354 8.4
    endloop
  endfacet
  facet normal 0.946882 -0.321582 0
    outer loop
      vertex 69.5978 7.92354 2.4
      vertex 69.4716 7.55195 8.4
      vertex 69.4716 7.55195 2.4
    endloop
  endfacet
  facet normal 0.751768 -0.659428 0
    outer loop
      vertex 68.8213 6.57868 8.4
      vertex 69.0801 6.87372 2.4
      vertex 69.0801 6.87372 8.4
    endloop
  endfacet
  facet normal 0.751768 -0.659428 0
    outer loop
      vertex 69.0801 6.87372 2.4
      vertex 68.8213 6.57868 8.4
      vertex 68.8213 6.57868 2.4
    endloop
  endfacet
  facet normal -0.997853 0.0654906 0
    outer loop
      vertex 63.7 8.7 2.4
      vertex 63.7257 9.09158 8.4
      vertex 63.7257 9.09158 2.4
    endloop
  endfacet
  facet normal -0.997853 0.0654906 0
    outer loop
      vertex 63.7257 9.09158 8.4
      vertex 63.7 8.7 2.4
      vertex 63.7 8.7 8.4
    endloop
  endfacet
  facet normal 0.659478 0.751724 -0
    outer loop
      vertex 68.8213 10.8213 2.4
      vertex 68.5263 11.0801 8.4
      vertex 68.8213 10.8213 8.4
    endloop
  endfacet
  facet normal 0.659478 0.751724 0
    outer loop
      vertex 68.5263 11.0801 8.4
      vertex 68.8213 10.8213 2.4
      vertex 68.5263 11.0801 2.4
    endloop
  endfacet
  facet normal 0.997853 -0.0654906 0
    outer loop
      vertex 69.6743 8.30842 8.4
      vertex 69.7 8.7 2.4
      vertex 69.7 8.7 8.4
    endloop
  endfacet
  facet normal 0.997853 -0.0654906 0
    outer loop
      vertex 69.7 8.7 2.4
      vertex 69.6743 8.30842 8.4
      vertex 69.6743 8.30842 2.4
    endloop
  endfacet
  facet normal 0.0654873 0.997853 -0
    outer loop
      vertex 67.0916 11.6743 2.4
      vertex 66.7 11.7 8.4
      vertex 67.0916 11.6743 8.4
    endloop
  endfacet
  facet normal 0.0654873 0.997853 0
    outer loop
      vertex 66.7 11.7 8.4
      vertex 67.0916 11.6743 2.4
      vertex 66.7 11.7 2.4
    endloop
  endfacet
  facet normal 0.896936 0.44216 0
    outer loop
      vertex 69.4716 9.84805 8.4
      vertex 69.2981 10.2 2.4
      vertex 69.2981 10.2 8.4
    endloop
  endfacet
  facet normal 0.896936 0.44216 0
    outer loop
      vertex 69.2981 10.2 2.4
      vertex 69.4716 9.84805 8.4
      vertex 69.4716 9.84805 2.4
    endloop
  endfacet
  facet normal -0.321437 -0.946931 0
    outer loop
      vertex 65.5519 5.92836 2.4
      vertex 65.9235 5.80222 8.4
      vertex 65.5519 5.92836 8.4
    endloop
  endfacet
  facet normal -0.321437 -0.946931 -0
    outer loop
      vertex 65.9235 5.80222 8.4
      vertex 65.5519 5.92836 2.4
      vertex 65.9235 5.80222 2.4
    endloop
  endfacet
  facet normal 0.555558 -0.831477 0
    outer loop
      vertex 68.2 6.10192 2.4
      vertex 68.5263 6.31994 8.4
      vertex 68.2 6.10192 8.4
    endloop
  endfacet
  facet normal 0.555558 -0.831477 0
    outer loop
      vertex 68.5263 6.31994 8.4
      vertex 68.2 6.10192 2.4
      vertex 68.5263 6.31994 2.4
    endloop
  endfacet
  facet normal 0.831485 -0.555547 0
    outer loop
      vertex 69.0801 6.87372 8.4
      vertex 69.2981 7.2 2.4
      vertex 69.2981 7.2 8.4
    endloop
  endfacet
  facet normal 0.831485 -0.555547 0
    outer loop
      vertex 69.2981 7.2 2.4
      vertex 69.0801 6.87372 8.4
      vertex 69.0801 6.87372 2.4
    endloop
  endfacet
  facet normal -0.659392 -0.751799 0
    outer loop
      vertex 64.5787 6.57868 2.4
      vertex 64.8737 6.31994 8.4
      vertex 64.5787 6.57868 8.4
    endloop
  endfacet
  facet normal -0.659392 -0.751799 -0
    outer loop
      vertex 64.8737 6.31994 8.4
      vertex 64.5787 6.57868 2.4
      vertex 64.8737 6.31994 2.4
    endloop
  endfacet
  facet normal 0.442211 0.896911 -0
    outer loop
      vertex 68.2 11.2981 2.4
      vertex 67.8481 11.4716 8.4
      vertex 68.2 11.2981 8.4
    endloop
  endfacet
  facet normal 0.442211 0.896911 0
    outer loop
      vertex 67.8481 11.4716 8.4
      vertex 68.2 11.2981 2.4
      vertex 67.8481 11.4716 2.4
    endloop
  endfacet
  facet normal 0.896936 -0.44216 0
    outer loop
      vertex 69.2981 7.2 8.4
      vertex 69.4716 7.55195 2.4
      vertex 69.4716 7.55195 8.4
    endloop
  endfacet
  facet normal 0.896936 -0.44216 0
    outer loop
      vertex 69.4716 7.55195 2.4
      vertex 69.2981 7.2 8.4
      vertex 69.2981 7.2 2.4
    endloop
  endfacet
  facet normal -0.0654873 0.997853 0
    outer loop
      vertex 66.7 11.7 2.4
      vertex 66.3084 11.6743 8.4
      vertex 66.7 11.7 8.4
    endloop
  endfacet
  facet normal -0.0654873 0.997853 0
    outer loop
      vertex 66.3084 11.6743 8.4
      vertex 66.7 11.7 2.4
      vertex 66.3084 11.6743 2.4
    endloop
  endfacet
  facet normal -0.195062 -0.980791 0
    outer loop
      vertex 65.9235 5.80222 2.4
      vertex 66.3084 5.72567 8.4
      vertex 65.9235 5.80222 8.4
    endloop
  endfacet
  facet normal -0.195062 -0.980791 -0
    outer loop
      vertex 66.3084 5.72567 8.4
      vertex 65.9235 5.80222 2.4
      vertex 66.3084 5.72567 2.4
    endloop
  endfacet
  facet normal 0.195062 -0.980791 0
    outer loop
      vertex 67.0916 5.72567 2.4
      vertex 67.4765 5.80222 8.4
      vertex 67.0916 5.72567 8.4
    endloop
  endfacet
  facet normal 0.195062 -0.980791 0
    outer loop
      vertex 67.4765 5.80222 8.4
      vertex 67.0916 5.72567 2.4
      vertex 67.4765 5.80222 2.4
    endloop
  endfacet
  facet normal -0.555523 0.831501 0
    outer loop
      vertex 65.2 11.2981 2.4
      vertex 64.8737 11.0801 8.4
      vertex 65.2 11.2981 8.4
    endloop
  endfacet
  facet normal -0.555523 0.831501 0
    outer loop
      vertex 64.8737 11.0801 8.4
      vertex 65.2 11.2981 2.4
      vertex 64.8737 11.0801 2.4
    endloop
  endfacet
  facet normal 0.831501 0.555523 0
    outer loop
      vertex 69.2981 10.2 8.4
      vertex 69.0801 10.5263 2.4
      vertex 69.0801 10.5263 8.4
    endloop
  endfacet
  facet normal 0.831501 0.555523 0
    outer loop
      vertex 69.0801 10.5263 2.4
      vertex 69.2981 10.2 8.4
      vertex 69.2981 10.2 2.4
    endloop
  endfacet
  facet normal 0.659392 -0.751799 0
    outer loop
      vertex 68.5263 6.31994 2.4
      vertex 68.8213 6.57868 8.4
      vertex 68.5263 6.31994 8.4
    endloop
  endfacet
  facet normal 0.659392 -0.751799 0
    outer loop
      vertex 68.8213 6.57868 8.4
      vertex 68.5263 6.31994 2.4
      vertex 68.8213 6.57868 2.4
    endloop
  endfacet
  facet normal -0.946882 0.321582 0
    outer loop
      vertex 63.8022 9.47646 2.4
      vertex 63.9284 9.84805 8.4
      vertex 63.9284 9.84805 2.4
    endloop
  endfacet
  facet normal -0.946882 0.321582 0
    outer loop
      vertex 63.9284 9.84805 8.4
      vertex 63.8022 9.47646 2.4
      vertex 63.8022 9.47646 8.4
    endloop
  endfacet
  facet normal 0 0 1
    outer loop
      vertex 68.1 8.7 8.4
      vertex 69.7 8.7 8.4
      vertex 69.6743 9.09158 8.4
    endloop
  endfacet
  facet normal 0 0 1
    outer loop
      vertex 68.088 8.88274 8.4
      vertex 69.6743 9.09158 8.4
      vertex 69.5978 9.47646 8.4
    endloop
  endfacet
  facet normal 0 0 1
    outer loop
      vertex 69.7 8.7 8.4
      vertex 68.1 8.7 8.4
      vertex 69.6743 8.30842 8.4
    endloop
  endfacet
  facet normal 0 0 1
    outer loop
      vertex 68.0523 9.06235 8.4
      vertex 69.5978 9.47646 8.4
      vertex 69.4716 9.84805 8.4
    endloop
  endfacet
  facet normal -0 0 1
    outer loop
      vertex 68.088 8.51726 8.4
      vertex 69.6743 8.30842 8.4
      vertex 68.1 8.7 8.4
    endloop
  endfacet
  facet normal 0 0 1
    outer loop
      vertex 67.9934 9.23576 8.4
      vertex 69.4716 9.84805 8.4
      vertex 69.2981 10.2 8.4
    endloop
  endfacet
  facet normal 0 0 1
    outer loop
      vertex 69.6743 8.30842 8.4
      vertex 68.088 8.51726 8.4
      vertex 69.5978 7.92354 8.4
    endloop
  endfacet
  facet normal 0 0 1
    outer loop
      vertex 67.9124 9.4 8.4
      vertex 69.2981 10.2 8.4
      vertex 69.0801 10.5263 8.4
    endloop
  endfacet
  facet normal -0 0 1
    outer loop
      vertex 68.0523 8.33765 8.4
      vertex 69.5978 7.92354 8.4
      vertex 68.088 8.51726 8.4
    endloop
  endfacet
  facet normal 0 0 1
    outer loop
      vertex 67.8107 9.55227 8.4
      vertex 69.0801 10.5263 8.4
      vertex 68.8213 10.8213 8.4
    endloop
  endfacet
  facet normal 0 0 1
    outer loop
      vertex 69.5978 7.92354 8.4
      vertex 68.0523 8.33765 8.4
      vertex 69.4716 7.55195 8.4
    endloop
  endfacet
  facet normal 0 0 1
    outer loop
      vertex 67.6899 9.68995 8.4
      vertex 68.8213 10.8213 8.4
      vertex 68.5263 11.0801 8.4
    endloop
  endfacet
  facet normal -0 0 1
    outer loop
      vertex 67.9934 8.16424 8.4
      vertex 69.4716 7.55195 8.4
      vertex 68.0523 8.33765 8.4
    endloop
  endfacet
  facet normal 0 0 1
    outer loop
      vertex 67.5523 9.81069 8.4
      vertex 68.5263 11.0801 8.4
      vertex 68.2 11.2981 8.4
    endloop
  endfacet
  facet normal 0 0 1
    outer loop
      vertex 69.4716 7.55195 8.4
      vertex 67.9934 8.16424 8.4
      vertex 69.2981 7.2 8.4
    endloop
  endfacet
  facet normal -0 0 1
    outer loop
      vertex 67.9124 8 8.4
      vertex 69.2981 7.2 8.4
      vertex 67.9934 8.16424 8.4
    endloop
  endfacet
  facet normal 0 0 1
    outer loop
      vertex 69.6743 9.09158 8.4
      vertex 68.088 8.88274 8.4
      vertex 68.1 8.7 8.4
    endloop
  endfacet
  facet normal 0 0 1
    outer loop
      vertex 69.5978 9.47646 8.4
      vertex 68.0523 9.06235 8.4
      vertex 68.088 8.88274 8.4
    endloop
  endfacet
  facet normal 0 0 1
    outer loop
      vertex 69.4716 9.84805 8.4
      vertex 67.9934 9.23576 8.4
      vertex 68.0523 9.06235 8.4
    endloop
  endfacet
  facet normal 0 0 1
    outer loop
      vertex 69.2981 10.2 8.4
      vertex 67.9124 9.4 8.4
      vertex 67.9934 9.23576 8.4
    endloop
  endfacet
  facet normal 0 0 1
    outer loop
      vertex 67.4 9.91244 8.4
      vertex 68.2 11.2981 8.4
      vertex 67.8481 11.4716 8.4
    endloop
  endfacet
  facet normal 0 0 1
    outer loop
      vertex 69.0801 10.5263 8.4
      vertex 67.8107 9.55227 8.4
      vertex 67.9124 9.4 8.4
    endloop
  endfacet
  facet normal 0 0 1
    outer loop
      vertex 68.8213 10.8213 8.4
      vertex 67.6899 9.68995 8.4
      vertex 67.8107 9.55227 8.4
    endloop
  endfacet
  facet normal 0 0 1
    outer loop
      vertex 68.5263 11.0801 8.4
      vertex 67.5523 9.81069 8.4
      vertex 67.6899 9.68995 8.4
    endloop
  endfacet
  facet normal 0 0 1
    outer loop
      vertex 67.2358 9.99343 8.4
      vertex 67.8481 11.4716 8.4
      vertex 67.4765 11.5978 8.4
    endloop
  endfacet
  facet normal 0 0 1
    outer loop
      vertex 68.2 11.2981 8.4
      vertex 67.4 9.91244 8.4
      vertex 67.5523 9.81069 8.4
    endloop
  endfacet
  facet normal 0 0 1
    outer loop
      vertex 67.8481 11.4716 8.4
      vertex 67.2358 9.99343 8.4
      vertex 67.4 9.91244 8.4
    endloop
  endfacet
  facet normal 0 0 1
    outer loop
      vertex 67.0623 10.0523 8.4
      vertex 67.4765 11.5978 8.4
      vertex 67.0916 11.6743 8.4
    endloop
  endfacet
  facet normal 0 0 1
    outer loop
      vertex 67.4765 11.5978 8.4
      vertex 67.0623 10.0523 8.4
      vertex 67.2358 9.99343 8.4
    endloop
  endfacet
  facet normal 0 0 1
    outer loop
      vertex 67.0916 11.6743 8.4
      vertex 66.8827 10.088 8.4
      vertex 67.0623 10.0523 8.4
    endloop
  endfacet
  facet normal 0 0 1
    outer loop
      vertex 66.7 11.7 8.4
      vertex 66.8827 10.088 8.4
      vertex 67.0916 11.6743 8.4
    endloop
  endfacet
  facet normal 0 0 1
    outer loop
      vertex 66.7 11.7 8.4
      vertex 66.7 10.1 8.4
      vertex 66.8827 10.088 8.4
    endloop
  endfacet
  facet normal 0 0 1
    outer loop
      vertex 66.7 11.7 8.4
      vertex 66.5173 10.088 8.4
      vertex 66.7 10.1 8.4
    endloop
  endfacet
  facet normal -0 0 1
    outer loop
      vertex 66.3084 11.6743 8.4
      vertex 66.5173 10.088 8.4
      vertex 66.7 11.7 8.4
    endloop
  endfacet
  facet normal 0 0 1
    outer loop
      vertex 66.5173 10.088 8.4
      vertex 66.3084 11.6743 8.4
      vertex 66.3377 10.0523 8.4
    endloop
  endfacet
  facet normal -0 0 1
    outer loop
      vertex 65.9235 11.5978 8.4
      vertex 66.3377 10.0523 8.4
      vertex 66.3084 11.6743 8.4
    endloop
  endfacet
  facet normal 0 0 1
    outer loop
      vertex 66.3377 10.0523 8.4
      vertex 65.9235 11.5978 8.4
      vertex 66.1642 9.99343 8.4
    endloop
  endfacet
  facet normal -0 0 1
    outer loop
      vertex 65.5519 11.4716 8.4
      vertex 66.1642 9.99343 8.4
      vertex 65.9235 11.5978 8.4
    endloop
  endfacet
  facet normal 0 0 1
    outer loop
      vertex 66.1642 9.99343 8.4
      vertex 65.5519 11.4716 8.4
      vertex 66 9.91244 8.4
    endloop
  endfacet
  facet normal -0 0 1
    outer loop
      vertex 65.2 11.2981 8.4
      vertex 66 9.91244 8.4
      vertex 65.5519 11.4716 8.4
    endloop
  endfacet
  facet normal 0 0 1
    outer loop
      vertex 66 9.91244 8.4
      vertex 65.2 11.2981 8.4
      vertex 65.8477 9.81069 8.4
    endloop
  endfacet
  facet normal -0 0 1
    outer loop
      vertex 64.8737 11.0801 8.4
      vertex 65.8477 9.81069 8.4
      vertex 65.2 11.2981 8.4
    endloop
  endfacet
  facet normal 0 0 1
    outer loop
      vertex 65.8477 9.81069 8.4
      vertex 64.8737 11.0801 8.4
      vertex 65.7101 9.68995 8.4
    endloop
  endfacet
  facet normal -0 0 1
    outer loop
      vertex 64.5787 10.8213 8.4
      vertex 65.7101 9.68995 8.4
      vertex 64.8737 11.0801 8.4
    endloop
  endfacet
  facet normal 0 0 1
    outer loop
      vertex 65.7101 9.68995 8.4
      vertex 64.5787 10.8213 8.4
      vertex 65.5893 9.55227 8.4
    endloop
  endfacet
  facet normal -0 0 1
    outer loop
      vertex 64.3199 10.5263 8.4
      vertex 65.5893 9.55227 8.4
      vertex 64.5787 10.8213 8.4
    endloop
  endfacet
  facet normal -0 0 1
    outer loop
      vertex 64.1019 10.2 8.4
      vertex 65.4876 9.4 8.4
      vertex 64.3199 10.5263 8.4
    endloop
  endfacet
  facet normal 0 0 1
    outer loop
      vertex 65.5893 9.55227 8.4
      vertex 64.3199 10.5263 8.4
      vertex 65.4876 9.4 8.4
    endloop
  endfacet
  facet normal 0 0 1
    outer loop
      vertex 69.2981 7.2 8.4
      vertex 67.9124 8 8.4
      vertex 69.0801 6.87372 8.4
    endloop
  endfacet
  facet normal -0 0 1
    outer loop
      vertex 67.8107 7.84773 8.4
      vertex 69.0801 6.87372 8.4
      vertex 67.9124 8 8.4
    endloop
  endfacet
  facet normal 0 0 1
    outer loop
      vertex 69.0801 6.87372 8.4
      vertex 67.8107 7.84773 8.4
      vertex 68.8213 6.57868 8.4
    endloop
  endfacet
  facet normal -0 0 1
    outer loop
      vertex 67.6899 7.71005 8.4
      vertex 68.8213 6.57868 8.4
      vertex 67.8107 7.84773 8.4
    endloop
  endfacet
  facet normal 0 0 1
    outer loop
      vertex 68.8213 6.57868 8.4
      vertex 67.6899 7.71005 8.4
      vertex 68.5263 6.31994 8.4
    endloop
  endfacet
  facet normal -0 0 1
    outer loop
      vertex 67.5523 7.5893 8.4
      vertex 68.5263 6.31994 8.4
      vertex 67.6899 7.71005 8.4
    endloop
  endfacet
  facet normal 0 0 1
    outer loop
      vertex 68.5263 6.31994 8.4
      vertex 67.5523 7.5893 8.4
      vertex 68.2 6.10192 8.4
    endloop
  endfacet
  facet normal -0 0 1
    outer loop
      vertex 67.4 7.48756 8.4
      vertex 68.2 6.10192 8.4
      vertex 67.5523 7.5893 8.4
    endloop
  endfacet
  facet normal 0 0 1
    outer loop
      vertex 68.2 6.10192 8.4
      vertex 67.4 7.48756 8.4
      vertex 67.8481 5.92836 8.4
    endloop
  endfacet
  facet normal -0 0 1
    outer loop
      vertex 67.2358 7.40657 8.4
      vertex 67.8481 5.92836 8.4
      vertex 67.4 7.48756 8.4
    endloop
  endfacet
  facet normal 0 0 1
    outer loop
      vertex 67.8481 5.92836 8.4
      vertex 67.2358 7.40657 8.4
      vertex 67.4765 5.80222 8.4
    endloop
  endfacet
  facet normal -0 0 1
    outer loop
      vertex 67.0623 7.3477 8.4
      vertex 67.4765 5.80222 8.4
      vertex 67.2358 7.40657 8.4
    endloop
  endfacet
  facet normal 0 0 1
    outer loop
      vertex 67.4765 5.80222 8.4
      vertex 67.0623 7.3477 8.4
      vertex 67.0916 5.72567 8.4
    endloop
  endfacet
  facet normal -0 0 1
    outer loop
      vertex 66.8827 7.31198 8.4
      vertex 67.0916 5.72567 8.4
      vertex 67.0623 7.3477 8.4
    endloop
  endfacet
  facet normal -0 0 1
    outer loop
      vertex 66.7 7.3 8.4
      vertex 67.0916 5.72567 8.4
      vertex 66.8827 7.31198 8.4
    endloop
  endfacet
  facet normal 0 0 1
    outer loop
      vertex 66.7 7.3 8.4
      vertex 66.7 5.7 8.4
      vertex 67.0916 5.72567 8.4
    endloop
  endfacet
  facet normal 0 0 1
    outer loop
      vertex 66.5173 7.31198 8.4
      vertex 66.7 5.7 8.4
      vertex 66.7 7.3 8.4
    endloop
  endfacet
  facet normal 0 0 1
    outer loop
      vertex 66.3084 5.72567 8.4
      vertex 66.5173 7.31198 8.4
      vertex 66.3377 7.3477 8.4
    endloop
  endfacet
  facet normal 0 0 1
    outer loop
      vertex 66.5173 7.31198 8.4
      vertex 66.3084 5.72567 8.4
      vertex 66.7 5.7 8.4
    endloop
  endfacet
  facet normal 0 0 1
    outer loop
      vertex 65.9235 5.80222 8.4
      vertex 66.3377 7.3477 8.4
      vertex 66.1642 7.40657 8.4
    endloop
  endfacet
  facet normal 0 0 1
    outer loop
      vertex 65.5519 5.92836 8.4
      vertex 66.1642 7.40657 8.4
      vertex 66 7.48756 8.4
    endloop
  endfacet
  facet normal 0 0 1
    outer loop
      vertex 66.3377 7.3477 8.4
      vertex 65.9235 5.80222 8.4
      vertex 66.3084 5.72567 8.4
    endloop
  endfacet
  facet normal 0 0 1
    outer loop
      vertex 65.2 6.10192 8.4
      vertex 66 7.48756 8.4
      vertex 65.8477 7.5893 8.4
    endloop
  endfacet
  facet normal 0 0 1
    outer loop
      vertex 64.8737 6.31994 8.4
      vertex 65.8477 7.5893 8.4
      vertex 65.7101 7.71005 8.4
    endloop
  endfacet
  facet normal 0 0 1
    outer loop
      vertex 64.5787 6.57868 8.4
      vertex 65.7101 7.71005 8.4
      vertex 65.5893 7.84773 8.4
    endloop
  endfacet
  facet normal 0 0 1
    outer loop
      vertex 66.1642 7.40657 8.4
      vertex 65.5519 5.92836 8.4
      vertex 65.9235 5.80222 8.4
    endloop
  endfacet
  facet normal 0 0 1
    outer loop
      vertex 64.3199 6.87372 8.4
      vertex 65.5893 7.84773 8.4
      vertex 65.4876 8 8.4
    endloop
  endfacet
  facet normal 0 0 1
    outer loop
      vertex 64.1019 7.2 8.4
      vertex 65.4876 8 8.4
      vertex 65.4066 8.16424 8.4
    endloop
  endfacet
  facet normal 0 0 1
    outer loop
      vertex 63.9284 7.55195 8.4
      vertex 65.4066 8.16424 8.4
      vertex 65.3477 8.33765 8.4
    endloop
  endfacet
  facet normal 0 0 1
    outer loop
      vertex 63.8022 7.92354 8.4
      vertex 65.3477 8.33765 8.4
      vertex 65.312 8.51726 8.4
    endloop
  endfacet
  facet normal 0 0 1
    outer loop
      vertex 66 7.48756 8.4
      vertex 65.2 6.10192 8.4
      vertex 65.5519 5.92836 8.4
    endloop
  endfacet
  facet normal 0 0 1
    outer loop
      vertex 63.7257 8.30842 8.4
      vertex 65.312 8.51726 8.4
      vertex 65.3 8.7 8.4
    endloop
  endfacet
  facet normal 0 0 1
    outer loop
      vertex 65.4876 9.4 8.4
      vertex 64.1019 10.2 8.4
      vertex 65.4066 9.23576 8.4
    endloop
  endfacet
  facet normal -0 0 1
    outer loop
      vertex 63.9284 9.84805 8.4
      vertex 65.4066 9.23576 8.4
      vertex 64.1019 10.2 8.4
    endloop
  endfacet
  facet normal 0 0 1
    outer loop
      vertex 65.8477 7.5893 8.4
      vertex 64.8737 6.31994 8.4
      vertex 65.2 6.10192 8.4
    endloop
  endfacet
  facet normal 0 0 1
    outer loop
      vertex 65.4066 9.23576 8.4
      vertex 63.9284 9.84805 8.4
      vertex 65.3477 9.06235 8.4
    endloop
  endfacet
  facet normal 0 0 1
    outer loop
      vertex 65.7101 7.71005 8.4
      vertex 64.5787 6.57868 8.4
      vertex 64.8737 6.31994 8.4
    endloop
  endfacet
  facet normal -0 0 1
    outer loop
      vertex 63.8022 9.47646 8.4
      vertex 65.3477 9.06235 8.4
      vertex 63.9284 9.84805 8.4
    endloop
  endfacet
  facet normal 0 0 1
    outer loop
      vertex 65.5893 7.84773 8.4
      vertex 64.3199 6.87372 8.4
      vertex 64.5787 6.57868 8.4
    endloop
  endfacet
  facet normal 0 0 1
    outer loop
      vertex 65.3477 9.06235 8.4
      vertex 63.8022 9.47646 8.4
      vertex 65.312 8.88274 8.4
    endloop
  endfacet
  facet normal 0 0 1
    outer loop
      vertex 65.4876 8 8.4
      vertex 64.1019 7.2 8.4
      vertex 64.3199 6.87372 8.4
    endloop
  endfacet
  facet normal -0 0 1
    outer loop
      vertex 63.7257 9.09158 8.4
      vertex 65.312 8.88274 8.4
      vertex 63.8022 9.47646 8.4
    endloop
  endfacet
  facet normal 0 0 1
    outer loop
      vertex 65.4066 8.16424 8.4
      vertex 63.9284 7.55195 8.4
      vertex 64.1019 7.2 8.4
    endloop
  endfacet
  facet normal 0 0 1
    outer loop
      vertex 65.312 8.88274 8.4
      vertex 63.7257 9.09158 8.4
      vertex 65.3 8.7 8.4
    endloop
  endfacet
  facet normal 0 0 1
    outer loop
      vertex 65.3477 8.33765 8.4
      vertex 63.8022 7.92354 8.4
      vertex 63.9284 7.55195 8.4
    endloop
  endfacet
  facet normal 0 0 1
    outer loop
      vertex 63.7 8.7 8.4
      vertex 65.3 8.7 8.4
      vertex 63.7257 9.09158 8.4
    endloop
  endfacet
  facet normal 0 0 1
    outer loop
      vertex 65.312 8.51726 8.4
      vertex 63.7257 8.30842 8.4
      vertex 63.8022 7.92354 8.4
    endloop
  endfacet
  facet normal 0 0 1
    outer loop
      vertex 65.3 8.7 8.4
      vertex 63.7 8.7 8.4
      vertex 63.7257 8.30842 8.4
    endloop
  endfacet
  facet normal -0.946882 -0.321582 0
    outer loop
      vertex 63.9284 7.55195 2.4
      vertex 63.8022 7.92354 8.4
      vertex 63.8022 7.92354 2.4
    endloop
  endfacet
  facet normal -0.946882 -0.321582 0
    outer loop
      vertex 63.8022 7.92354 8.4
      vertex 63.9284 7.55195 2.4
      vertex 63.9284 7.55195 8.4
    endloop
  endfacet
  facet normal -0.980813 0.19495 0
    outer loop
      vertex 63.7257 9.09158 2.4
      vertex 63.8022 9.47646 8.4
      vertex 63.8022 9.47646 2.4
    endloop
  endfacet
  facet normal -0.980813 0.19495 0
    outer loop
      vertex 63.8022 9.47646 8.4
      vertex 63.7257 9.09158 2.4
      vertex 63.7257 9.09158 8.4
    endloop
  endfacet
  facet normal 0.555523 0.831501 -0
    outer loop
      vertex 68.5263 11.0801 2.4
      vertex 68.2 11.2981 8.4
      vertex 68.5263 11.0801 8.4
    endloop
  endfacet
  facet normal 0.555523 0.831501 0
    outer loop
      vertex 68.2 11.2981 8.4
      vertex 68.5263 11.0801 2.4
      vertex 68.2 11.2981 2.4
    endloop
  endfacet
  facet normal -0.831501 0.555523 0
    outer loop
      vertex 64.1019 10.2 2.4
      vertex 64.3199 10.5263 8.4
      vertex 64.3199 10.5263 2.4
    endloop
  endfacet
  facet normal -0.831501 0.555523 0
    outer loop
      vertex 64.3199 10.5263 8.4
      vertex 64.1019 10.2 2.4
      vertex 64.1019 10.2 8.4
    endloop
  endfacet
  facet normal -0.0654112 -0.997858 0
    outer loop
      vertex 66.3084 5.72567 2.4
      vertex 66.7 5.7 8.4
      vertex 66.3084 5.72567 8.4
    endloop
  endfacet
  facet normal -0.0654112 -0.997858 -0
    outer loop
      vertex 66.7 5.7 8.4
      vertex 66.3084 5.72567 2.4
      vertex 66.7 5.7 2.4
    endloop
  endfacet
  facet normal -0.442334 -0.89685 0
    outer loop
      vertex 65.2 6.10192 2.4
      vertex 65.5519 5.92836 8.4
      vertex 65.2 6.10192 8.4
    endloop
  endfacet
  facet normal -0.442334 -0.89685 -0
    outer loop
      vertex 65.5519 5.92836 8.4
      vertex 65.2 6.10192 2.4
      vertex 65.5519 5.92836 2.4
    endloop
  endfacet
  facet normal -0.19494 0.980815 0
    outer loop
      vertex 66.3084 11.6743 2.4
      vertex 65.9235 11.5978 8.4
      vertex 66.3084 11.6743 8.4
    endloop
  endfacet
  facet normal -0.19494 0.980815 0
    outer loop
      vertex 65.9235 11.5978 8.4
      vertex 66.3084 11.6743 2.4
      vertex 65.9235 11.5978 2.4
    endloop
  endfacet
  facet normal -0.555558 -0.831477 0
    outer loop
      vertex 64.8737 6.31994 2.4
      vertex 65.2 6.10192 8.4
      vertex 64.8737 6.31994 8.4
    endloop
  endfacet
  facet normal -0.555558 -0.831477 -0
    outer loop
      vertex 65.2 6.10192 8.4
      vertex 64.8737 6.31994 2.4
      vertex 65.2 6.10192 2.4
    endloop
  endfacet
  facet normal 0.321437 -0.946931 0
    outer loop
      vertex 67.4765 5.80222 2.4
      vertex 67.8481 5.92836 8.4
      vertex 67.4765 5.80222 8.4
    endloop
  endfacet
  facet normal 0.321437 -0.946931 0
    outer loop
      vertex 67.8481 5.92836 8.4
      vertex 67.4765 5.80222 2.4
      vertex 67.8481 5.92836 2.4
    endloop
  endfacet
  facet normal 0.980813 -0.19495 0
    outer loop
      vertex 69.5978 7.92354 8.4
      vertex 69.6743 8.30842 2.4
      vertex 69.6743 8.30842 8.4
    endloop
  endfacet
  facet normal 0.980813 -0.19495 0
    outer loop
      vertex 69.6743 8.30842 2.4
      vertex 69.5978 7.92354 8.4
      vertex 69.5978 7.92354 2.4
    endloop
  endfacet
  facet normal -0.659478 0.751724 0
    outer loop
      vertex 64.8737 11.0801 2.4
      vertex 64.5787 10.8213 8.4
      vertex 64.8737 11.0801 8.4
    endloop
  endfacet
  facet normal -0.659478 0.751724 0
    outer loop
      vertex 64.5787 10.8213 8.4
      vertex 64.8737 11.0801 2.4
      vertex 64.5787 10.8213 2.4
    endloop
  endfacet
  facet normal -0.896936 -0.44216 0
    outer loop
      vertex 64.1019 7.2 2.4
      vertex 63.9284 7.55195 8.4
      vertex 63.9284 7.55195 2.4
    endloop
  endfacet
  facet normal -0.896936 -0.44216 0
    outer loop
      vertex 63.9284 7.55195 8.4
      vertex 64.1019 7.2 2.4
      vertex 64.1019 7.2 8.4
    endloop
  endfacet
  facet normal 0.19494 0.980815 -0
    outer loop
      vertex 67.4765 11.5978 2.4
      vertex 67.0916 11.6743 8.4
      vertex 67.4765 11.5978 8.4
    endloop
  endfacet
  facet normal 0.19494 0.980815 0
    outer loop
      vertex 67.0916 11.6743 8.4
      vertex 67.4765 11.5978 2.4
      vertex 67.0916 11.6743 2.4
    endloop
  endfacet
  facet normal -0.831485 -0.555547 0
    outer loop
      vertex 64.3199 6.87372 2.4
      vertex 64.1019 7.2 8.4
      vertex 64.1019 7.2 2.4
    endloop
  endfacet
  facet normal -0.831485 -0.555547 0
    outer loop
      vertex 64.1019 7.2 8.4
      vertex 64.3199 6.87372 2.4
      vertex 64.3199 6.87372 8.4
    endloop
  endfacet
  facet normal -0.997853 -0.0654906 0
    outer loop
      vertex 63.7257 8.30842 2.4
      vertex 63.7 8.7 8.4
      vertex 63.7 8.7 2.4
    endloop
  endfacet
  facet normal -0.997853 -0.0654906 0
    outer loop
      vertex 63.7 8.7 8.4
      vertex 63.7257 8.30842 2.4
      vertex 63.7257 8.30842 8.4
    endloop
  endfacet
  facet normal 0.751724 0.659478 0
    outer loop
      vertex 69.0801 10.5263 8.4
      vertex 68.8213 10.8213 2.4
      vertex 68.8213 10.8213 8.4
    endloop
  endfacet
  facet normal 0.751724 0.659478 0
    outer loop
      vertex 68.8213 10.8213 2.4
      vertex 69.0801 10.5263 8.4
      vertex 69.0801 10.5263 2.4
    endloop
  endfacet
  facet normal -0.751724 0.659478 0
    outer loop
      vertex 64.3199 10.5263 2.4
      vertex 64.5787 10.8213 8.4
      vertex 64.5787 10.8213 2.4
    endloop
  endfacet
  facet normal -0.751724 0.659478 0
    outer loop
      vertex 64.5787 10.8213 8.4
      vertex 64.3199 10.5263 2.4
      vertex 64.3199 10.5263 8.4
    endloop
  endfacet
  facet normal 0.946882 0.321582 0
    outer loop
      vertex 69.5978 9.47646 8.4
      vertex 69.4716 9.84805 2.4
      vertex 69.4716 9.84805 8.4
    endloop
  endfacet
  facet normal 0.946882 0.321582 0
    outer loop
      vertex 69.4716 9.84805 2.4
      vertex 69.5978 9.47646 8.4
      vertex 69.5978 9.47646 2.4
    endloop
  endfacet
  facet normal -0.980813 -0.19495 0
    outer loop
      vertex 63.8022 7.92354 2.4
      vertex 63.7257 8.30842 8.4
      vertex 63.7257 8.30842 2.4
    endloop
  endfacet
  facet normal -0.980813 -0.19495 0
    outer loop
      vertex 63.7257 8.30842 8.4
      vertex 63.8022 7.92354 2.4
      vertex 63.8022 7.92354 8.4
    endloop
  endfacet
  facet normal 0.0654112 -0.997858 0
    outer loop
      vertex 66.7 5.7 2.4
      vertex 67.0916 5.72567 8.4
      vertex 66.7 5.7 8.4
    endloop
  endfacet
  facet normal 0.0654112 -0.997858 0
    outer loop
      vertex 67.0916 5.72567 8.4
      vertex 66.7 5.7 2.4
      vertex 67.0916 5.72567 2.4
    endloop
  endfacet
  facet normal -0.896936 0.44216 0
    outer loop
      vertex 63.9284 9.84805 2.4
      vertex 64.1019 10.2 8.4
      vertex 64.1019 10.2 2.4
    endloop
  endfacet
  facet normal -0.896936 0.44216 0
    outer loop
      vertex 64.1019 10.2 8.4
      vertex 63.9284 9.84805 2.4
      vertex 63.9284 9.84805 8.4
    endloop
  endfacet
  facet normal 0.980815 0.19494 0
    outer loop
      vertex 69.6743 58.0916 8.4
      vertex 69.5978 58.4765 2.4
      vertex 69.5978 58.4765 8.4
    endloop
  endfacet
  facet normal 0.980815 0.19494 0
    outer loop
      vertex 69.5978 58.4765 2.4
      vertex 69.6743 58.0916 8.4
      vertex 69.6743 58.0916 2.4
    endloop
  endfacet
  facet normal 0.997853 0.0654873 0
    outer loop
      vertex 69.7 57.7 8.4
      vertex 69.6743 58.0916 2.4
      vertex 69.6743 58.0916 8.4
    endloop
  endfacet
  facet normal 0.997853 0.0654873 0
    outer loop
      vertex 69.6743 58.0916 2.4
      vertex 69.7 57.7 8.4
      vertex 69.7 57.7 2.4
    endloop
  endfacet
  facet normal 0.442211 -0.896911 0
    outer loop
      vertex 67.8481 54.9284 2.4
      vertex 68.2 55.1019 8.4
      vertex 67.8481 54.9284 8.4
    endloop
  endfacet
  facet normal 0.442211 -0.896911 0
    outer loop
      vertex 68.2 55.1019 8.4
      vertex 67.8481 54.9284 2.4
      vertex 68.2 55.1019 2.4
    endloop
  endfacet
  facet normal 0.321574 0.946885 -0
    outer loop
      vertex 67.8481 60.4716 2.4
      vertex 67.4765 60.5978 8.4
      vertex 67.8481 60.4716 8.4
    endloop
  endfacet
  facet normal 0.321574 0.946885 0
    outer loop
      vertex 67.4765 60.5978 8.4
      vertex 67.8481 60.4716 2.4
      vertex 67.4765 60.5978 2.4
    endloop
  endfacet
  facet normal -0.321574 0.946885 0
    outer loop
      vertex 65.9235 60.5978 2.4
      vertex 65.5519 60.4716 8.4
      vertex 65.9235 60.5978 8.4
    endloop
  endfacet
  facet normal -0.321574 0.946885 0
    outer loop
      vertex 65.5519 60.4716 8.4
      vertex 65.9235 60.5978 2.4
      vertex 65.5519 60.4716 2.4
    endloop
  endfacet
  facet normal -0.751724 -0.659478 0
    outer loop
      vertex 64.5787 55.5787 2.4
      vertex 64.3199 55.8737 8.4
      vertex 64.3199 55.8737 2.4
    endloop
  endfacet
  facet normal -0.751724 -0.659478 0
    outer loop
      vertex 64.3199 55.8737 8.4
      vertex 64.5787 55.5787 2.4
      vertex 64.5787 55.5787 8.4
    endloop
  endfacet
  facet normal -0.442211 0.896911 0
    outer loop
      vertex 65.5519 60.4716 2.4
      vertex 65.2 60.2981 8.4
      vertex 65.5519 60.4716 8.4
    endloop
  endfacet
  facet normal -0.442211 0.896911 0
    outer loop
      vertex 65.2 60.2981 8.4
      vertex 65.5519 60.4716 2.4
      vertex 65.2 60.2981 2.4
    endloop
  endfacet
  facet normal 0.946885 -0.321574 0
    outer loop
      vertex 69.4716 56.5519 8.4
      vertex 69.5978 56.9235 2.4
      vertex 69.5978 56.9235 8.4
    endloop
  endfacet
  facet normal 0.946885 -0.321574 0
    outer loop
      vertex 69.5978 56.9235 2.4
      vertex 69.4716 56.5519 8.4
      vertex 69.4716 56.5519 2.4
    endloop
  endfacet
  facet normal 0.751724 -0.659478 0
    outer loop
      vertex 68.8213 55.5787 8.4
      vertex 69.0801 55.8737 2.4
      vertex 69.0801 55.8737 8.4
    endloop
  endfacet
  facet normal 0.751724 -0.659478 0
    outer loop
      vertex 69.0801 55.8737 2.4
      vertex 68.8213 55.5787 8.4
      vertex 68.8213 55.5787 2.4
    endloop
  endfacet
  facet normal 0.997853 -0.0654873 0
    outer loop
      vertex 69.6743 57.3084 8.4
      vertex 69.7 57.7 2.4
      vertex 69.7 57.7 8.4
    endloop
  endfacet
  facet normal 0.997853 -0.0654873 0
    outer loop
      vertex 69.7 57.7 2.4
      vertex 69.6743 57.3084 8.4
      vertex 69.6743 57.3084 2.4
    endloop
  endfacet
  facet normal 0.0654873 0.997853 -0
    outer loop
      vertex 67.0916 60.6743 2.4
      vertex 66.7 60.7 8.4
      vertex 67.0916 60.6743 8.4
    endloop
  endfacet
  facet normal 0.0654873 0.997853 0
    outer loop
      vertex 66.7 60.7 8.4
      vertex 67.0916 60.6743 2.4
      vertex 66.7 60.7 2.4
    endloop
  endfacet
  facet normal 0.896961 0.44211 0
    outer loop
      vertex 69.4716 58.848 8.4
      vertex 69.2981 59.2 2.4
      vertex 69.2981 59.2 8.4
    endloop
  endfacet
  facet normal 0.896961 0.44211 0
    outer loop
      vertex 69.2981 59.2 2.4
      vertex 69.4716 58.848 8.4
      vertex 69.4716 58.848 2.4
    endloop
  endfacet
  facet normal -0.321574 -0.946885 0
    outer loop
      vertex 65.5519 54.9284 2.4
      vertex 65.9235 54.8022 8.4
      vertex 65.5519 54.9284 8.4
    endloop
  endfacet
  facet normal -0.321574 -0.946885 -0
    outer loop
      vertex 65.9235 54.8022 8.4
      vertex 65.5519 54.9284 2.4
      vertex 65.9235 54.8022 2.4
    endloop
  endfacet
  facet normal 0.555523 -0.831501 0
    outer loop
      vertex 68.2 55.1019 2.4
      vertex 68.5263 55.3199 8.4
      vertex 68.2 55.1019 8.4
    endloop
  endfacet
  facet normal 0.555523 -0.831501 0
    outer loop
      vertex 68.5263 55.3199 8.4
      vertex 68.2 55.1019 2.4
      vertex 68.5263 55.3199 2.4
    endloop
  endfacet
  facet normal 0.831501 -0.555523 0
    outer loop
      vertex 69.0801 55.8737 8.4
      vertex 69.2981 56.2 2.4
      vertex 69.2981 56.2 8.4
    endloop
  endfacet
  facet normal 0.831501 -0.555523 0
    outer loop
      vertex 69.2981 56.2 2.4
      vertex 69.0801 55.8737 8.4
      vertex 69.0801 55.8737 2.4
    endloop
  endfacet
  facet normal -0.659478 -0.751724 0
    outer loop
      vertex 64.5787 55.5787 2.4
      vertex 64.8737 55.3199 8.4
      vertex 64.5787 55.5787 8.4
    endloop
  endfacet
  facet normal -0.659478 -0.751724 -0
    outer loop
      vertex 64.8737 55.3199 8.4
      vertex 64.5787 55.5787 2.4
      vertex 64.8737 55.3199 2.4
    endloop
  endfacet
  facet normal 0.442211 0.896911 -0
    outer loop
      vertex 68.2 60.2981 2.4
      vertex 67.8481 60.4716 8.4
      vertex 68.2 60.2981 8.4
    endloop
  endfacet
  facet normal 0.442211 0.896911 0
    outer loop
      vertex 67.8481 60.4716 8.4
      vertex 68.2 60.2981 2.4
      vertex 67.8481 60.4716 2.4
    endloop
  endfacet
  facet normal 0.896911 -0.442211 0
    outer loop
      vertex 69.2981 56.2 8.4
      vertex 69.4716 56.5519 2.4
      vertex 69.4716 56.5519 8.4
    endloop
  endfacet
  facet normal 0.896911 -0.442211 0
    outer loop
      vertex 69.4716 56.5519 2.4
      vertex 69.2981 56.2 8.4
      vertex 69.2981 56.2 2.4
    endloop
  endfacet
  facet normal -0.0654873 0.997853 0
    outer loop
      vertex 66.7 60.7 2.4
      vertex 66.3084 60.6743 8.4
      vertex 66.7 60.7 8.4
    endloop
  endfacet
  facet normal -0.0654873 0.997853 0
    outer loop
      vertex 66.3084 60.6743 8.4
      vertex 66.7 60.7 2.4
      vertex 66.3084 60.6743 2.4
    endloop
  endfacet
  facet normal -0.19494 -0.980815 0
    outer loop
      vertex 65.9235 54.8022 2.4
      vertex 66.3084 54.7257 8.4
      vertex 65.9235 54.8022 8.4
    endloop
  endfacet
  facet normal -0.19494 -0.980815 -0
    outer loop
      vertex 66.3084 54.7257 8.4
      vertex 65.9235 54.8022 2.4
      vertex 66.3084 54.7257 2.4
    endloop
  endfacet
  facet normal 0.19494 -0.980815 0
    outer loop
      vertex 67.0916 54.7257 2.4
      vertex 67.4765 54.8022 8.4
      vertex 67.0916 54.7257 8.4
    endloop
  endfacet
  facet normal 0.19494 -0.980815 0
    outer loop
      vertex 67.4765 54.8022 8.4
      vertex 67.0916 54.7257 2.4
      vertex 67.4765 54.8022 2.4
    endloop
  endfacet
  facet normal -0.555523 0.831501 0
    outer loop
      vertex 65.2 60.2981 2.4
      vertex 64.8737 60.0801 8.4
      vertex 65.2 60.2981 8.4
    endloop
  endfacet
  facet normal -0.555523 0.831501 0
    outer loop
      vertex 64.8737 60.0801 8.4
      vertex 65.2 60.2981 2.4
      vertex 64.8737 60.0801 2.4
    endloop
  endfacet
  facet normal 0.831501 0.555523 0
    outer loop
      vertex 69.2981 59.2 8.4
      vertex 69.0801 59.5263 2.4
      vertex 69.0801 59.5263 8.4
    endloop
  endfacet
  facet normal 0.831501 0.555523 0
    outer loop
      vertex 69.0801 59.5263 2.4
      vertex 69.2981 59.2 8.4
      vertex 69.2981 59.2 2.4
    endloop
  endfacet
  facet normal 0.659478 -0.751724 0
    outer loop
      vertex 68.5263 55.3199 2.4
      vertex 68.8213 55.5787 8.4
      vertex 68.5263 55.3199 8.4
    endloop
  endfacet
  facet normal 0.659478 -0.751724 0
    outer loop
      vertex 68.8213 55.5787 8.4
      vertex 68.5263 55.3199 2.4
      vertex 68.8213 55.5787 2.4
    endloop
  endfacet
  facet normal -0.946858 0.321651 0
    outer loop
      vertex 63.8022 58.4765 2.4
      vertex 63.9284 58.848 8.4
      vertex 63.9284 58.848 2.4
    endloop
  endfacet
  facet normal -0.946858 0.321651 0
    outer loop
      vertex 63.9284 58.848 8.4
      vertex 63.8022 58.4765 2.4
      vertex 63.8022 58.4765 8.4
    endloop
  endfacet
  facet normal 0 0 1
    outer loop
      vertex 68.1 57.7 8.4
      vertex 69.7 57.7 8.4
      vertex 69.6743 58.0916 8.4
    endloop
  endfacet
  facet normal 0 0 1
    outer loop
      vertex 68.088 57.8827 8.4
      vertex 69.6743 58.0916 8.4
      vertex 69.5978 58.4765 8.4
    endloop
  endfacet
  facet normal 0 0 1
    outer loop
      vertex 69.7 57.7 8.4
      vertex 68.1 57.7 8.4
      vertex 69.6743 57.3084 8.4
    endloop
  endfacet
  facet normal 0 0 1
    outer loop
      vertex 68.0523 58.0623 8.4
      vertex 69.5978 58.4765 8.4
      vertex 69.4716 58.848 8.4
    endloop
  endfacet
  facet normal -0 0 1
    outer loop
      vertex 68.088 57.5173 8.4
      vertex 69.6743 57.3084 8.4
      vertex 68.1 57.7 8.4
    endloop
  endfacet
  facet normal 0 0 1
    outer loop
      vertex 67.9934 58.2358 8.4
      vertex 69.4716 58.848 8.4
      vertex 69.2981 59.2 8.4
    endloop
  endfacet
  facet normal 0 0 1
    outer loop
      vertex 69.6743 57.3084 8.4
      vertex 68.088 57.5173 8.4
      vertex 69.5978 56.9235 8.4
    endloop
  endfacet
  facet normal 0 0 1
    outer loop
      vertex 67.9124 58.4 8.4
      vertex 69.2981 59.2 8.4
      vertex 69.0801 59.5263 8.4
    endloop
  endfacet
  facet normal -0 0 1
    outer loop
      vertex 68.0523 57.3377 8.4
      vertex 69.5978 56.9235 8.4
      vertex 68.088 57.5173 8.4
    endloop
  endfacet
  facet normal 0 0 1
    outer loop
      vertex 67.8107 58.5523 8.4
      vertex 69.0801 59.5263 8.4
      vertex 68.8213 59.8213 8.4
    endloop
  endfacet
  facet normal 0 0 1
    outer loop
      vertex 69.5978 56.9235 8.4
      vertex 68.0523 57.3377 8.4
      vertex 69.4716 56.5519 8.4
    endloop
  endfacet
  facet normal 0 0 1
    outer loop
      vertex 67.6899 58.6899 8.4
      vertex 68.8213 59.8213 8.4
      vertex 68.5263 60.0801 8.4
    endloop
  endfacet
  facet normal -0 0 1
    outer loop
      vertex 67.9934 57.1642 8.4
      vertex 69.4716 56.5519 8.4
      vertex 68.0523 57.3377 8.4
    endloop
  endfacet
  facet normal 0 0 1
    outer loop
      vertex 67.5523 58.8107 8.4
      vertex 68.5263 60.0801 8.4
      vertex 68.2 60.2981 8.4
    endloop
  endfacet
  facet normal 0 0 1
    outer loop
      vertex 69.4716 56.5519 8.4
      vertex 67.9934 57.1642 8.4
      vertex 69.2981 56.2 8.4
    endloop
  endfacet
  facet normal -0 0 1
    outer loop
      vertex 67.9124 57 8.4
      vertex 69.2981 56.2 8.4
      vertex 67.9934 57.1642 8.4
    endloop
  endfacet
  facet normal 0 0 1
    outer loop
      vertex 69.6743 58.0916 8.4
      vertex 68.088 57.8827 8.4
      vertex 68.1 57.7 8.4
    endloop
  endfacet
  facet normal 0 0 1
    outer loop
      vertex 69.5978 58.4765 8.4
      vertex 68.0523 58.0623 8.4
      vertex 68.088 57.8827 8.4
    endloop
  endfacet
  facet normal 0 0 1
    outer loop
      vertex 69.4716 58.848 8.4
      vertex 67.9934 58.2358 8.4
      vertex 68.0523 58.0623 8.4
    endloop
  endfacet
  facet normal 0 0 1
    outer loop
      vertex 69.2981 59.2 8.4
      vertex 67.9124 58.4 8.4
      vertex 67.9934 58.2358 8.4
    endloop
  endfacet
  facet normal 0 0 1
    outer loop
      vertex 67.4 58.9124 8.4
      vertex 68.2 60.2981 8.4
      vertex 67.8481 60.4716 8.4
    endloop
  endfacet
  facet normal 0 0 1
    outer loop
      vertex 69.0801 59.5263 8.4
      vertex 67.8107 58.5523 8.4
      vertex 67.9124 58.4 8.4
    endloop
  endfacet
  facet normal 0 0 1
    outer loop
      vertex 68.8213 59.8213 8.4
      vertex 67.6899 58.6899 8.4
      vertex 67.8107 58.5523 8.4
    endloop
  endfacet
  facet normal 0 0 1
    outer loop
      vertex 68.5263 60.0801 8.4
      vertex 67.5523 58.8107 8.4
      vertex 67.6899 58.6899 8.4
    endloop
  endfacet
  facet normal 0 0 1
    outer loop
      vertex 67.2358 58.9934 8.4
      vertex 67.8481 60.4716 8.4
      vertex 67.4765 60.5978 8.4
    endloop
  endfacet
  facet normal 0 0 1
    outer loop
      vertex 68.2 60.2981 8.4
      vertex 67.4 58.9124 8.4
      vertex 67.5523 58.8107 8.4
    endloop
  endfacet
  facet normal 0 0 1
    outer loop
      vertex 67.8481 60.4716 8.4
      vertex 67.2358 58.9934 8.4
      vertex 67.4 58.9124 8.4
    endloop
  endfacet
  facet normal 0 0 1
    outer loop
      vertex 67.0623 59.0523 8.4
      vertex 67.4765 60.5978 8.4
      vertex 67.0916 60.6743 8.4
    endloop
  endfacet
  facet normal 0 0 1
    outer loop
      vertex 67.4765 60.5978 8.4
      vertex 67.0623 59.0523 8.4
      vertex 67.2358 58.9934 8.4
    endloop
  endfacet
  facet normal 0 0 1
    outer loop
      vertex 67.0916 60.6743 8.4
      vertex 66.8827 59.088 8.4
      vertex 67.0623 59.0523 8.4
    endloop
  endfacet
  facet normal 0 0 1
    outer loop
      vertex 66.7 60.7 8.4
      vertex 66.8827 59.088 8.4
      vertex 67.0916 60.6743 8.4
    endloop
  endfacet
  facet normal 0 0 1
    outer loop
      vertex 66.7 60.7 8.4
      vertex 66.7 59.1 8.4
      vertex 66.8827 59.088 8.4
    endloop
  endfacet
  facet normal 0 0 1
    outer loop
      vertex 66.7 60.7 8.4
      vertex 66.5173 59.088 8.4
      vertex 66.7 59.1 8.4
    endloop
  endfacet
  facet normal -0 0 1
    outer loop
      vertex 66.3084 60.6743 8.4
      vertex 66.5173 59.088 8.4
      vertex 66.7 60.7 8.4
    endloop
  endfacet
  facet normal 0 0 1
    outer loop
      vertex 66.5173 59.088 8.4
      vertex 66.3084 60.6743 8.4
      vertex 66.3377 59.0523 8.4
    endloop
  endfacet
  facet normal -0 0 1
    outer loop
      vertex 65.9235 60.5978 8.4
      vertex 66.3377 59.0523 8.4
      vertex 66.3084 60.6743 8.4
    endloop
  endfacet
  facet normal 0 0 1
    outer loop
      vertex 66.3377 59.0523 8.4
      vertex 65.9235 60.5978 8.4
      vertex 66.1642 58.9934 8.4
    endloop
  endfacet
  facet normal -0 0 1
    outer loop
      vertex 65.5519 60.4716 8.4
      vertex 66.1642 58.9934 8.4
      vertex 65.9235 60.5978 8.4
    endloop
  endfacet
  facet normal 0 0 1
    outer loop
      vertex 66.1642 58.9934 8.4
      vertex 65.5519 60.4716 8.4
      vertex 66 58.9124 8.4
    endloop
  endfacet
  facet normal -0 0 1
    outer loop
      vertex 65.2 60.2981 8.4
      vertex 66 58.9124 8.4
      vertex 65.5519 60.4716 8.4
    endloop
  endfacet
  facet normal 0 0 1
    outer loop
      vertex 66 58.9124 8.4
      vertex 65.2 60.2981 8.4
      vertex 65.8477 58.8107 8.4
    endloop
  endfacet
  facet normal -0 0 1
    outer loop
      vertex 64.8737 60.0801 8.4
      vertex 65.8477 58.8107 8.4
      vertex 65.2 60.2981 8.4
    endloop
  endfacet
  facet normal 0 0 1
    outer loop
      vertex 65.8477 58.8107 8.4
      vertex 64.8737 60.0801 8.4
      vertex 65.7101 58.6899 8.4
    endloop
  endfacet
  facet normal -0 0 1
    outer loop
      vertex 64.5787 59.8213 8.4
      vertex 65.7101 58.6899 8.4
      vertex 64.8737 60.0801 8.4
    endloop
  endfacet
  facet normal 0 0 1
    outer loop
      vertex 65.7101 58.6899 8.4
      vertex 64.5787 59.8213 8.4
      vertex 65.5893 58.5523 8.4
    endloop
  endfacet
  facet normal -0 0 1
    outer loop
      vertex 64.3199 59.5263 8.4
      vertex 65.5893 58.5523 8.4
      vertex 64.5787 59.8213 8.4
    endloop
  endfacet
  facet normal -0 0 1
    outer loop
      vertex 64.1019 59.2 8.4
      vertex 65.4876 58.4 8.4
      vertex 64.3199 59.5263 8.4
    endloop
  endfacet
  facet normal 0 0 1
    outer loop
      vertex 65.5893 58.5523 8.4
      vertex 64.3199 59.5263 8.4
      vertex 65.4876 58.4 8.4
    endloop
  endfacet
  facet normal 0 0 1
    outer loop
      vertex 69.2981 56.2 8.4
      vertex 67.9124 57 8.4
      vertex 69.0801 55.8737 8.4
    endloop
  endfacet
  facet normal -0 0 1
    outer loop
      vertex 67.8107 56.8477 8.4
      vertex 69.0801 55.8737 8.4
      vertex 67.9124 57 8.4
    endloop
  endfacet
  facet normal 0 0 1
    outer loop
      vertex 69.0801 55.8737 8.4
      vertex 67.8107 56.8477 8.4
      vertex 68.8213 55.5787 8.4
    endloop
  endfacet
  facet normal -0 0 1
    outer loop
      vertex 67.6899 56.71 8.4
      vertex 68.8213 55.5787 8.4
      vertex 67.8107 56.8477 8.4
    endloop
  endfacet
  facet normal 0 0 1
    outer loop
      vertex 68.8213 55.5787 8.4
      vertex 67.6899 56.71 8.4
      vertex 68.5263 55.3199 8.4
    endloop
  endfacet
  facet normal -0 0 1
    outer loop
      vertex 67.5523 56.5893 8.4
      vertex 68.5263 55.3199 8.4
      vertex 67.6899 56.71 8.4
    endloop
  endfacet
  facet normal 0 0 1
    outer loop
      vertex 68.5263 55.3199 8.4
      vertex 67.5523 56.5893 8.4
      vertex 68.2 55.1019 8.4
    endloop
  endfacet
  facet normal -0 0 1
    outer loop
      vertex 67.4 56.4876 8.4
      vertex 68.2 55.1019 8.4
      vertex 67.5523 56.5893 8.4
    endloop
  endfacet
  facet normal 0 0 1
    outer loop
      vertex 68.2 55.1019 8.4
      vertex 67.4 56.4876 8.4
      vertex 67.8481 54.9284 8.4
    endloop
  endfacet
  facet normal -0 0 1
    outer loop
      vertex 67.2358 56.4066 8.4
      vertex 67.8481 54.9284 8.4
      vertex 67.4 56.4876 8.4
    endloop
  endfacet
  facet normal 0 0 1
    outer loop
      vertex 67.8481 54.9284 8.4
      vertex 67.2358 56.4066 8.4
      vertex 67.4765 54.8022 8.4
    endloop
  endfacet
  facet normal -0 0 1
    outer loop
      vertex 67.0623 56.3477 8.4
      vertex 67.4765 54.8022 8.4
      vertex 67.2358 56.4066 8.4
    endloop
  endfacet
  facet normal 0 0 1
    outer loop
      vertex 67.4765 54.8022 8.4
      vertex 67.0623 56.3477 8.4
      vertex 67.0916 54.7257 8.4
    endloop
  endfacet
  facet normal -0 0 1
    outer loop
      vertex 66.8827 56.312 8.4
      vertex 67.0916 54.7257 8.4
      vertex 67.0623 56.3477 8.4
    endloop
  endfacet
  facet normal -0 0 1
    outer loop
      vertex 66.7 56.3 8.4
      vertex 67.0916 54.7257 8.4
      vertex 66.8827 56.312 8.4
    endloop
  endfacet
  facet normal 0 0 1
    outer loop
      vertex 66.7 56.3 8.4
      vertex 66.7 54.7 8.4
      vertex 67.0916 54.7257 8.4
    endloop
  endfacet
  facet normal 0 0 1
    outer loop
      vertex 66.5173 56.312 8.4
      vertex 66.7 54.7 8.4
      vertex 66.7 56.3 8.4
    endloop
  endfacet
  facet normal 0 0 1
    outer loop
      vertex 66.3084 54.7257 8.4
      vertex 66.5173 56.312 8.4
      vertex 66.3377 56.3477 8.4
    endloop
  endfacet
  facet normal 0 0 1
    outer loop
      vertex 66.5173 56.312 8.4
      vertex 66.3084 54.7257 8.4
      vertex 66.7 54.7 8.4
    endloop
  endfacet
  facet normal 0 0 1
    outer loop
      vertex 65.9235 54.8022 8.4
      vertex 66.3377 56.3477 8.4
      vertex 66.1642 56.4066 8.4
    endloop
  endfacet
  facet normal 0 0 1
    outer loop
      vertex 65.5519 54.9284 8.4
      vertex 66.1642 56.4066 8.4
      vertex 66 56.4876 8.4
    endloop
  endfacet
  facet normal 0 0 1
    outer loop
      vertex 66.3377 56.3477 8.4
      vertex 65.9235 54.8022 8.4
      vertex 66.3084 54.7257 8.4
    endloop
  endfacet
  facet normal 0 0 1
    outer loop
      vertex 65.2 55.1019 8.4
      vertex 66 56.4876 8.4
      vertex 65.8477 56.5893 8.4
    endloop
  endfacet
  facet normal 0 0 1
    outer loop
      vertex 64.8737 55.3199 8.4
      vertex 65.8477 56.5893 8.4
      vertex 65.7101 56.71 8.4
    endloop
  endfacet
  facet normal 0 0 1
    outer loop
      vertex 64.5787 55.5787 8.4
      vertex 65.7101 56.71 8.4
      vertex 65.5893 56.8477 8.4
    endloop
  endfacet
  facet normal 0 0 1
    outer loop
      vertex 66.1642 56.4066 8.4
      vertex 65.5519 54.9284 8.4
      vertex 65.9235 54.8022 8.4
    endloop
  endfacet
  facet normal 0 0 1
    outer loop
      vertex 64.3199 55.8737 8.4
      vertex 65.5893 56.8477 8.4
      vertex 65.4876 57 8.4
    endloop
  endfacet
  facet normal 0 0 1
    outer loop
      vertex 64.1019 56.2 8.4
      vertex 65.4876 57 8.4
      vertex 65.4066 57.1642 8.4
    endloop
  endfacet
  facet normal 0 0 1
    outer loop
      vertex 63.9284 56.5519 8.4
      vertex 65.4066 57.1642 8.4
      vertex 65.3477 57.3377 8.4
    endloop
  endfacet
  facet normal 0 0 1
    outer loop
      vertex 63.8022 56.9235 8.4
      vertex 65.3477 57.3377 8.4
      vertex 65.312 57.5173 8.4
    endloop
  endfacet
  facet normal 0 0 1
    outer loop
      vertex 66 56.4876 8.4
      vertex 65.2 55.1019 8.4
      vertex 65.5519 54.9284 8.4
    endloop
  endfacet
  facet normal 0 0 1
    outer loop
      vertex 63.7257 57.3084 8.4
      vertex 65.312 57.5173 8.4
      vertex 65.3 57.7 8.4
    endloop
  endfacet
  facet normal 0 0 1
    outer loop
      vertex 65.4876 58.4 8.4
      vertex 64.1019 59.2 8.4
      vertex 65.4066 58.2358 8.4
    endloop
  endfacet
  facet normal -0 0 1
    outer loop
      vertex 63.9284 58.848 8.4
      vertex 65.4066 58.2358 8.4
      vertex 64.1019 59.2 8.4
    endloop
  endfacet
  facet normal 0 0 1
    outer loop
      vertex 65.8477 56.5893 8.4
      vertex 64.8737 55.3199 8.4
      vertex 65.2 55.1019 8.4
    endloop
  endfacet
  facet normal 0 0 1
    outer loop
      vertex 65.4066 58.2358 8.4
      vertex 63.9284 58.848 8.4
      vertex 65.3477 58.0623 8.4
    endloop
  endfacet
  facet normal 0 0 1
    outer loop
      vertex 65.7101 56.71 8.4
      vertex 64.5787 55.5787 8.4
      vertex 64.8737 55.3199 8.4
    endloop
  endfacet
  facet normal -0 0 1
    outer loop
      vertex 63.8022 58.4765 8.4
      vertex 65.3477 58.0623 8.4
      vertex 63.9284 58.848 8.4
    endloop
  endfacet
  facet normal 0 0 1
    outer loop
      vertex 65.5893 56.8477 8.4
      vertex 64.3199 55.8737 8.4
      vertex 64.5787 55.5787 8.4
    endloop
  endfacet
  facet normal 0 0 1
    outer loop
      vertex 65.3477 58.0623 8.4
      vertex 63.8022 58.4765 8.4
      vertex 65.312 57.8827 8.4
    endloop
  endfacet
  facet normal 0 0 1
    outer loop
      vertex 65.4876 57 8.4
      vertex 64.1019 56.2 8.4
      vertex 64.3199 55.8737 8.4
    endloop
  endfacet
  facet normal -0 0 1
    outer loop
      vertex 63.7257 58.0916 8.4
      vertex 65.312 57.8827 8.4
      vertex 63.8022 58.4765 8.4
    endloop
  endfacet
  facet normal 0 0 1
    outer loop
      vertex 65.4066 57.1642 8.4
      vertex 63.9284 56.5519 8.4
      vertex 64.1019 56.2 8.4
    endloop
  endfacet
  facet normal 0 0 1
    outer loop
      vertex 65.312 57.8827 8.4
      vertex 63.7257 58.0916 8.4
      vertex 65.3 57.7 8.4
    endloop
  endfacet
  facet normal 0 0 1
    outer loop
      vertex 65.3477 57.3377 8.4
      vertex 63.8022 56.9235 8.4
      vertex 63.9284 56.5519 8.4
    endloop
  endfacet
  facet normal 0 0 1
    outer loop
      vertex 63.7 57.7 8.4
      vertex 65.3 57.7 8.4
      vertex 63.7257 58.0916 8.4
    endloop
  endfacet
  facet normal 0 0 1
    outer loop
      vertex 65.312 57.5173 8.4
      vertex 63.7257 57.3084 8.4
      vertex 63.8022 56.9235 8.4
    endloop
  endfacet
  facet normal 0 0 1
    outer loop
      vertex 65.3 57.7 8.4
      vertex 63.7 57.7 8.4
      vertex 63.7257 57.3084 8.4
    endloop
  endfacet
  facet normal -0.946885 -0.321574 0
    outer loop
      vertex 63.9284 56.5519 2.4
      vertex 63.8022 56.9235 8.4
      vertex 63.8022 56.9235 2.4
    endloop
  endfacet
  facet normal -0.946885 -0.321574 0
    outer loop
      vertex 63.8022 56.9235 8.4
      vertex 63.9284 56.5519 2.4
      vertex 63.9284 56.5519 8.4
    endloop
  endfacet
  facet normal -0.980815 0.19494 0
    outer loop
      vertex 63.7257 58.0916 2.4
      vertex 63.8022 58.4765 8.4
      vertex 63.8022 58.4765 2.4
    endloop
  endfacet
  facet normal -0.980815 0.19494 0
    outer loop
      vertex 63.8022 58.4765 8.4
      vertex 63.7257 58.0916 2.4
      vertex 63.7257 58.0916 8.4
    endloop
  endfacet
  facet normal 0.555523 0.831501 -0
    outer loop
      vertex 68.5263 60.0801 2.4
      vertex 68.2 60.2981 8.4
      vertex 68.5263 60.0801 8.4
    endloop
  endfacet
  facet normal 0.555523 0.831501 0
    outer loop
      vertex 68.2 60.2981 8.4
      vertex 68.5263 60.0801 2.4
      vertex 68.2 60.2981 2.4
    endloop
  endfacet
  facet normal -0.831501 0.555523 0
    outer loop
      vertex 64.1019 59.2 2.4
      vertex 64.3199 59.5263 8.4
      vertex 64.3199 59.5263 2.4
    endloop
  endfacet
  facet normal -0.831501 0.555523 0
    outer loop
      vertex 64.3199 59.5263 8.4
      vertex 64.1019 59.2 2.4
      vertex 64.1019 59.2 8.4
    endloop
  endfacet
  facet normal -0.0654873 -0.997853 0
    outer loop
      vertex 66.3084 54.7257 2.4
      vertex 66.7 54.7 8.4
      vertex 66.3084 54.7257 8.4
    endloop
  endfacet
  facet normal -0.0654873 -0.997853 -0
    outer loop
      vertex 66.7 54.7 8.4
      vertex 66.3084 54.7257 2.4
      vertex 66.7 54.7 2.4
    endloop
  endfacet
  facet normal -0.442211 -0.896911 0
    outer loop
      vertex 65.2 55.1019 2.4
      vertex 65.5519 54.9284 8.4
      vertex 65.2 55.1019 8.4
    endloop
  endfacet
  facet normal -0.442211 -0.896911 -0
    outer loop
      vertex 65.5519 54.9284 8.4
      vertex 65.2 55.1019 2.4
      vertex 65.5519 54.9284 2.4
    endloop
  endfacet
  facet normal -0.19494 0.980815 0
    outer loop
      vertex 66.3084 60.6743 2.4
      vertex 65.9235 60.5978 8.4
      vertex 66.3084 60.6743 8.4
    endloop
  endfacet
  facet normal -0.19494 0.980815 0
    outer loop
      vertex 65.9235 60.5978 8.4
      vertex 66.3084 60.6743 2.4
      vertex 65.9235 60.5978 2.4
    endloop
  endfacet
  facet normal -0.555523 -0.831501 0
    outer loop
      vertex 64.8737 55.3199 2.4
      vertex 65.2 55.1019 8.4
      vertex 64.8737 55.3199 8.4
    endloop
  endfacet
  facet normal -0.555523 -0.831501 -0
    outer loop
      vertex 65.2 55.1019 8.4
      vertex 64.8737 55.3199 2.4
      vertex 65.2 55.1019 2.4
    endloop
  endfacet
  facet normal 0.321574 -0.946885 0
    outer loop
      vertex 67.4765 54.8022 2.4
      vertex 67.8481 54.9284 8.4
      vertex 67.4765 54.8022 8.4
    endloop
  endfacet
  facet normal 0.321574 -0.946885 0
    outer loop
      vertex 67.8481 54.9284 8.4
      vertex 67.4765 54.8022 2.4
      vertex 67.8481 54.9284 2.4
    endloop
  endfacet
  facet normal 0.980815 -0.19494 0
    outer loop
      vertex 69.5978 56.9235 8.4
      vertex 69.6743 57.3084 2.4
      vertex 69.6743 57.3084 8.4
    endloop
  endfacet
  facet normal 0.980815 -0.19494 0
    outer loop
      vertex 69.6743 57.3084 2.4
      vertex 69.5978 56.9235 8.4
      vertex 69.5978 56.9235 2.4
    endloop
  endfacet
  facet normal -0.659478 0.751724 0
    outer loop
      vertex 64.8737 60.0801 2.4
      vertex 64.5787 59.8213 8.4
      vertex 64.8737 60.0801 8.4
    endloop
  endfacet
  facet normal -0.659478 0.751724 0
    outer loop
      vertex 64.5787 59.8213 8.4
      vertex 64.8737 60.0801 2.4
      vertex 64.5787 59.8213 2.4
    endloop
  endfacet
  facet normal -0.997853 0.0654873 0
    outer loop
      vertex 63.7 57.7 2.4
      vertex 63.7257 58.0916 8.4
      vertex 63.7257 58.0916 2.4
    endloop
  endfacet
  facet normal -0.997853 0.0654873 0
    outer loop
      vertex 63.7257 58.0916 8.4
      vertex 63.7 57.7 2.4
      vertex 63.7 57.7 8.4
    endloop
  endfacet
  facet normal -0.896911 -0.442211 0
    outer loop
      vertex 64.1019 56.2 2.4
      vertex 63.9284 56.5519 8.4
      vertex 63.9284 56.5519 2.4
    endloop
  endfacet
  facet normal -0.896911 -0.442211 0
    outer loop
      vertex 63.9284 56.5519 8.4
      vertex 64.1019 56.2 2.4
      vertex 64.1019 56.2 8.4
    endloop
  endfacet
  facet normal 0.19494 0.980815 -0
    outer loop
      vertex 67.4765 60.5978 2.4
      vertex 67.0916 60.6743 8.4
      vertex 67.4765 60.5978 8.4
    endloop
  endfacet
  facet normal 0.19494 0.980815 0
    outer loop
      vertex 67.0916 60.6743 8.4
      vertex 67.4765 60.5978 2.4
      vertex 67.0916 60.6743 2.4
    endloop
  endfacet
  facet normal -0.831501 -0.555523 0
    outer loop
      vertex 64.3199 55.8737 2.4
      vertex 64.1019 56.2 8.4
      vertex 64.1019 56.2 2.4
    endloop
  endfacet
  facet normal -0.831501 -0.555523 0
    outer loop
      vertex 64.1019 56.2 8.4
      vertex 64.3199 55.8737 2.4
      vertex 64.3199 55.8737 8.4
    endloop
  endfacet
  facet normal -0.997853 -0.0654873 0
    outer loop
      vertex 63.7257 57.3084 2.4
      vertex 63.7 57.7 8.4
      vertex 63.7 57.7 2.4
    endloop
  endfacet
  facet normal -0.997853 -0.0654873 0
    outer loop
      vertex 63.7 57.7 8.4
      vertex 63.7257 57.3084 2.4
      vertex 63.7257 57.3084 8.4
    endloop
  endfacet
  facet normal 0.751724 0.659478 0
    outer loop
      vertex 69.0801 59.5263 8.4
      vertex 68.8213 59.8213 2.4
      vertex 68.8213 59.8213 8.4
    endloop
  endfacet
  facet normal 0.751724 0.659478 0
    outer loop
      vertex 68.8213 59.8213 2.4
      vertex 69.0801 59.5263 8.4
      vertex 69.0801 59.5263 2.4
    endloop
  endfacet
  facet normal 0.659478 0.751724 -0
    outer loop
      vertex 68.8213 59.8213 2.4
      vertex 68.5263 60.0801 8.4
      vertex 68.8213 59.8213 8.4
    endloop
  endfacet
  facet normal 0.659478 0.751724 0
    outer loop
      vertex 68.5263 60.0801 8.4
      vertex 68.8213 59.8213 2.4
      vertex 68.5263 60.0801 2.4
    endloop
  endfacet
  facet normal -0.751724 0.659478 0
    outer loop
      vertex 64.3199 59.5263 2.4
      vertex 64.5787 59.8213 8.4
      vertex 64.5787 59.8213 2.4
    endloop
  endfacet
  facet normal -0.751724 0.659478 0
    outer loop
      vertex 64.5787 59.8213 8.4
      vertex 64.3199 59.5263 2.4
      vertex 64.3199 59.5263 8.4
    endloop
  endfacet
  facet normal 0.946858 0.321651 0
    outer loop
      vertex 69.5978 58.4765 8.4
      vertex 69.4716 58.848 2.4
      vertex 69.4716 58.848 8.4
    endloop
  endfacet
  facet normal 0.946858 0.321651 0
    outer loop
      vertex 69.4716 58.848 2.4
      vertex 69.5978 58.4765 8.4
      vertex 69.5978 58.4765 2.4
    endloop
  endfacet
  facet normal -0.980815 -0.19494 0
    outer loop
      vertex 63.8022 56.9235 2.4
      vertex 63.7257 57.3084 8.4
      vertex 63.7257 57.3084 2.4
    endloop
  endfacet
  facet normal -0.980815 -0.19494 0
    outer loop
      vertex 63.7257 57.3084 8.4
      vertex 63.8022 56.9235 2.4
      vertex 63.8022 56.9235 8.4
    endloop
  endfacet
  facet normal 0.0654873 -0.997853 0
    outer loop
      vertex 66.7 54.7 2.4
      vertex 67.0916 54.7257 8.4
      vertex 66.7 54.7 8.4
    endloop
  endfacet
  facet normal 0.0654873 -0.997853 0
    outer loop
      vertex 67.0916 54.7257 8.4
      vertex 66.7 54.7 2.4
      vertex 67.0916 54.7257 2.4
    endloop
  endfacet
  facet normal -0.896961 0.44211 0
    outer loop
      vertex 63.9284 58.848 2.4
      vertex 64.1019 59.2 8.4
      vertex 64.1019 59.2 2.4
    endloop
  endfacet
  facet normal -0.896961 0.44211 0
    outer loop
      vertex 64.1019 59.2 8.4
      vertex 63.9284 58.848 2.4
      vertex 63.9284 58.848 8.4
    endloop
  endfacet
  facet normal 0.195087 -0.980786 0
    outer loop
      vertex 47.5263 5.72139 2.4
      vertex 47.847 5.78518 7.4
      vertex 47.5263 5.72139 7.4
    endloop
  endfacet
  facet normal 0.195087 -0.980786 0
    outer loop
      vertex 47.847 5.78518 7.4
      vertex 47.5263 5.72139 2.4
      vertex 47.847 5.78518 2.4
    endloop
  endfacet
  facet normal 0.980785 0.195093 0
    outer loop
      vertex 49.6786 8.52631 7.4
      vertex 49.6148 8.84705 2.4
      vertex 49.6148 8.84705 7.4
    endloop
  endfacet
  facet normal 0.980785 0.195093 0
    outer loop
      vertex 49.6148 8.84705 2.4
      vertex 49.6786 8.52631 7.4
      vertex 49.6786 8.52631 2.4
    endloop
  endfacet
  facet normal 0.997856 0.0654412 0
    outer loop
      vertex 49.7 8.2 7.4
      vertex 49.6786 8.52631 2.4
      vertex 49.6786 8.52631 7.4
    endloop
  endfacet
  facet normal 0.997856 0.0654412 0
    outer loop
      vertex 49.6786 8.52631 2.4
      vertex 49.7 8.2 7.4
      vertex 49.7 8.2 2.4
    endloop
  endfacet
  facet normal -0.321415 -0.946938 0
    outer loop
      vertex 46.2433 5.8903 2.4
      vertex 46.553 5.78518 7.4
      vertex 46.2433 5.8903 7.4
    endloop
  endfacet
  facet normal -0.321415 -0.946938 -0
    outer loop
      vertex 46.553 5.78518 7.4
      vertex 46.2433 5.8903 2.4
      vertex 46.553 5.78518 2.4
    endloop
  endfacet
  facet normal -0.751873 -0.659307 0
    outer loop
      vertex 45.4322 6.43223 2.4
      vertex 45.2166 6.6781 7.4
      vertex 45.2166 6.6781 2.4
    endloop
  endfacet
  facet normal -0.751873 -0.659307 0
    outer loop
      vertex 45.2166 6.6781 7.4
      vertex 45.4322 6.43223 2.4
      vertex 45.4322 6.43223 7.4
    endloop
  endfacet
  facet normal 0.555575 -0.831466 0
    outer loop
      vertex 48.45 6.03494 2.4
      vertex 48.7219 6.21662 7.4
      vertex 48.45 6.03494 7.4
    endloop
  endfacet
  facet normal 0.555575 -0.831466 0
    outer loop
      vertex 48.7219 6.21662 7.4
      vertex 48.45 6.03494 2.4
      vertex 48.7219 6.21662 2.4
    endloop
  endfacet
  facet normal -0.896915 -0.442204 0
    outer loop
      vertex 45.0349 6.95 2.4
      vertex 44.8903 7.24329 7.4
      vertex 44.8903 7.24329 2.4
    endloop
  endfacet
  facet normal -0.896915 -0.442204 0
    outer loop
      vertex 44.8903 7.24329 7.4
      vertex 45.0349 6.95 2.4
      vertex 45.0349 6.95 7.4
    endloop
  endfacet
  facet normal -0.751873 0.659307 0
    outer loop
      vertex 45.2166 9.7219 2.4
      vertex 45.4322 9.96777 7.4
      vertex 45.4322 9.96777 2.4
    endloop
  endfacet
  facet normal -0.751873 0.659307 0
    outer loop
      vertex 45.4322 9.96777 7.4
      vertex 45.2166 9.7219 2.4
      vertex 45.2166 9.7219 7.4
    endloop
  endfacet
  facet normal -0.555617 0.831438 0
    outer loop
      vertex 45.95 10.3651 2.4
      vertex 45.6781 10.1834 7.4
      vertex 45.95 10.3651 7.4
    endloop
  endfacet
  facet normal -0.555617 0.831438 0
    outer loop
      vertex 45.6781 10.1834 7.4
      vertex 45.95 10.3651 2.4
      vertex 45.6781 10.1834 2.4
    endloop
  endfacet
  facet normal 0.0654432 0.997856 -0
    outer loop
      vertex 47.5263 10.6786 2.4
      vertex 47.2 10.7 7.4
      vertex 47.5263 10.6786 7.4
    endloop
  endfacet
  facet normal 0.0654432 0.997856 0
    outer loop
      vertex 47.2 10.7 7.4
      vertex 47.5263 10.6786 2.4
      vertex 47.2 10.7 2.4
    endloop
  endfacet
  facet normal -0.659314 0.751868 0
    outer loop
      vertex 45.6781 10.1834 2.4
      vertex 45.4322 9.96777 7.4
      vertex 45.6781 10.1834 7.4
    endloop
  endfacet
  facet normal -0.659314 0.751868 0
    outer loop
      vertex 45.4322 9.96777 7.4
      vertex 45.6781 10.1834 2.4
      vertex 45.4322 9.96777 2.4
    endloop
  endfacet
  facet normal 0.946944 -0.321397 0
    outer loop
      vertex 49.5097 7.24329 7.4
      vertex 49.6148 7.55295 2.4
      vertex 49.6148 7.55295 7.4
    endloop
  endfacet
  facet normal 0.946944 -0.321397 0
    outer loop
      vertex 49.6148 7.55295 2.4
      vertex 49.5097 7.24329 7.4
      vertex 49.5097 7.24329 2.4
    endloop
  endfacet
  facet normal -0.0654432 0.997856 0
    outer loop
      vertex 47.2 10.7 2.4
      vertex 46.8737 10.6786 7.4
      vertex 47.2 10.7 7.4
    endloop
  endfacet
  facet normal -0.0654432 0.997856 0
    outer loop
      vertex 46.8737 10.6786 7.4
      vertex 47.2 10.7 2.4
      vertex 46.8737 10.6786 2.4
    endloop
  endfacet
  facet normal 0.195116 0.98078 -0
    outer loop
      vertex 47.847 10.6148 2.4
      vertex 47.5263 10.6786 7.4
      vertex 47.847 10.6148 7.4
    endloop
  endfacet
  facet normal 0.195116 0.98078 0
    outer loop
      vertex 47.5263 10.6786 7.4
      vertex 47.847 10.6148 2.4
      vertex 47.5263 10.6786 2.4
    endloop
  endfacet
  facet normal 0.0654128 -0.997858 0
    outer loop
      vertex 47.2 5.7 2.4
      vertex 47.5263 5.72139 7.4
      vertex 47.2 5.7 7.4
    endloop
  endfacet
  facet normal 0.0654128 -0.997858 0
    outer loop
      vertex 47.5263 5.72139 7.4
      vertex 47.2 5.7 2.4
      vertex 47.5263 5.72139 2.4
    endloop
  endfacet
  facet normal -0.946944 -0.321397 0
    outer loop
      vertex 44.8903 7.24329 2.4
      vertex 44.7852 7.55295 7.4
      vertex 44.7852 7.55295 2.4
    endloop
  endfacet
  facet normal -0.946944 -0.321397 0
    outer loop
      vertex 44.7852 7.55295 7.4
      vertex 44.8903 7.24329 2.4
      vertex 44.8903 7.24329 7.4
    endloop
  endfacet
  facet normal 0.659279 -0.751898 0
    outer loop
      vertex 48.7219 6.21662 2.4
      vertex 48.9678 6.43223 7.4
      vertex 48.7219 6.21662 7.4
    endloop
  endfacet
  facet normal 0.659279 -0.751898 0
    outer loop
      vertex 48.9678 6.43223 7.4
      vertex 48.7219 6.21662 2.4
      vertex 48.9678 6.43223 2.4
    endloop
  endfacet
  facet normal 0.831438 0.555617 0
    outer loop
      vertex 49.3651 9.45 7.4
      vertex 49.1834 9.7219 2.4
      vertex 49.1834 9.7219 7.4
    endloop
  endfacet
  facet normal 0.831438 0.555617 0
    outer loop
      vertex 49.1834 9.7219 2.4
      vertex 49.3651 9.45 7.4
      vertex 49.3651 9.45 2.4
    endloop
  endfacet
  facet normal -0.946944 0.321397 0
    outer loop
      vertex 44.7852 8.84705 2.4
      vertex 44.8903 9.15671 7.4
      vertex 44.8903 9.15671 2.4
    endloop
  endfacet
  facet normal -0.946944 0.321397 0
    outer loop
      vertex 44.8903 9.15671 7.4
      vertex 44.7852 8.84705 2.4
      vertex 44.7852 8.84705 7.4
    endloop
  endfacet
  facet normal -0.997857 -0.0654392 0
    outer loop
      vertex 44.7214 7.87368 2.4
      vertex 44.7 8.2 7.4
      vertex 44.7 8.2 2.4
    endloop
  endfacet
  facet normal -0.997857 -0.0654392 0
    outer loop
      vertex 44.7 8.2 7.4
      vertex 44.7214 7.87368 2.4
      vertex 44.7214 7.87368 7.4
    endloop
  endfacet
  facet normal 0 0 1
    outer loop
      vertex 49.6786 8.52631 7.4
      vertex 49.6786 7.87368 7.4
      vertex 49.7 8.2 7.4
    endloop
  endfacet
  facet normal 0 0 1
    outer loop
      vertex 49.6148 8.84705 7.4
      vertex 49.6786 7.87368 7.4
      vertex 49.6786 8.52631 7.4
    endloop
  endfacet
  facet normal 0 0 1
    outer loop
      vertex 49.6148 8.84705 7.4
      vertex 49.6148 7.55295 7.4
      vertex 49.6786 7.87368 7.4
    endloop
  endfacet
  facet normal 0 0 1
    outer loop
      vertex 49.5097 9.15671 7.4
      vertex 49.6148 7.55295 7.4
      vertex 49.6148 8.84705 7.4
    endloop
  endfacet
  facet normal 0 0 1
    outer loop
      vertex 49.5097 9.15671 7.4
      vertex 49.5097 7.24329 7.4
      vertex 49.6148 7.55295 7.4
    endloop
  endfacet
  facet normal 0 0 1
    outer loop
      vertex 49.3651 9.45 7.4
      vertex 49.5097 7.24329 7.4
      vertex 49.5097 9.15671 7.4
    endloop
  endfacet
  facet normal 0 0 1
    outer loop
      vertex 49.3651 9.45 7.4
      vertex 49.3651 6.95 7.4
      vertex 49.5097 7.24329 7.4
    endloop
  endfacet
  facet normal 0 0 1
    outer loop
      vertex 49.1834 9.7219 7.4
      vertex 49.3651 6.95 7.4
      vertex 49.3651 9.45 7.4
    endloop
  endfacet
  facet normal 0 0 1
    outer loop
      vertex 49.1834 9.7219 7.4
      vertex 49.1834 6.6781 7.4
      vertex 49.3651 6.95 7.4
    endloop
  endfacet
  facet normal 0 0 1
    outer loop
      vertex 48.9678 9.96777 7.4
      vertex 49.1834 6.6781 7.4
      vertex 49.1834 9.7219 7.4
    endloop
  endfacet
  facet normal 0 0 1
    outer loop
      vertex 48.9678 9.96777 7.4
      vertex 48.9678 6.43223 7.4
      vertex 49.1834 6.6781 7.4
    endloop
  endfacet
  facet normal 0 0 1
    outer loop
      vertex 48.7219 10.1834 7.4
      vertex 48.9678 6.43223 7.4
      vertex 48.9678 9.96777 7.4
    endloop
  endfacet
  facet normal 0 0 1
    outer loop
      vertex 48.7219 10.1834 7.4
      vertex 48.7219 6.21662 7.4
      vertex 48.9678 6.43223 7.4
    endloop
  endfacet
  facet normal 0 0 1
    outer loop
      vertex 48.45 10.3651 7.4
      vertex 48.7219 6.21662 7.4
      vertex 48.7219 10.1834 7.4
    endloop
  endfacet
  facet normal 0 0 1
    outer loop
      vertex 48.45 10.3651 7.4
      vertex 48.45 6.03494 7.4
      vertex 48.7219 6.21662 7.4
    endloop
  endfacet
  facet normal 0 0 1
    outer loop
      vertex 48.1567 10.5097 7.4
      vertex 48.45 6.03494 7.4
      vertex 48.45 10.3651 7.4
    endloop
  endfacet
  facet normal 0 0 1
    outer loop
      vertex 48.1567 10.5097 7.4
      vertex 48.1567 5.8903 7.4
      vertex 48.45 6.03494 7.4
    endloop
  endfacet
  facet normal 0 0 1
    outer loop
      vertex 47.847 10.6148 7.4
      vertex 48.1567 5.8903 7.4
      vertex 48.1567 10.5097 7.4
    endloop
  endfacet
  facet normal 0 0 1
    outer loop
      vertex 47.847 10.6148 7.4
      vertex 47.847 5.78518 7.4
      vertex 48.1567 5.8903 7.4
    endloop
  endfacet
  facet normal 0 0 1
    outer loop
      vertex 47.5263 10.6786 7.4
      vertex 47.847 5.78518 7.4
      vertex 47.847 10.6148 7.4
    endloop
  endfacet
  facet normal 0 0 1
    outer loop
      vertex 47.5263 10.6786 7.4
      vertex 47.5263 5.72139 7.4
      vertex 47.847 5.78518 7.4
    endloop
  endfacet
  facet normal 0 0 1
    outer loop
      vertex 47.2 10.7 7.4
      vertex 47.5263 5.72139 7.4
      vertex 47.5263 10.6786 7.4
    endloop
  endfacet
  facet normal 0 0 1
    outer loop
      vertex 47.2 10.7 7.4
      vertex 47.2 5.7 7.4
      vertex 47.5263 5.72139 7.4
    endloop
  endfacet
  facet normal -0 0 1
    outer loop
      vertex 46.8737 10.6786 7.4
      vertex 47.2 5.7 7.4
      vertex 47.2 10.7 7.4
    endloop
  endfacet
  facet normal 0 0 1
    outer loop
      vertex 46.8737 10.6786 7.4
      vertex 46.8737 5.72139 7.4
      vertex 47.2 5.7 7.4
    endloop
  endfacet
  facet normal -0 0 1
    outer loop
      vertex 46.553 10.6148 7.4
      vertex 46.8737 5.72139 7.4
      vertex 46.8737 10.6786 7.4
    endloop
  endfacet
  facet normal 0 0 1
    outer loop
      vertex 46.553 10.6148 7.4
      vertex 46.553 5.78518 7.4
      vertex 46.8737 5.72139 7.4
    endloop
  endfacet
  facet normal -0 0 1
    outer loop
      vertex 46.2433 10.5097 7.4
      vertex 46.553 5.78518 7.4
      vertex 46.553 10.6148 7.4
    endloop
  endfacet
  facet normal 0 0 1
    outer loop
      vertex 46.2433 10.5097 7.4
      vertex 46.2433 5.8903 7.4
      vertex 46.553 5.78518 7.4
    endloop
  endfacet
  facet normal -0 0 1
    outer loop
      vertex 45.95 10.3651 7.4
      vertex 46.2433 5.8903 7.4
      vertex 46.2433 10.5097 7.4
    endloop
  endfacet
  facet normal 0 0 1
    outer loop
      vertex 45.95 10.3651 7.4
      vertex 45.95 6.03494 7.4
      vertex 46.2433 5.8903 7.4
    endloop
  endfacet
  facet normal -0 0 1
    outer loop
      vertex 45.6781 10.1834 7.4
      vertex 45.95 6.03494 7.4
      vertex 45.95 10.3651 7.4
    endloop
  endfacet
  facet normal 0 0 1
    outer loop
      vertex 45.6781 10.1834 7.4
      vertex 45.6781 6.21662 7.4
      vertex 45.95 6.03494 7.4
    endloop
  endfacet
  facet normal -0 0 1
    outer loop
      vertex 45.4322 9.96777 7.4
      vertex 45.6781 6.21662 7.4
      vertex 45.6781 10.1834 7.4
    endloop
  endfacet
  facet normal 0 0 1
    outer loop
      vertex 45.4322 9.96777 7.4
      vertex 45.4322 6.43223 7.4
      vertex 45.6781 6.21662 7.4
    endloop
  endfacet
  facet normal -0 0 1
    outer loop
      vertex 45.2166 9.7219 7.4
      vertex 45.4322 6.43223 7.4
      vertex 45.4322 9.96777 7.4
    endloop
  endfacet
  facet normal 0 0 1
    outer loop
      vertex 45.2166 9.7219 7.4
      vertex 45.2166 6.6781 7.4
      vertex 45.4322 6.43223 7.4
    endloop
  endfacet
  facet normal -0 0 1
    outer loop
      vertex 45.0349 9.45 7.4
      vertex 45.2166 6.6781 7.4
      vertex 45.2166 9.7219 7.4
    endloop
  endfacet
  facet normal 0 0 1
    outer loop
      vertex 45.0349 9.45 7.4
      vertex 45.0349 6.95 7.4
      vertex 45.2166 6.6781 7.4
    endloop
  endfacet
  facet normal -0 0 1
    outer loop
      vertex 44.8903 9.15671 7.4
      vertex 45.0349 6.95 7.4
      vertex 45.0349 9.45 7.4
    endloop
  endfacet
  facet normal 0 0 1
    outer loop
      vertex 44.8903 9.15671 7.4
      vertex 44.8903 7.24329 7.4
      vertex 45.0349 6.95 7.4
    endloop
  endfacet
  facet normal -0 0 1
    outer loop
      vertex 44.7852 8.84705 7.4
      vertex 44.8903 7.24329 7.4
      vertex 44.8903 9.15671 7.4
    endloop
  endfacet
  facet normal 0 0 1
    outer loop
      vertex 44.7852 8.84705 7.4
      vertex 44.7852 7.55295 7.4
      vertex 44.8903 7.24329 7.4
    endloop
  endfacet
  facet normal -0 0 1
    outer loop
      vertex 44.7214 8.52631 7.4
      vertex 44.7852 7.55295 7.4
      vertex 44.7852 8.84705 7.4
    endloop
  endfacet
  facet normal 0 0 1
    outer loop
      vertex 44.7214 8.52631 7.4
      vertex 44.7214 7.87368 7.4
      vertex 44.7852 7.55295 7.4
    endloop
  endfacet
  facet normal 0 -0 1
    outer loop
      vertex 44.7214 7.87368 7.4
      vertex 44.7214 8.52631 7.4
      vertex 44.7 8.2 7.4
    endloop
  endfacet
  facet normal -0.195116 0.98078 0
    outer loop
      vertex 46.8737 10.6786 2.4
      vertex 46.553 10.6148 7.4
      vertex 46.8737 10.6786 7.4
    endloop
  endfacet
  facet normal -0.195116 0.98078 0
    outer loop
      vertex 46.553 10.6148 7.4
      vertex 46.8737 10.6786 2.4
      vertex 46.553 10.6148 2.4
    endloop
  endfacet
  facet normal 0.659314 0.751868 -0
    outer loop
      vertex 48.9678 9.96777 2.4
      vertex 48.7219 10.1834 7.4
      vertex 48.9678 9.96777 7.4
    endloop
  endfacet
  facet normal 0.659314 0.751868 0
    outer loop
      vertex 48.7219 10.1834 7.4
      vertex 48.9678 9.96777 2.4
      vertex 48.7219 10.1834 2.4
    endloop
  endfacet
  facet normal 0.442191 0.896921 -0
    outer loop
      vertex 48.45 10.3651 2.4
      vertex 48.1567 10.5097 7.4
      vertex 48.45 10.3651 7.4
    endloop
  endfacet
  facet normal 0.442191 0.896921 0
    outer loop
      vertex 48.1567 10.5097 7.4
      vertex 48.45 10.3651 2.4
      vertex 48.1567 10.5097 2.4
    endloop
  endfacet
  facet normal -0.896915 0.442204 0
    outer loop
      vertex 44.8903 9.15671 2.4
      vertex 45.0349 9.45 7.4
      vertex 45.0349 9.45 2.4
    endloop
  endfacet
  facet normal -0.896915 0.442204 0
    outer loop
      vertex 45.0349 9.45 7.4
      vertex 44.8903 9.15671 2.4
      vertex 44.8903 9.15671 7.4
    endloop
  endfacet
  facet normal 0.997857 -0.0654392 0
    outer loop
      vertex 49.6786 7.87368 7.4
      vertex 49.7 8.2 2.4
      vertex 49.7 8.2 7.4
    endloop
  endfacet
  facet normal 0.997857 -0.0654392 0
    outer loop
      vertex 49.7 8.2 2.4
      vertex 49.6786 7.87368 7.4
      vertex 49.6786 7.87368 2.4
    endloop
  endfacet
  facet normal -0.32136 0.946957 0
    outer loop
      vertex 46.553 10.6148 2.4
      vertex 46.2433 10.5097 7.4
      vertex 46.553 10.6148 7.4
    endloop
  endfacet
  facet normal -0.32136 0.946957 0
    outer loop
      vertex 46.2433 10.5097 7.4
      vertex 46.553 10.6148 2.4
      vertex 46.2433 10.5097 2.4
    endloop
  endfacet
  facet normal -0.0654128 -0.997858 0
    outer loop
      vertex 46.8737 5.72139 2.4
      vertex 47.2 5.7 7.4
      vertex 46.8737 5.72139 7.4
    endloop
  endfacet
  facet normal -0.0654128 -0.997858 -0
    outer loop
      vertex 47.2 5.7 7.4
      vertex 46.8737 5.72139 2.4
      vertex 47.2 5.7 2.4
    endloop
  endfacet
  facet normal 0.555617 0.831438 -0
    outer loop
      vertex 48.7219 10.1834 2.4
      vertex 48.45 10.3651 7.4
      vertex 48.7219 10.1834 7.4
    endloop
  endfacet
  facet normal 0.555617 0.831438 0
    outer loop
      vertex 48.45 10.3651 7.4
      vertex 48.7219 10.1834 2.4
      vertex 48.45 10.3651 2.4
    endloop
  endfacet
  facet normal -0.442191 0.896921 0
    outer loop
      vertex 46.2433 10.5097 2.4
      vertex 45.95 10.3651 7.4
      vertex 46.2433 10.5097 7.4
    endloop
  endfacet
  facet normal -0.442191 0.896921 0
    outer loop
      vertex 45.95 10.3651 7.4
      vertex 46.2433 10.5097 2.4
      vertex 45.95 10.3651 2.4
    endloop
  endfacet
  facet normal -0.980784 -0.195099 0
    outer loop
      vertex 44.7852 7.55295 2.4
      vertex 44.7214 7.87368 7.4
      vertex 44.7214 7.87368 2.4
    endloop
  endfacet
  facet normal -0.980784 -0.195099 0
    outer loop
      vertex 44.7214 7.87368 7.4
      vertex 44.7852 7.55295 2.4
      vertex 44.7852 7.55295 7.4
    endloop
  endfacet
  facet normal -0.997856 0.0654412 0
    outer loop
      vertex 44.7 8.2 2.4
      vertex 44.7214 8.52631 7.4
      vertex 44.7214 8.52631 2.4
    endloop
  endfacet
  facet normal -0.997856 0.0654412 0
    outer loop
      vertex 44.7214 8.52631 7.4
      vertex 44.7 8.2 2.4
      vertex 44.7 8.2 7.4
    endloop
  endfacet
  facet normal 0.44229 -0.896872 0
    outer loop
      vertex 48.1567 5.8903 2.4
      vertex 48.45 6.03494 7.4
      vertex 48.1567 5.8903 7.4
    endloop
  endfacet
  facet normal 0.44229 -0.896872 0
    outer loop
      vertex 48.45 6.03494 7.4
      vertex 48.1567 5.8903 2.4
      vertex 48.45 6.03494 2.4
    endloop
  endfacet
  facet normal -0.831438 -0.555617 0
    outer loop
      vertex 45.2166 6.6781 2.4
      vertex 45.0349 6.95 7.4
      vertex 45.0349 6.95 2.4
    endloop
  endfacet
  facet normal -0.831438 -0.555617 0
    outer loop
      vertex 45.0349 6.95 7.4
      vertex 45.2166 6.6781 2.4
      vertex 45.2166 6.6781 7.4
    endloop
  endfacet
  facet normal 0.896915 -0.442204 0
    outer loop
      vertex 49.3651 6.95 7.4
      vertex 49.5097 7.24329 2.4
      vertex 49.5097 7.24329 7.4
    endloop
  endfacet
  facet normal 0.896915 -0.442204 0
    outer loop
      vertex 49.5097 7.24329 2.4
      vertex 49.3651 6.95 7.4
      vertex 49.3651 6.95 2.4
    endloop
  endfacet
  facet normal 0.831438 -0.555617 0
    outer loop
      vertex 49.1834 6.6781 7.4
      vertex 49.3651 6.95 2.4
      vertex 49.3651 6.95 7.4
    endloop
  endfacet
  facet normal 0.831438 -0.555617 0
    outer loop
      vertex 49.3651 6.95 2.4
      vertex 49.1834 6.6781 7.4
      vertex 49.1834 6.6781 2.4
    endloop
  endfacet
  facet normal -0.195087 -0.980786 0
    outer loop
      vertex 46.553 5.78518 2.4
      vertex 46.8737 5.72139 7.4
      vertex 46.553 5.78518 7.4
    endloop
  endfacet
  facet normal -0.195087 -0.980786 -0
    outer loop
      vertex 46.8737 5.72139 7.4
      vertex 46.553 5.78518 2.4
      vertex 46.8737 5.72139 2.4
    endloop
  endfacet
  facet normal 0.980784 -0.195099 0
    outer loop
      vertex 49.6148 7.55295 7.4
      vertex 49.6786 7.87368 2.4
      vertex 49.6786 7.87368 7.4
    endloop
  endfacet
  facet normal 0.980784 -0.195099 0
    outer loop
      vertex 49.6786 7.87368 2.4
      vertex 49.6148 7.55295 7.4
      vertex 49.6148 7.55295 2.4
    endloop
  endfacet
  facet normal 0.751873 -0.659307 0
    outer loop
      vertex 48.9678 6.43223 7.4
      vertex 49.1834 6.6781 2.4
      vertex 49.1834 6.6781 7.4
    endloop
  endfacet
  facet normal 0.751873 -0.659307 0
    outer loop
      vertex 49.1834 6.6781 2.4
      vertex 48.9678 6.43223 7.4
      vertex 48.9678 6.43223 2.4
    endloop
  endfacet
  facet normal 0.32136 0.946957 -0
    outer loop
      vertex 48.1567 10.5097 2.4
      vertex 47.847 10.6148 7.4
      vertex 48.1567 10.5097 7.4
    endloop
  endfacet
  facet normal 0.32136 0.946957 0
    outer loop
      vertex 47.847 10.6148 7.4
      vertex 48.1567 10.5097 2.4
      vertex 47.847 10.6148 2.4
    endloop
  endfacet
  facet normal -0.980785 0.195093 0
    outer loop
      vertex 44.7214 8.52631 2.4
      vertex 44.7852 8.84705 7.4
      vertex 44.7852 8.84705 2.4
    endloop
  endfacet
  facet normal -0.980785 0.195093 0
    outer loop
      vertex 44.7852 8.84705 7.4
      vertex 44.7214 8.52631 2.4
      vertex 44.7214 8.52631 7.4
    endloop
  endfacet
  facet normal 0.896915 0.442204 0
    outer loop
      vertex 49.5097 9.15671 7.4
      vertex 49.3651 9.45 2.4
      vertex 49.3651 9.45 7.4
    endloop
  endfacet
  facet normal 0.896915 0.442204 0
    outer loop
      vertex 49.3651 9.45 2.4
      vertex 49.5097 9.15671 7.4
      vertex 49.5097 9.15671 2.4
    endloop
  endfacet
  facet normal 0.751873 0.659307 0
    outer loop
      vertex 49.1834 9.7219 7.4
      vertex 48.9678 9.96777 2.4
      vertex 48.9678 9.96777 7.4
    endloop
  endfacet
  facet normal 0.751873 0.659307 0
    outer loop
      vertex 48.9678 9.96777 2.4
      vertex 49.1834 9.7219 7.4
      vertex 49.1834 9.7219 2.4
    endloop
  endfacet
  facet normal 0.946944 0.321397 0
    outer loop
      vertex 49.6148 8.84705 7.4
      vertex 49.5097 9.15671 2.4
      vertex 49.5097 9.15671 7.4
    endloop
  endfacet
  facet normal 0.946944 0.321397 0
    outer loop
      vertex 49.5097 9.15671 2.4
      vertex 49.6148 8.84705 7.4
      vertex 49.6148 8.84705 2.4
    endloop
  endfacet
  facet normal 0.321415 -0.946938 0
    outer loop
      vertex 47.847 5.78518 2.4
      vertex 48.1567 5.8903 7.4
      vertex 47.847 5.78518 7.4
    endloop
  endfacet
  facet normal 0.321415 -0.946938 0
    outer loop
      vertex 48.1567 5.8903 7.4
      vertex 47.847 5.78518 2.4
      vertex 48.1567 5.8903 2.4
    endloop
  endfacet
  facet normal -0.659279 -0.751898 0
    outer loop
      vertex 45.4322 6.43223 2.4
      vertex 45.6781 6.21662 7.4
      vertex 45.4322 6.43223 7.4
    endloop
  endfacet
  facet normal -0.659279 -0.751898 -0
    outer loop
      vertex 45.6781 6.21662 7.4
      vertex 45.4322 6.43223 2.4
      vertex 45.6781 6.21662 2.4
    endloop
  endfacet
  facet normal -0.44229 -0.896872 0
    outer loop
      vertex 45.95 6.03494 2.4
      vertex 46.2433 5.8903 7.4
      vertex 45.95 6.03494 7.4
    endloop
  endfacet
  facet normal -0.44229 -0.896872 -0
    outer loop
      vertex 46.2433 5.8903 7.4
      vertex 45.95 6.03494 2.4
      vertex 46.2433 5.8903 2.4
    endloop
  endfacet
  facet normal -0.831438 0.555617 0
    outer loop
      vertex 45.0349 9.45 2.4
      vertex 45.2166 9.7219 7.4
      vertex 45.2166 9.7219 2.4
    endloop
  endfacet
  facet normal -0.831438 0.555617 0
    outer loop
      vertex 45.2166 9.7219 7.4
      vertex 45.0349 9.45 2.4
      vertex 45.0349 9.45 7.4
    endloop
  endfacet
  facet normal -0.555575 -0.831466 0
    outer loop
      vertex 45.6781 6.21662 2.4
      vertex 45.95 6.03494 7.4
      vertex 45.6781 6.21662 7.4
    endloop
  endfacet
  facet normal -0.555575 -0.831466 -0
    outer loop
      vertex 45.95 6.03494 7.4
      vertex 45.6781 6.21662 2.4
      vertex 45.95 6.03494 2.4
    endloop
  endfacet
  facet normal 0.195116 -0.98078 0
    outer loop
      vertex 47.5263 27.7214 2.4
      vertex 47.847 27.7852 7.4
      vertex 47.5263 27.7214 7.4
    endloop
  endfacet
  facet normal 0.195116 -0.98078 0
    outer loop
      vertex 47.847 27.7852 7.4
      vertex 47.5263 27.7214 2.4
      vertex 47.847 27.7852 2.4
    endloop
  endfacet
  facet normal 0.98078 0.195116 0
    outer loop
      vertex 49.6786 30.5263 7.4
      vertex 49.6148 30.847 2.4
      vertex 49.6148 30.847 7.4
    endloop
  endfacet
  facet normal 0.98078 0.195116 0
    outer loop
      vertex 49.6148 30.847 2.4
      vertex 49.6786 30.5263 7.4
      vertex 49.6786 30.5263 2.4
    endloop
  endfacet
  facet normal 0.997856 0.0654432 0
    outer loop
      vertex 49.7 30.2 7.4
      vertex 49.6786 30.5263 2.4
      vertex 49.6786 30.5263 7.4
    endloop
  endfacet
  facet normal 0.997856 0.0654432 0
    outer loop
      vertex 49.6786 30.5263 2.4
      vertex 49.7 30.2 7.4
      vertex 49.7 30.2 2.4
    endloop
  endfacet
  facet normal -0.32136 -0.946957 0
    outer loop
      vertex 46.2433 27.8903 2.4
      vertex 46.553 27.7852 7.4
      vertex 46.2433 27.8903 7.4
    endloop
  endfacet
  facet normal -0.32136 -0.946957 -0
    outer loop
      vertex 46.553 27.7852 7.4
      vertex 46.2433 27.8903 2.4
      vertex 46.553 27.7852 2.4
    endloop
  endfacet
  facet normal -0.751913 -0.659262 0
    outer loop
      vertex 45.4322 28.4322 2.4
      vertex 45.2166 28.6781 7.4
      vertex 45.2166 28.6781 2.4
    endloop
  endfacet
  facet normal -0.751913 -0.659262 0
    outer loop
      vertex 45.2166 28.6781 7.4
      vertex 45.4322 28.4322 2.4
      vertex 45.4322 28.4322 7.4
    endloop
  endfacet
  facet normal 0.555617 -0.831438 0
    outer loop
      vertex 48.45 28.0349 2.4
      vertex 48.7219 28.2166 7.4
      vertex 48.45 28.0349 7.4
    endloop
  endfacet
  facet normal 0.555617 -0.831438 0
    outer loop
      vertex 48.7219 28.2166 7.4
      vertex 48.45 28.0349 2.4
      vertex 48.7219 28.2166 2.4
    endloop
  endfacet
  facet normal -0.896921 -0.442191 0
    outer loop
      vertex 45.0349 28.95 2.4
      vertex 44.8903 29.2433 7.4
      vertex 44.8903 29.2433 2.4
    endloop
  endfacet
  facet normal -0.896921 -0.442191 0
    outer loop
      vertex 44.8903 29.2433 7.4
      vertex 45.0349 28.95 2.4
      vertex 45.0349 28.95 7.4
    endloop
  endfacet
  facet normal -0.751913 0.659262 0
    outer loop
      vertex 45.2166 31.7219 2.4
      vertex 45.4322 31.9678 7.4
      vertex 45.4322 31.9678 2.4
    endloop
  endfacet
  facet normal -0.751913 0.659262 0
    outer loop
      vertex 45.4322 31.9678 7.4
      vertex 45.2166 31.7219 2.4
      vertex 45.2166 31.7219 7.4
    endloop
  endfacet
  facet normal -0.555617 0.831438 0
    outer loop
      vertex 45.95 32.3651 2.4
      vertex 45.6781 32.1834 7.4
      vertex 45.95 32.3651 7.4
    endloop
  endfacet
  facet normal -0.555617 0.831438 0
    outer loop
      vertex 45.6781 32.1834 7.4
      vertex 45.95 32.3651 2.4
      vertex 45.6781 32.1834 2.4
    endloop
  endfacet
  facet normal 0.0654432 0.997856 -0
    outer loop
      vertex 47.5263 32.6786 2.4
      vertex 47.2 32.7 7.4
      vertex 47.5263 32.6786 7.4
    endloop
  endfacet
  facet normal 0.0654432 0.997856 0
    outer loop
      vertex 47.2 32.7 7.4
      vertex 47.5263 32.6786 2.4
      vertex 47.2 32.7 2.4
    endloop
  endfacet
  facet normal -0.659262 0.751913 0
    outer loop
      vertex 45.6781 32.1834 2.4
      vertex 45.4322 31.9678 7.4
      vertex 45.6781 32.1834 7.4
    endloop
  endfacet
  facet normal -0.659262 0.751913 0
    outer loop
      vertex 45.4322 31.9678 7.4
      vertex 45.6781 32.1834 2.4
      vertex 45.4322 31.9678 2.4
    endloop
  endfacet
  facet normal 0.946957 -0.32136 0
    outer loop
      vertex 49.5097 29.2433 7.4
      vertex 49.6148 29.553 2.4
      vertex 49.6148 29.553 7.4
    endloop
  endfacet
  facet normal 0.946957 -0.32136 0
    outer loop
      vertex 49.6148 29.553 2.4
      vertex 49.5097 29.2433 7.4
      vertex 49.5097 29.2433 2.4
    endloop
  endfacet
  facet normal -0.0654432 0.997856 0
    outer loop
      vertex 47.2 32.7 2.4
      vertex 46.8737 32.6786 7.4
      vertex 47.2 32.7 7.4
    endloop
  endfacet
  facet normal -0.0654432 0.997856 0
    outer loop
      vertex 46.8737 32.6786 7.4
      vertex 47.2 32.7 2.4
      vertex 46.8737 32.6786 2.4
    endloop
  endfacet
  facet normal 0.195116 0.98078 -0
    outer loop
      vertex 47.847 32.6148 2.4
      vertex 47.5263 32.6786 7.4
      vertex 47.847 32.6148 7.4
    endloop
  endfacet
  facet normal 0.195116 0.98078 0
    outer loop
      vertex 47.5263 32.6786 7.4
      vertex 47.847 32.6148 2.4
      vertex 47.5263 32.6786 2.4
    endloop
  endfacet
  facet normal 0.0654432 -0.997856 0
    outer loop
      vertex 47.2 27.7 2.4
      vertex 47.5263 27.7214 7.4
      vertex 47.2 27.7 7.4
    endloop
  endfacet
  facet normal 0.0654432 -0.997856 0
    outer loop
      vertex 47.5263 27.7214 7.4
      vertex 47.2 27.7 2.4
      vertex 47.5263 27.7214 2.4
    endloop
  endfacet
  facet normal -0.946957 -0.32136 0
    outer loop
      vertex 44.8903 29.2433 2.4
      vertex 44.7852 29.553 7.4
      vertex 44.7852 29.553 2.4
    endloop
  endfacet
  facet normal -0.946957 -0.32136 0
    outer loop
      vertex 44.7852 29.553 7.4
      vertex 44.8903 29.2433 2.4
      vertex 44.8903 29.2433 7.4
    endloop
  endfacet
  facet normal 0.659262 -0.751913 0
    outer loop
      vertex 48.7219 28.2166 2.4
      vertex 48.9678 28.4322 7.4
      vertex 48.7219 28.2166 7.4
    endloop
  endfacet
  facet normal 0.659262 -0.751913 0
    outer loop
      vertex 48.9678 28.4322 7.4
      vertex 48.7219 28.2166 2.4
      vertex 48.9678 28.4322 2.4
    endloop
  endfacet
  facet normal 0.831438 0.555617 0
    outer loop
      vertex 49.3651 31.45 7.4
      vertex 49.1834 31.7219 2.4
      vertex 49.1834 31.7219 7.4
    endloop
  endfacet
  facet normal 0.831438 0.555617 0
    outer loop
      vertex 49.1834 31.7219 2.4
      vertex 49.3651 31.45 7.4
      vertex 49.3651 31.45 2.4
    endloop
  endfacet
  facet normal -0.946957 0.32136 0
    outer loop
      vertex 44.7852 30.847 2.4
      vertex 44.8903 31.1567 7.4
      vertex 44.8903 31.1567 2.4
    endloop
  endfacet
  facet normal -0.946957 0.32136 0
    outer loop
      vertex 44.8903 31.1567 7.4
      vertex 44.7852 30.847 2.4
      vertex 44.7852 30.847 7.4
    endloop
  endfacet
  facet normal -0.997856 -0.0654432 0
    outer loop
      vertex 44.7214 29.8737 2.4
      vertex 44.7 30.2 7.4
      vertex 44.7 30.2 2.4
    endloop
  endfacet
  facet normal -0.997856 -0.0654432 0
    outer loop
      vertex 44.7 30.2 7.4
      vertex 44.7214 29.8737 2.4
      vertex 44.7214 29.8737 7.4
    endloop
  endfacet
  facet normal 0 0 1
    outer loop
      vertex 49.6786 30.5263 7.4
      vertex 49.6786 29.8737 7.4
      vertex 49.7 30.2 7.4
    endloop
  endfacet
  facet normal 0 0 1
    outer loop
      vertex 49.6148 30.847 7.4
      vertex 49.6786 29.8737 7.4
      vertex 49.6786 30.5263 7.4
    endloop
  endfacet
  facet normal 0 0 1
    outer loop
      vertex 49.6148 30.847 7.4
      vertex 49.6148 29.553 7.4
      vertex 49.6786 29.8737 7.4
    endloop
  endfacet
  facet normal 0 0 1
    outer loop
      vertex 49.5097 31.1567 7.4
      vertex 49.6148 29.553 7.4
      vertex 49.6148 30.847 7.4
    endloop
  endfacet
  facet normal 0 0 1
    outer loop
      vertex 49.5097 31.1567 7.4
      vertex 49.5097 29.2433 7.4
      vertex 49.6148 29.553 7.4
    endloop
  endfacet
  facet normal 0 0 1
    outer loop
      vertex 49.3651 31.45 7.4
      vertex 49.5097 29.2433 7.4
      vertex 49.5097 31.1567 7.4
    endloop
  endfacet
  facet normal 0 0 1
    outer loop
      vertex 49.3651 31.45 7.4
      vertex 49.3651 28.95 7.4
      vertex 49.5097 29.2433 7.4
    endloop
  endfacet
  facet normal 0 0 1
    outer loop
      vertex 49.1834 31.7219 7.4
      vertex 49.3651 28.95 7.4
      vertex 49.3651 31.45 7.4
    endloop
  endfacet
  facet normal 0 0 1
    outer loop
      vertex 49.1834 31.7219 7.4
      vertex 49.1834 28.6781 7.4
      vertex 49.3651 28.95 7.4
    endloop
  endfacet
  facet normal 0 0 1
    outer loop
      vertex 48.9678 31.9678 7.4
      vertex 49.1834 28.6781 7.4
      vertex 49.1834 31.7219 7.4
    endloop
  endfacet
  facet normal 0 0 1
    outer loop
      vertex 48.9678 31.9678 7.4
      vertex 48.9678 28.4322 7.4
      vertex 49.1834 28.6781 7.4
    endloop
  endfacet
  facet normal 0 0 1
    outer loop
      vertex 48.7219 32.1834 7.4
      vertex 48.9678 28.4322 7.4
      vertex 48.9678 31.9678 7.4
    endloop
  endfacet
  facet normal 0 0 1
    outer loop
      vertex 48.7219 32.1834 7.4
      vertex 48.7219 28.2166 7.4
      vertex 48.9678 28.4322 7.4
    endloop
  endfacet
  facet normal 0 0 1
    outer loop
      vertex 48.45 32.3651 7.4
      vertex 48.7219 28.2166 7.4
      vertex 48.7219 32.1834 7.4
    endloop
  endfacet
  facet normal 0 0 1
    outer loop
      vertex 48.45 32.3651 7.4
      vertex 48.45 28.0349 7.4
      vertex 48.7219 28.2166 7.4
    endloop
  endfacet
  facet normal 0 0 1
    outer loop
      vertex 48.1567 32.5097 7.4
      vertex 48.45 28.0349 7.4
      vertex 48.45 32.3651 7.4
    endloop
  endfacet
  facet normal 0 0 1
    outer loop
      vertex 48.1567 32.5097 7.4
      vertex 48.1567 27.8903 7.4
      vertex 48.45 28.0349 7.4
    endloop
  endfacet
  facet normal 0 0 1
    outer loop
      vertex 47.847 32.6148 7.4
      vertex 48.1567 27.8903 7.4
      vertex 48.1567 32.5097 7.4
    endloop
  endfacet
  facet normal 0 0 1
    outer loop
      vertex 47.847 32.6148 7.4
      vertex 47.847 27.7852 7.4
      vertex 48.1567 27.8903 7.4
    endloop
  endfacet
  facet normal 0 0 1
    outer loop
      vertex 47.5263 32.6786 7.4
      vertex 47.847 27.7852 7.4
      vertex 47.847 32.6148 7.4
    endloop
  endfacet
  facet normal 0 0 1
    outer loop
      vertex 47.5263 32.6786 7.4
      vertex 47.5263 27.7214 7.4
      vertex 47.847 27.7852 7.4
    endloop
  endfacet
  facet normal 0 0 1
    outer loop
      vertex 47.2 32.7 7.4
      vertex 47.5263 27.7214 7.4
      vertex 47.5263 32.6786 7.4
    endloop
  endfacet
  facet normal 0 0 1
    outer loop
      vertex 47.2 32.7 7.4
      vertex 47.2 27.7 7.4
      vertex 47.5263 27.7214 7.4
    endloop
  endfacet
  facet normal -0 0 1
    outer loop
      vertex 46.8737 32.6786 7.4
      vertex 47.2 27.7 7.4
      vertex 47.2 32.7 7.4
    endloop
  endfacet
  facet normal 0 0 1
    outer loop
      vertex 46.8737 32.6786 7.4
      vertex 46.8737 27.7214 7.4
      vertex 47.2 27.7 7.4
    endloop
  endfacet
  facet normal -0 0 1
    outer loop
      vertex 46.553 32.6148 7.4
      vertex 46.8737 27.7214 7.4
      vertex 46.8737 32.6786 7.4
    endloop
  endfacet
  facet normal 0 0 1
    outer loop
      vertex 46.553 32.6148 7.4
      vertex 46.553 27.7852 7.4
      vertex 46.8737 27.7214 7.4
    endloop
  endfacet
  facet normal -0 0 1
    outer loop
      vertex 46.2433 32.5097 7.4
      vertex 46.553 27.7852 7.4
      vertex 46.553 32.6148 7.4
    endloop
  endfacet
  facet normal 0 0 1
    outer loop
      vertex 46.2433 32.5097 7.4
      vertex 46.2433 27.8903 7.4
      vertex 46.553 27.7852 7.4
    endloop
  endfacet
  facet normal -0 0 1
    outer loop
      vertex 45.95 32.3651 7.4
      vertex 46.2433 27.8903 7.4
      vertex 46.2433 32.5097 7.4
    endloop
  endfacet
  facet normal 0 0 1
    outer loop
      vertex 45.95 32.3651 7.4
      vertex 45.95 28.0349 7.4
      vertex 46.2433 27.8903 7.4
    endloop
  endfacet
  facet normal -0 0 1
    outer loop
      vertex 45.6781 32.1834 7.4
      vertex 45.95 28.0349 7.4
      vertex 45.95 32.3651 7.4
    endloop
  endfacet
  facet normal 0 0 1
    outer loop
      vertex 45.6781 32.1834 7.4
      vertex 45.6781 28.2166 7.4
      vertex 45.95 28.0349 7.4
    endloop
  endfacet
  facet normal -0 0 1
    outer loop
      vertex 45.4322 31.9678 7.4
      vertex 45.6781 28.2166 7.4
      vertex 45.6781 32.1834 7.4
    endloop
  endfacet
  facet normal 0 0 1
    outer loop
      vertex 45.4322 31.9678 7.4
      vertex 45.4322 28.4322 7.4
      vertex 45.6781 28.2166 7.4
    endloop
  endfacet
  facet normal -0 0 1
    outer loop
      vertex 45.2166 31.7219 7.4
      vertex 45.4322 28.4322 7.4
      vertex 45.4322 31.9678 7.4
    endloop
  endfacet
  facet normal 0 0 1
    outer loop
      vertex 45.2166 31.7219 7.4
      vertex 45.2166 28.6781 7.4
      vertex 45.4322 28.4322 7.4
    endloop
  endfacet
  facet normal -0 0 1
    outer loop
      vertex 45.0349 31.45 7.4
      vertex 45.2166 28.6781 7.4
      vertex 45.2166 31.7219 7.4
    endloop
  endfacet
  facet normal 0 0 1
    outer loop
      vertex 45.0349 31.45 7.4
      vertex 45.0349 28.95 7.4
      vertex 45.2166 28.6781 7.4
    endloop
  endfacet
  facet normal -0 0 1
    outer loop
      vertex 44.8903 31.1567 7.4
      vertex 45.0349 28.95 7.4
      vertex 45.0349 31.45 7.4
    endloop
  endfacet
  facet normal 0 0 1
    outer loop
      vertex 44.8903 31.1567 7.4
      vertex 44.8903 29.2433 7.4
      vertex 45.0349 28.95 7.4
    endloop
  endfacet
  facet normal -0 0 1
    outer loop
      vertex 44.7852 30.847 7.4
      vertex 44.8903 29.2433 7.4
      vertex 44.8903 31.1567 7.4
    endloop
  endfacet
  facet normal 0 0 1
    outer loop
      vertex 44.7852 30.847 7.4
      vertex 44.7852 29.553 7.4
      vertex 44.8903 29.2433 7.4
    endloop
  endfacet
  facet normal -0 0 1
    outer loop
      vertex 44.7214 30.5263 7.4
      vertex 44.7852 29.553 7.4
      vertex 44.7852 30.847 7.4
    endloop
  endfacet
  facet normal 0 0 1
    outer loop
      vertex 44.7214 30.5263 7.4
      vertex 44.7214 29.8737 7.4
      vertex 44.7852 29.553 7.4
    endloop
  endfacet
  facet normal 0 -0 1
    outer loop
      vertex 44.7214 29.8737 7.4
      vertex 44.7214 30.5263 7.4
      vertex 44.7 30.2 7.4
    endloop
  endfacet
  facet normal 0.659262 0.751913 -0
    outer loop
      vertex 48.9678 31.9678 2.4
      vertex 48.7219 32.1834 7.4
      vertex 48.9678 31.9678 7.4
    endloop
  endfacet
  facet normal 0.659262 0.751913 0
    outer loop
      vertex 48.7219 32.1834 7.4
      vertex 48.9678 31.9678 2.4
      vertex 48.7219 32.1834 2.4
    endloop
  endfacet
  facet normal 0.442191 0.896921 -0
    outer loop
      vertex 48.45 32.3651 2.4
      vertex 48.1567 32.5097 7.4
      vertex 48.45 32.3651 7.4
    endloop
  endfacet
  facet normal 0.442191 0.896921 0
    outer loop
      vertex 48.1567 32.5097 7.4
      vertex 48.45 32.3651 2.4
      vertex 48.1567 32.5097 2.4
    endloop
  endfacet
  facet normal -0.896921 0.442191 0
    outer loop
      vertex 44.8903 31.1567 2.4
      vertex 45.0349 31.45 7.4
      vertex 45.0349 31.45 2.4
    endloop
  endfacet
  facet normal -0.896921 0.442191 0
    outer loop
      vertex 45.0349 31.45 7.4
      vertex 44.8903 31.1567 2.4
      vertex 44.8903 31.1567 7.4
    endloop
  endfacet
  facet normal 0.997856 -0.0654432 0
    outer loop
      vertex 49.6786 29.8737 7.4
      vertex 49.7 30.2 2.4
      vertex 49.7 30.2 7.4
    endloop
  endfacet
  facet normal 0.997856 -0.0654432 0
    outer loop
      vertex 49.7 30.2 2.4
      vertex 49.6786 29.8737 7.4
      vertex 49.6786 29.8737 2.4
    endloop
  endfacet
  facet normal -0.32136 0.946957 0
    outer loop
      vertex 46.553 32.6148 2.4
      vertex 46.2433 32.5097 7.4
      vertex 46.553 32.6148 7.4
    endloop
  endfacet
  facet normal -0.32136 0.946957 0
    outer loop
      vertex 46.2433 32.5097 7.4
      vertex 46.553 32.6148 2.4
      vertex 46.2433 32.5097 2.4
    endloop
  endfacet
  facet normal -0.0654432 -0.997856 0
    outer loop
      vertex 46.8737 27.7214 2.4
      vertex 47.2 27.7 7.4
      vertex 46.8737 27.7214 7.4
    endloop
  endfacet
  facet normal -0.0654432 -0.997856 -0
    outer loop
      vertex 47.2 27.7 7.4
      vertex 46.8737 27.7214 2.4
      vertex 47.2 27.7 2.4
    endloop
  endfacet
  facet normal 0.555617 0.831438 -0
    outer loop
      vertex 48.7219 32.1834 2.4
      vertex 48.45 32.3651 7.4
      vertex 48.7219 32.1834 7.4
    endloop
  endfacet
  facet normal 0.555617 0.831438 0
    outer loop
      vertex 48.45 32.3651 7.4
      vertex 48.7219 32.1834 2.4
      vertex 48.45 32.3651 2.4
    endloop
  endfacet
  facet normal -0.442191 0.896921 0
    outer loop
      vertex 46.2433 32.5097 2.4
      vertex 45.95 32.3651 7.4
      vertex 46.2433 32.5097 7.4
    endloop
  endfacet
  facet normal -0.442191 0.896921 0
    outer loop
      vertex 45.95 32.3651 7.4
      vertex 46.2433 32.5097 2.4
      vertex 45.95 32.3651 2.4
    endloop
  endfacet
  facet normal -0.98078 -0.195116 0
    outer loop
      vertex 44.7852 29.553 2.4
      vertex 44.7214 29.8737 7.4
      vertex 44.7214 29.8737 2.4
    endloop
  endfacet
  facet normal -0.98078 -0.195116 0
    outer loop
      vertex 44.7214 29.8737 7.4
      vertex 44.7852 29.553 2.4
      vertex 44.7852 29.553 7.4
    endloop
  endfacet
  facet normal -0.997856 0.0654432 0
    outer loop
      vertex 44.7 30.2 2.4
      vertex 44.7214 30.5263 7.4
      vertex 44.7214 30.5263 2.4
    endloop
  endfacet
  facet normal -0.997856 0.0654432 0
    outer loop
      vertex 44.7214 30.5263 7.4
      vertex 44.7 30.2 2.4
      vertex 44.7 30.2 7.4
    endloop
  endfacet
  facet normal 0.442191 -0.896921 0
    outer loop
      vertex 48.1567 27.8903 2.4
      vertex 48.45 28.0349 7.4
      vertex 48.1567 27.8903 7.4
    endloop
  endfacet
  facet normal 0.442191 -0.896921 0
    outer loop
      vertex 48.45 28.0349 7.4
      vertex 48.1567 27.8903 2.4
      vertex 48.45 28.0349 2.4
    endloop
  endfacet
  facet normal -0.831438 -0.555617 0
    outer loop
      vertex 45.2166 28.6781 2.4
      vertex 45.0349 28.95 7.4
      vertex 45.0349 28.95 2.4
    endloop
  endfacet
  facet normal -0.831438 -0.555617 0
    outer loop
      vertex 45.0349 28.95 7.4
      vertex 45.2166 28.6781 2.4
      vertex 45.2166 28.6781 7.4
    endloop
  endfacet
  facet normal 0.896921 -0.442191 0
    outer loop
      vertex 49.3651 28.95 7.4
      vertex 49.5097 29.2433 2.4
      vertex 49.5097 29.2433 7.4
    endloop
  endfacet
  facet normal 0.896921 -0.442191 0
    outer loop
      vertex 49.5097 29.2433 2.4
      vertex 49.3651 28.95 7.4
      vertex 49.3651 28.95 2.4
    endloop
  endfacet
  facet normal 0.831438 -0.555617 0
    outer loop
      vertex 49.1834 28.6781 7.4
      vertex 49.3651 28.95 2.4
      vertex 49.3651 28.95 7.4
    endloop
  endfacet
  facet normal 0.831438 -0.555617 0
    outer loop
      vertex 49.3651 28.95 2.4
      vertex 49.1834 28.6781 7.4
      vertex 49.1834 28.6781 2.4
    endloop
  endfacet
  facet normal -0.195116 -0.98078 0
    outer loop
      vertex 46.553 27.7852 2.4
      vertex 46.8737 27.7214 7.4
      vertex 46.553 27.7852 7.4
    endloop
  endfacet
  facet normal -0.195116 -0.98078 -0
    outer loop
      vertex 46.8737 27.7214 7.4
      vertex 46.553 27.7852 2.4
      vertex 46.8737 27.7214 2.4
    endloop
  endfacet
  facet normal 0.98078 -0.195116 0
    outer loop
      vertex 49.6148 29.553 7.4
      vertex 49.6786 29.8737 2.4
      vertex 49.6786 29.8737 7.4
    endloop
  endfacet
  facet normal 0.98078 -0.195116 0
    outer loop
      vertex 49.6786 29.8737 2.4
      vertex 49.6148 29.553 7.4
      vertex 49.6148 29.553 2.4
    endloop
  endfacet
  facet normal 0.751913 -0.659262 0
    outer loop
      vertex 48.9678 28.4322 7.4
      vertex 49.1834 28.6781 2.4
      vertex 49.1834 28.6781 7.4
    endloop
  endfacet
  facet normal 0.751913 -0.659262 0
    outer loop
      vertex 49.1834 28.6781 2.4
      vertex 48.9678 28.4322 7.4
      vertex 48.9678 28.4322 2.4
    endloop
  endfacet
  facet normal 0.32136 0.946957 -0
    outer loop
      vertex 48.1567 32.5097 2.4
      vertex 47.847 32.6148 7.4
      vertex 48.1567 32.5097 7.4
    endloop
  endfacet
  facet normal 0.32136 0.946957 0
    outer loop
      vertex 47.847 32.6148 7.4
      vertex 48.1567 32.5097 2.4
      vertex 47.847 32.6148 2.4
    endloop
  endfacet
  facet normal -0.98078 0.195116 0
    outer loop
      vertex 44.7214 30.5263 2.4
      vertex 44.7852 30.847 7.4
      vertex 44.7852 30.847 2.4
    endloop
  endfacet
  facet normal -0.98078 0.195116 0
    outer loop
      vertex 44.7852 30.847 7.4
      vertex 44.7214 30.5263 2.4
      vertex 44.7214 30.5263 7.4
    endloop
  endfacet
  facet normal 0.896921 0.442191 0
    outer loop
      vertex 49.5097 31.1567 7.4
      vertex 49.3651 31.45 2.4
      vertex 49.3651 31.45 7.4
    endloop
  endfacet
  facet normal 0.896921 0.442191 0
    outer loop
      vertex 49.3651 31.45 2.4
      vertex 49.5097 31.1567 7.4
      vertex 49.5097 31.1567 2.4
    endloop
  endfacet
  facet normal 0.751913 0.659262 0
    outer loop
      vertex 49.1834 31.7219 7.4
      vertex 48.9678 31.9678 2.4
      vertex 48.9678 31.9678 7.4
    endloop
  endfacet
  facet normal 0.751913 0.659262 0
    outer loop
      vertex 48.9678 31.9678 2.4
      vertex 49.1834 31.7219 7.4
      vertex 49.1834 31.7219 2.4
    endloop
  endfacet
  facet normal 0.946957 0.32136 0
    outer loop
      vertex 49.6148 30.847 7.4
      vertex 49.5097 31.1567 2.4
      vertex 49.5097 31.1567 7.4
    endloop
  endfacet
  facet normal 0.946957 0.32136 0
    outer loop
      vertex 49.5097 31.1567 2.4
      vertex 49.6148 30.847 7.4
      vertex 49.6148 30.847 2.4
    endloop
  endfacet
  facet normal -0.195116 0.98078 0
    outer loop
      vertex 46.8737 32.6786 2.4
      vertex 46.553 32.6148 7.4
      vertex 46.8737 32.6786 7.4
    endloop
  endfacet
  facet normal -0.195116 0.98078 0
    outer loop
      vertex 46.553 32.6148 7.4
      vertex 46.8737 32.6786 2.4
      vertex 46.553 32.6148 2.4
    endloop
  endfacet
  facet normal 0.32136 -0.946957 0
    outer loop
      vertex 47.847 27.7852 2.4
      vertex 48.1567 27.8903 7.4
      vertex 47.847 27.7852 7.4
    endloop
  endfacet
  facet normal 0.32136 -0.946957 0
    outer loop
      vertex 48.1567 27.8903 7.4
      vertex 47.847 27.7852 2.4
      vertex 48.1567 27.8903 2.4
    endloop
  endfacet
  facet normal -0.659262 -0.751913 0
    outer loop
      vertex 45.4322 28.4322 2.4
      vertex 45.6781 28.2166 7.4
      vertex 45.4322 28.4322 7.4
    endloop
  endfacet
  facet normal -0.659262 -0.751913 -0
    outer loop
      vertex 45.6781 28.2166 7.4
      vertex 45.4322 28.4322 2.4
      vertex 45.6781 28.2166 2.4
    endloop
  endfacet
  facet normal -0.442191 -0.896921 0
    outer loop
      vertex 45.95 28.0349 2.4
      vertex 46.2433 27.8903 7.4
      vertex 45.95 28.0349 7.4
    endloop
  endfacet
  facet normal -0.442191 -0.896921 -0
    outer loop
      vertex 46.2433 27.8903 7.4
      vertex 45.95 28.0349 2.4
      vertex 46.2433 27.8903 2.4
    endloop
  endfacet
  facet normal -0.831438 0.555617 0
    outer loop
      vertex 45.0349 31.45 2.4
      vertex 45.2166 31.7219 7.4
      vertex 45.2166 31.7219 2.4
    endloop
  endfacet
  facet normal -0.831438 0.555617 0
    outer loop
      vertex 45.2166 31.7219 7.4
      vertex 45.0349 31.45 2.4
      vertex 45.0349 31.45 7.4
    endloop
  endfacet
  facet normal -0.555617 -0.831438 0
    outer loop
      vertex 45.6781 28.2166 2.4
      vertex 45.95 28.0349 7.4
      vertex 45.6781 28.2166 7.4
    endloop
  endfacet
  facet normal -0.555617 -0.831438 -0
    outer loop
      vertex 45.95 28.0349 7.4
      vertex 45.6781 28.2166 2.4
      vertex 45.95 28.0349 2.4
    endloop
  endfacet
  facet normal 0.195087 -0.980786 0
    outer loop
      vertex 79.5263 5.72139 2.4
      vertex 79.847 5.78518 7.4
      vertex 79.5263 5.72139 7.4
    endloop
  endfacet
  facet normal 0.195087 -0.980786 0
    outer loop
      vertex 79.847 5.78518 7.4
      vertex 79.5263 5.72139 2.4
      vertex 79.847 5.78518 2.4
    endloop
  endfacet
  facet normal 0.980785 0.195093 0
    outer loop
      vertex 81.6786 8.52631 7.4
      vertex 81.6148 8.84705 2.4
      vertex 81.6148 8.84705 7.4
    endloop
  endfacet
  facet normal 0.980785 0.195093 0
    outer loop
      vertex 81.6148 8.84705 2.4
      vertex 81.6786 8.52631 7.4
      vertex 81.6786 8.52631 2.4
    endloop
  endfacet
  facet normal 0.997856 0.0654412 0
    outer loop
      vertex 81.7 8.2 7.4
      vertex 81.6786 8.52631 2.4
      vertex 81.6786 8.52631 7.4
    endloop
  endfacet
  facet normal 0.997856 0.0654412 0
    outer loop
      vertex 81.6786 8.52631 2.4
      vertex 81.7 8.2 7.4
      vertex 81.7 8.2 2.4
    endloop
  endfacet
  facet normal -0.321508 -0.946907 0
    outer loop
      vertex 78.2433 5.8903 2.4
      vertex 78.5529 5.78518 7.4
      vertex 78.2433 5.8903 7.4
    endloop
  endfacet
  facet normal -0.321508 -0.946907 -0
    outer loop
      vertex 78.5529 5.78518 7.4
      vertex 78.2433 5.8903 2.4
      vertex 78.5529 5.78518 2.4
    endloop
  endfacet
  facet normal -0.751873 -0.659307 0
    outer loop
      vertex 77.4322 6.43223 2.4
      vertex 77.2166 6.6781 7.4
      vertex 77.2166 6.6781 2.4
    endloop
  endfacet
  facet normal -0.751873 -0.659307 0
    outer loop
      vertex 77.2166 6.6781 7.4
      vertex 77.4322 6.43223 2.4
      vertex 77.4322 6.43223 7.4
    endloop
  endfacet
  facet normal 0.555575 -0.831466 0
    outer loop
      vertex 80.45 6.03494 2.4
      vertex 80.7219 6.21662 7.4
      vertex 80.45 6.03494 7.4
    endloop
  endfacet
  facet normal 0.555575 -0.831466 0
    outer loop
      vertex 80.7219 6.21662 7.4
      vertex 80.45 6.03494 2.4
      vertex 80.7219 6.21662 2.4
    endloop
  endfacet
  facet normal -0.896915 -0.442204 0
    outer loop
      vertex 77.0349 6.95 2.4
      vertex 76.8903 7.24329 7.4
      vertex 76.8903 7.24329 2.4
    endloop
  endfacet
  facet normal -0.896915 -0.442204 0
    outer loop
      vertex 76.8903 7.24329 7.4
      vertex 77.0349 6.95 2.4
      vertex 77.0349 6.95 7.4
    endloop
  endfacet
  facet normal -0.751873 0.659307 0
    outer loop
      vertex 77.2166 9.7219 2.4
      vertex 77.4322 9.96777 7.4
      vertex 77.4322 9.96777 2.4
    endloop
  endfacet
  facet normal -0.751873 0.659307 0
    outer loop
      vertex 77.4322 9.96777 7.4
      vertex 77.2166 9.7219 2.4
      vertex 77.2166 9.7219 7.4
    endloop
  endfacet
  facet normal -0.555617 0.831438 0
    outer loop
      vertex 77.95 10.3651 2.4
      vertex 77.6781 10.1834 7.4
      vertex 77.95 10.3651 7.4
    endloop
  endfacet
  facet normal -0.555617 0.831438 0
    outer loop
      vertex 77.6781 10.1834 7.4
      vertex 77.95 10.3651 2.4
      vertex 77.6781 10.1834 2.4
    endloop
  endfacet
  facet normal 0.0654432 0.997856 -0
    outer loop
      vertex 79.5263 10.6786 2.4
      vertex 79.2 10.7 7.4
      vertex 79.5263 10.6786 7.4
    endloop
  endfacet
  facet normal 0.0654432 0.997856 0
    outer loop
      vertex 79.2 10.7 7.4
      vertex 79.5263 10.6786 2.4
      vertex 79.2 10.7 2.4
    endloop
  endfacet
  facet normal -0.659314 0.751868 0
    outer loop
      vertex 77.6781 10.1834 2.4
      vertex 77.4322 9.96777 7.4
      vertex 77.6781 10.1834 7.4
    endloop
  endfacet
  facet normal -0.659314 0.751868 0
    outer loop
      vertex 77.4322 9.96777 7.4
      vertex 77.6781 10.1834 2.4
      vertex 77.4322 9.96777 2.4
    endloop
  endfacet
  facet normal 0.946944 -0.321397 0
    outer loop
      vertex 81.5097 7.24329 7.4
      vertex 81.6148 7.55295 2.4
      vertex 81.6148 7.55295 7.4
    endloop
  endfacet
  facet normal 0.946944 -0.321397 0
    outer loop
      vertex 81.6148 7.55295 2.4
      vertex 81.5097 7.24329 7.4
      vertex 81.5097 7.24329 2.4
    endloop
  endfacet
  facet normal -0.0654432 0.997856 0
    outer loop
      vertex 79.2 10.7 2.4
      vertex 78.8737 10.6786 7.4
      vertex 79.2 10.7 7.4
    endloop
  endfacet
  facet normal -0.0654432 0.997856 0
    outer loop
      vertex 78.8737 10.6786 7.4
      vertex 79.2 10.7 2.4
      vertex 78.8737 10.6786 2.4
    endloop
  endfacet
  facet normal 0.195116 0.98078 -0
    outer loop
      vertex 79.847 10.6148 2.4
      vertex 79.5263 10.6786 7.4
      vertex 79.847 10.6148 7.4
    endloop
  endfacet
  facet normal 0.195116 0.98078 0
    outer loop
      vertex 79.5263 10.6786 7.4
      vertex 79.847 10.6148 2.4
      vertex 79.5263 10.6786 2.4
    endloop
  endfacet
  facet normal 0.0654128 -0.997858 0
    outer loop
      vertex 79.2 5.7 2.4
      vertex 79.5263 5.72139 7.4
      vertex 79.2 5.7 7.4
    endloop
  endfacet
  facet normal 0.0654128 -0.997858 0
    outer loop
      vertex 79.5263 5.72139 7.4
      vertex 79.2 5.7 2.4
      vertex 79.5263 5.72139 2.4
    endloop
  endfacet
  facet normal -0.946944 -0.321397 0
    outer loop
      vertex 76.8903 7.24329 2.4
      vertex 76.7852 7.55295 7.4
      vertex 76.7852 7.55295 2.4
    endloop
  endfacet
  facet normal -0.946944 -0.321397 0
    outer loop
      vertex 76.7852 7.55295 7.4
      vertex 76.8903 7.24329 2.4
      vertex 76.8903 7.24329 7.4
    endloop
  endfacet
  facet normal 0.659279 -0.751898 0
    outer loop
      vertex 80.7219 6.21662 2.4
      vertex 80.9678 6.43223 7.4
      vertex 80.7219 6.21662 7.4
    endloop
  endfacet
  facet normal 0.659279 -0.751898 0
    outer loop
      vertex 80.9678 6.43223 7.4
      vertex 80.7219 6.21662 2.4
      vertex 80.9678 6.43223 2.4
    endloop
  endfacet
  facet normal 0.831438 0.555617 0
    outer loop
      vertex 81.3651 9.45 7.4
      vertex 81.1834 9.7219 2.4
      vertex 81.1834 9.7219 7.4
    endloop
  endfacet
  facet normal 0.831438 0.555617 0
    outer loop
      vertex 81.1834 9.7219 2.4
      vertex 81.3651 9.45 7.4
      vertex 81.3651 9.45 2.4
    endloop
  endfacet
  facet normal -0.946944 0.321397 0
    outer loop
      vertex 76.7852 8.84705 2.4
      vertex 76.8903 9.15671 7.4
      vertex 76.8903 9.15671 2.4
    endloop
  endfacet
  facet normal -0.946944 0.321397 0
    outer loop
      vertex 76.8903 9.15671 7.4
      vertex 76.7852 8.84705 2.4
      vertex 76.7852 8.84705 7.4
    endloop
  endfacet
  facet normal -0.997857 -0.0654392 0
    outer loop
      vertex 76.7214 7.87368 2.4
      vertex 76.7 8.2 7.4
      vertex 76.7 8.2 2.4
    endloop
  endfacet
  facet normal -0.997857 -0.0654392 0
    outer loop
      vertex 76.7 8.2 7.4
      vertex 76.7214 7.87368 2.4
      vertex 76.7214 7.87368 7.4
    endloop
  endfacet
  facet normal 0 0 1
    outer loop
      vertex 81.6786 8.52631 7.4
      vertex 81.6786 7.87368 7.4
      vertex 81.7 8.2 7.4
    endloop
  endfacet
  facet normal 0 0 1
    outer loop
      vertex 81.6148 8.84705 7.4
      vertex 81.6786 7.87368 7.4
      vertex 81.6786 8.52631 7.4
    endloop
  endfacet
  facet normal 0 0 1
    outer loop
      vertex 81.6148 8.84705 7.4
      vertex 81.6148 7.55295 7.4
      vertex 81.6786 7.87368 7.4
    endloop
  endfacet
  facet normal 0 0 1
    outer loop
      vertex 81.5097 9.15671 7.4
      vertex 81.6148 7.55295 7.4
      vertex 81.6148 8.84705 7.4
    endloop
  endfacet
  facet normal 0 0 1
    outer loop
      vertex 81.5097 9.15671 7.4
      vertex 81.5097 7.24329 7.4
      vertex 81.6148 7.55295 7.4
    endloop
  endfacet
  facet normal 0 0 1
    outer loop
      vertex 81.3651 9.45 7.4
      vertex 81.5097 7.24329 7.4
      vertex 81.5097 9.15671 7.4
    endloop
  endfacet
  facet normal 0 0 1
    outer loop
      vertex 81.3651 9.45 7.4
      vertex 81.3651 6.95 7.4
      vertex 81.5097 7.24329 7.4
    endloop
  endfacet
  facet normal 0 0 1
    outer loop
      vertex 81.1834 9.7219 7.4
      vertex 81.3651 6.95 7.4
      vertex 81.3651 9.45 7.4
    endloop
  endfacet
  facet normal 0 0 1
    outer loop
      vertex 81.1834 9.7219 7.4
      vertex 81.1834 6.6781 7.4
      vertex 81.3651 6.95 7.4
    endloop
  endfacet
  facet normal 0 0 1
    outer loop
      vertex 80.9678 9.96777 7.4
      vertex 81.1834 6.6781 7.4
      vertex 81.1834 9.7219 7.4
    endloop
  endfacet
  facet normal 0 0 1
    outer loop
      vertex 80.9678 9.96777 7.4
      vertex 80.9678 6.43223 7.4
      vertex 81.1834 6.6781 7.4
    endloop
  endfacet
  facet normal 0 0 1
    outer loop
      vertex 80.7219 10.1834 7.4
      vertex 80.9678 6.43223 7.4
      vertex 80.9678 9.96777 7.4
    endloop
  endfacet
  facet normal 0 0 1
    outer loop
      vertex 80.7219 10.1834 7.4
      vertex 80.7219 6.21662 7.4
      vertex 80.9678 6.43223 7.4
    endloop
  endfacet
  facet normal 0 0 1
    outer loop
      vertex 80.45 10.3651 7.4
      vertex 80.7219 6.21662 7.4
      vertex 80.7219 10.1834 7.4
    endloop
  endfacet
  facet normal 0 0 1
    outer loop
      vertex 80.45 10.3651 7.4
      vertex 80.45 6.03494 7.4
      vertex 80.7219 6.21662 7.4
    endloop
  endfacet
  facet normal 0 0 1
    outer loop
      vertex 80.1567 10.5097 7.4
      vertex 80.45 6.03494 7.4
      vertex 80.45 10.3651 7.4
    endloop
  endfacet
  facet normal 0 0 1
    outer loop
      vertex 80.1567 10.5097 7.4
      vertex 80.1567 5.8903 7.4
      vertex 80.45 6.03494 7.4
    endloop
  endfacet
  facet normal 0 0 1
    outer loop
      vertex 79.847 10.6148 7.4
      vertex 80.1567 5.8903 7.4
      vertex 80.1567 10.5097 7.4
    endloop
  endfacet
  facet normal 0 0 1
    outer loop
      vertex 79.847 10.6148 7.4
      vertex 79.847 5.78518 7.4
      vertex 80.1567 5.8903 7.4
    endloop
  endfacet
  facet normal 0 0 1
    outer loop
      vertex 79.5263 10.6786 7.4
      vertex 79.847 5.78518 7.4
      vertex 79.847 10.6148 7.4
    endloop
  endfacet
  facet normal 0 0 1
    outer loop
      vertex 79.5263 10.6786 7.4
      vertex 79.5263 5.72139 7.4
      vertex 79.847 5.78518 7.4
    endloop
  endfacet
  facet normal 0 0 1
    outer loop
      vertex 79.2 10.7 7.4
      vertex 79.5263 5.72139 7.4
      vertex 79.5263 10.6786 7.4
    endloop
  endfacet
  facet normal 0 0 1
    outer loop
      vertex 79.2 10.7 7.4
      vertex 79.2 5.7 7.4
      vertex 79.5263 5.72139 7.4
    endloop
  endfacet
  facet normal -0 0 1
    outer loop
      vertex 78.8737 10.6786 7.4
      vertex 79.2 5.7 7.4
      vertex 79.2 10.7 7.4
    endloop
  endfacet
  facet normal 0 0 1
    outer loop
      vertex 78.8737 10.6786 7.4
      vertex 78.8737 5.72139 7.4
      vertex 79.2 5.7 7.4
    endloop
  endfacet
  facet normal -0 0 1
    outer loop
      vertex 78.5529 10.6148 7.4
      vertex 78.8737 5.72139 7.4
      vertex 78.8737 10.6786 7.4
    endloop
  endfacet
  facet normal 0 0 1
    outer loop
      vertex 78.5529 10.6148 7.4
      vertex 78.5529 5.78518 7.4
      vertex 78.8737 5.72139 7.4
    endloop
  endfacet
  facet normal -0 0 1
    outer loop
      vertex 78.2433 10.5097 7.4
      vertex 78.5529 5.78518 7.4
      vertex 78.5529 10.6148 7.4
    endloop
  endfacet
  facet normal 0 0 1
    outer loop
      vertex 78.2433 10.5097 7.4
      vertex 78.2433 5.8903 7.4
      vertex 78.5529 5.78518 7.4
    endloop
  endfacet
  facet normal -0 0 1
    outer loop
      vertex 77.95 10.3651 7.4
      vertex 78.2433 5.8903 7.4
      vertex 78.2433 10.5097 7.4
    endloop
  endfacet
  facet normal 0 0 1
    outer loop
      vertex 77.95 10.3651 7.4
      vertex 77.95 6.03494 7.4
      vertex 78.2433 5.8903 7.4
    endloop
  endfacet
  facet normal -0 0 1
    outer loop
      vertex 77.6781 10.1834 7.4
      vertex 77.95 6.03494 7.4
      vertex 77.95 10.3651 7.4
    endloop
  endfacet
  facet normal 0 0 1
    outer loop
      vertex 77.6781 10.1834 7.4
      vertex 77.6781 6.21662 7.4
      vertex 77.95 6.03494 7.4
    endloop
  endfacet
  facet normal -0 0 1
    outer loop
      vertex 77.4322 9.96777 7.4
      vertex 77.6781 6.21662 7.4
      vertex 77.6781 10.1834 7.4
    endloop
  endfacet
  facet normal 0 0 1
    outer loop
      vertex 77.4322 9.96777 7.4
      vertex 77.4322 6.43223 7.4
      vertex 77.6781 6.21662 7.4
    endloop
  endfacet
  facet normal -0 0 1
    outer loop
      vertex 77.2166 9.7219 7.4
      vertex 77.4322 6.43223 7.4
      vertex 77.4322 9.96777 7.4
    endloop
  endfacet
  facet normal 0 0 1
    outer loop
      vertex 77.2166 9.7219 7.4
      vertex 77.2166 6.6781 7.4
      vertex 77.4322 6.43223 7.4
    endloop
  endfacet
  facet normal -0 0 1
    outer loop
      vertex 77.0349 9.45 7.4
      vertex 77.2166 6.6781 7.4
      vertex 77.2166 9.7219 7.4
    endloop
  endfacet
  facet normal 0 0 1
    outer loop
      vertex 77.0349 9.45 7.4
      vertex 77.0349 6.95 7.4
      vertex 77.2166 6.6781 7.4
    endloop
  endfacet
  facet normal -0 0 1
    outer loop
      vertex 76.8903 9.15671 7.4
      vertex 77.0349 6.95 7.4
      vertex 77.0349 9.45 7.4
    endloop
  endfacet
  facet normal 0 0 1
    outer loop
      vertex 76.8903 9.15671 7.4
      vertex 76.8903 7.24329 7.4
      vertex 77.0349 6.95 7.4
    endloop
  endfacet
  facet normal -0 0 1
    outer loop
      vertex 76.7852 8.84705 7.4
      vertex 76.8903 7.24329 7.4
      vertex 76.8903 9.15671 7.4
    endloop
  endfacet
  facet normal 0 0 1
    outer loop
      vertex 76.7852 8.84705 7.4
      vertex 76.7852 7.55295 7.4
      vertex 76.8903 7.24329 7.4
    endloop
  endfacet
  facet normal -0 0 1
    outer loop
      vertex 76.7214 8.52631 7.4
      vertex 76.7852 7.55295 7.4
      vertex 76.7852 8.84705 7.4
    endloop
  endfacet
  facet normal 0 0 1
    outer loop
      vertex 76.7214 8.52631 7.4
      vertex 76.7214 7.87368 7.4
      vertex 76.7852 7.55295 7.4
    endloop
  endfacet
  facet normal 0 -0 1
    outer loop
      vertex 76.7214 7.87368 7.4
      vertex 76.7214 8.52631 7.4
      vertex 76.7 8.2 7.4
    endloop
  endfacet
  facet normal -0.195058 0.980792 0
    outer loop
      vertex 78.8737 10.6786 2.4
      vertex 78.5529 10.6148 7.4
      vertex 78.8737 10.6786 7.4
    endloop
  endfacet
  facet normal -0.195058 0.980792 0
    outer loop
      vertex 78.5529 10.6148 7.4
      vertex 78.8737 10.6786 2.4
      vertex 78.5529 10.6148 2.4
    endloop
  endfacet
  facet normal 0.659314 0.751868 -0
    outer loop
      vertex 80.9678 9.96777 2.4
      vertex 80.7219 10.1834 7.4
      vertex 80.9678 9.96777 7.4
    endloop
  endfacet
  facet normal 0.659314 0.751868 0
    outer loop
      vertex 80.7219 10.1834 7.4
      vertex 80.9678 9.96777 2.4
      vertex 80.7219 10.1834 2.4
    endloop
  endfacet
  facet normal 0.442191 0.896921 -0
    outer loop
      vertex 80.45 10.3651 2.4
      vertex 80.1567 10.5097 7.4
      vertex 80.45 10.3651 7.4
    endloop
  endfacet
  facet normal 0.442191 0.896921 0
    outer loop
      vertex 80.1567 10.5097 7.4
      vertex 80.45 10.3651 2.4
      vertex 80.1567 10.5097 2.4
    endloop
  endfacet
  facet normal -0.896915 0.442204 0
    outer loop
      vertex 76.8903 9.15671 2.4
      vertex 77.0349 9.45 7.4
      vertex 77.0349 9.45 2.4
    endloop
  endfacet
  facet normal -0.896915 0.442204 0
    outer loop
      vertex 77.0349 9.45 7.4
      vertex 76.8903 9.15671 2.4
      vertex 76.8903 9.15671 7.4
    endloop
  endfacet
  facet normal 0.997857 -0.0654392 0
    outer loop
      vertex 81.6786 7.87368 7.4
      vertex 81.7 8.2 2.4
      vertex 81.7 8.2 7.4
    endloop
  endfacet
  facet normal 0.997857 -0.0654392 0
    outer loop
      vertex 81.7 8.2 2.4
      vertex 81.6786 7.87368 7.4
      vertex 81.6786 7.87368 2.4
    endloop
  endfacet
  facet normal -0.321453 0.946926 0
    outer loop
      vertex 78.5529 10.6148 2.4
      vertex 78.2433 10.5097 7.4
      vertex 78.5529 10.6148 7.4
    endloop
  endfacet
  facet normal -0.321453 0.946926 0
    outer loop
      vertex 78.2433 10.5097 7.4
      vertex 78.5529 10.6148 2.4
      vertex 78.2433 10.5097 2.4
    endloop
  endfacet
  facet normal -0.0654128 -0.997858 0
    outer loop
      vertex 78.8737 5.72139 2.4
      vertex 79.2 5.7 7.4
      vertex 78.8737 5.72139 7.4
    endloop
  endfacet
  facet normal -0.0654128 -0.997858 -0
    outer loop
      vertex 79.2 5.7 7.4
      vertex 78.8737 5.72139 2.4
      vertex 79.2 5.7 2.4
    endloop
  endfacet
  facet normal 0.555617 0.831438 -0
    outer loop
      vertex 80.7219 10.1834 2.4
      vertex 80.45 10.3651 7.4
      vertex 80.7219 10.1834 7.4
    endloop
  endfacet
  facet normal 0.555617 0.831438 0
    outer loop
      vertex 80.45 10.3651 7.4
      vertex 80.7219 10.1834 2.4
      vertex 80.45 10.3651 2.4
    endloop
  endfacet
  facet normal -0.442191 0.896921 0
    outer loop
      vertex 78.2433 10.5097 2.4
      vertex 77.95 10.3651 7.4
      vertex 78.2433 10.5097 7.4
    endloop
  endfacet
  facet normal -0.442191 0.896921 0
    outer loop
      vertex 77.95 10.3651 7.4
      vertex 78.2433 10.5097 2.4
      vertex 77.95 10.3651 2.4
    endloop
  endfacet
  facet normal -0.980784 -0.195099 0
    outer loop
      vertex 76.7852 7.55295 2.4
      vertex 76.7214 7.87368 7.4
      vertex 76.7214 7.87368 2.4
    endloop
  endfacet
  facet normal -0.980784 -0.195099 0
    outer loop
      vertex 76.7214 7.87368 7.4
      vertex 76.7852 7.55295 2.4
      vertex 76.7852 7.55295 7.4
    endloop
  endfacet
  facet normal -0.997856 0.0654412 0
    outer loop
      vertex 76.7 8.2 2.4
      vertex 76.7214 8.52631 7.4
      vertex 76.7214 8.52631 2.4
    endloop
  endfacet
  facet normal -0.997856 0.0654412 0
    outer loop
      vertex 76.7214 8.52631 7.4
      vertex 76.7 8.2 2.4
      vertex 76.7 8.2 7.4
    endloop
  endfacet
  facet normal 0.44229 -0.896872 0
    outer loop
      vertex 80.1567 5.8903 2.4
      vertex 80.45 6.03494 7.4
      vertex 80.1567 5.8903 7.4
    endloop
  endfacet
  facet normal 0.44229 -0.896872 0
    outer loop
      vertex 80.45 6.03494 7.4
      vertex 80.1567 5.8903 2.4
      vertex 80.45 6.03494 2.4
    endloop
  endfacet
  facet normal -0.831438 -0.555617 0
    outer loop
      vertex 77.2166 6.6781 2.4
      vertex 77.0349 6.95 7.4
      vertex 77.0349 6.95 2.4
    endloop
  endfacet
  facet normal -0.831438 -0.555617 0
    outer loop
      vertex 77.0349 6.95 7.4
      vertex 77.2166 6.6781 2.4
      vertex 77.2166 6.6781 7.4
    endloop
  endfacet
  facet normal 0.896915 -0.442204 0
    outer loop
      vertex 81.3651 6.95 7.4
      vertex 81.5097 7.24329 2.4
      vertex 81.5097 7.24329 7.4
    endloop
  endfacet
  facet normal 0.896915 -0.442204 0
    outer loop
      vertex 81.5097 7.24329 2.4
      vertex 81.3651 6.95 7.4
      vertex 81.3651 6.95 2.4
    endloop
  endfacet
  facet normal 0.831438 -0.555617 0
    outer loop
      vertex 81.1834 6.6781 7.4
      vertex 81.3651 6.95 2.4
      vertex 81.3651 6.95 7.4
    endloop
  endfacet
  facet normal 0.831438 -0.555617 0
    outer loop
      vertex 81.3651 6.95 2.4
      vertex 81.1834 6.6781 7.4
      vertex 81.1834 6.6781 2.4
    endloop
  endfacet
  facet normal -0.195028 -0.980798 0
    outer loop
      vertex 78.5529 5.78518 2.4
      vertex 78.8737 5.72139 7.4
      vertex 78.5529 5.78518 7.4
    endloop
  endfacet
  facet normal -0.195028 -0.980798 -0
    outer loop
      vertex 78.8737 5.72139 7.4
      vertex 78.5529 5.78518 2.4
      vertex 78.8737 5.72139 2.4
    endloop
  endfacet
  facet normal 0.980784 -0.195099 0
    outer loop
      vertex 81.6148 7.55295 7.4
      vertex 81.6786 7.87368 2.4
      vertex 81.6786 7.87368 7.4
    endloop
  endfacet
  facet normal 0.980784 -0.195099 0
    outer loop
      vertex 81.6786 7.87368 2.4
      vertex 81.6148 7.55295 7.4
      vertex 81.6148 7.55295 2.4
    endloop
  endfacet
  facet normal 0.751873 -0.659307 0
    outer loop
      vertex 80.9678 6.43223 7.4
      vertex 81.1834 6.6781 2.4
      vertex 81.1834 6.6781 7.4
    endloop
  endfacet
  facet normal 0.751873 -0.659307 0
    outer loop
      vertex 81.1834 6.6781 2.4
      vertex 80.9678 6.43223 7.4
      vertex 80.9678 6.43223 2.4
    endloop
  endfacet
  facet normal 0.32136 0.946957 -0
    outer loop
      vertex 80.1567 10.5097 2.4
      vertex 79.847 10.6148 7.4
      vertex 80.1567 10.5097 7.4
    endloop
  endfacet
  facet normal 0.32136 0.946957 0
    outer loop
      vertex 79.847 10.6148 7.4
      vertex 80.1567 10.5097 2.4
      vertex 79.847 10.6148 2.4
    endloop
  endfacet
  facet normal -0.980785 0.195093 0
    outer loop
      vertex 76.7214 8.52631 2.4
      vertex 76.7852 8.84705 7.4
      vertex 76.7852 8.84705 2.4
    endloop
  endfacet
  facet normal -0.980785 0.195093 0
    outer loop
      vertex 76.7852 8.84705 7.4
      vertex 76.7214 8.52631 2.4
      vertex 76.7214 8.52631 7.4
    endloop
  endfacet
  facet normal 0.896915 0.442204 0
    outer loop
      vertex 81.5097 9.15671 7.4
      vertex 81.3651 9.45 2.4
      vertex 81.3651 9.45 7.4
    endloop
  endfacet
  facet normal 0.896915 0.442204 0
    outer loop
      vertex 81.3651 9.45 2.4
      vertex 81.5097 9.15671 7.4
      vertex 81.5097 9.15671 2.4
    endloop
  endfacet
  facet normal 0.751873 0.659307 0
    outer loop
      vertex 81.1834 9.7219 7.4
      vertex 80.9678 9.96777 2.4
      vertex 80.9678 9.96777 7.4
    endloop
  endfacet
  facet normal 0.751873 0.659307 0
    outer loop
      vertex 80.9678 9.96777 2.4
      vertex 81.1834 9.7219 7.4
      vertex 81.1834 9.7219 2.4
    endloop
  endfacet
  facet normal 0.946944 0.321397 0
    outer loop
      vertex 81.6148 8.84705 7.4
      vertex 81.5097 9.15671 2.4
      vertex 81.5097 9.15671 7.4
    endloop
  endfacet
  facet normal 0.946944 0.321397 0
    outer loop
      vertex 81.5097 9.15671 2.4
      vertex 81.6148 8.84705 7.4
      vertex 81.6148 8.84705 2.4
    endloop
  endfacet
  facet normal 0.321415 -0.946938 0
    outer loop
      vertex 79.847 5.78518 2.4
      vertex 80.1567 5.8903 7.4
      vertex 79.847 5.78518 7.4
    endloop
  endfacet
  facet normal 0.321415 -0.946938 0
    outer loop
      vertex 80.1567 5.8903 7.4
      vertex 79.847 5.78518 2.4
      vertex 80.1567 5.8903 2.4
    endloop
  endfacet
  facet normal -0.659279 -0.751898 0
    outer loop
      vertex 77.4322 6.43223 2.4
      vertex 77.6781 6.21662 7.4
      vertex 77.4322 6.43223 7.4
    endloop
  endfacet
  facet normal -0.659279 -0.751898 -0
    outer loop
      vertex 77.6781 6.21662 7.4
      vertex 77.4322 6.43223 2.4
      vertex 77.6781 6.21662 2.4
    endloop
  endfacet
  facet normal -0.44229 -0.896872 0
    outer loop
      vertex 77.95 6.03494 2.4
      vertex 78.2433 5.8903 7.4
      vertex 77.95 6.03494 7.4
    endloop
  endfacet
  facet normal -0.44229 -0.896872 -0
    outer loop
      vertex 78.2433 5.8903 7.4
      vertex 77.95 6.03494 2.4
      vertex 78.2433 5.8903 2.4
    endloop
  endfacet
  facet normal -0.831438 0.555617 0
    outer loop
      vertex 77.0349 9.45 2.4
      vertex 77.2166 9.7219 7.4
      vertex 77.2166 9.7219 2.4
    endloop
  endfacet
  facet normal -0.831438 0.555617 0
    outer loop
      vertex 77.2166 9.7219 7.4
      vertex 77.0349 9.45 2.4
      vertex 77.0349 9.45 7.4
    endloop
  endfacet
  facet normal -0.555575 -0.831466 0
    outer loop
      vertex 77.6781 6.21662 2.4
      vertex 77.95 6.03494 7.4
      vertex 77.6781 6.21662 7.4
    endloop
  endfacet
  facet normal -0.555575 -0.831466 -0
    outer loop
      vertex 77.95 6.03494 7.4
      vertex 77.6781 6.21662 2.4
      vertex 77.95 6.03494 2.4
    endloop
  endfacet
  facet normal 0.195116 -0.98078 0
    outer loop
      vertex 79.5263 27.7214 2.4
      vertex 79.847 27.7852 7.4
      vertex 79.5263 27.7214 7.4
    endloop
  endfacet
  facet normal 0.195116 -0.98078 0
    outer loop
      vertex 79.847 27.7852 7.4
      vertex 79.5263 27.7214 2.4
      vertex 79.847 27.7852 2.4
    endloop
  endfacet
  facet normal 0.98078 0.195116 0
    outer loop
      vertex 81.6786 30.5263 7.4
      vertex 81.6148 30.847 2.4
      vertex 81.6148 30.847 7.4
    endloop
  endfacet
  facet normal 0.98078 0.195116 0
    outer loop
      vertex 81.6148 30.847 2.4
      vertex 81.6786 30.5263 7.4
      vertex 81.6786 30.5263 2.4
    endloop
  endfacet
  facet normal 0.997856 0.0654432 0
    outer loop
      vertex 81.7 30.2 7.4
      vertex 81.6786 30.5263 2.4
      vertex 81.6786 30.5263 7.4
    endloop
  endfacet
  facet normal 0.997856 0.0654432 0
    outer loop
      vertex 81.6786 30.5263 2.4
      vertex 81.7 30.2 7.4
      vertex 81.7 30.2 2.4
    endloop
  endfacet
  facet normal -0.321453 -0.946926 0
    outer loop
      vertex 78.2433 27.8903 2.4
      vertex 78.5529 27.7852 7.4
      vertex 78.2433 27.8903 7.4
    endloop
  endfacet
  facet normal -0.321453 -0.946926 -0
    outer loop
      vertex 78.5529 27.7852 7.4
      vertex 78.2433 27.8903 2.4
      vertex 78.5529 27.7852 2.4
    endloop
  endfacet
  facet normal -0.751913 -0.659262 0
    outer loop
      vertex 77.4322 28.4322 2.4
      vertex 77.2166 28.6781 7.4
      vertex 77.2166 28.6781 2.4
    endloop
  endfacet
  facet normal -0.751913 -0.659262 0
    outer loop
      vertex 77.2166 28.6781 7.4
      vertex 77.4322 28.4322 2.4
      vertex 77.4322 28.4322 7.4
    endloop
  endfacet
  facet normal 0.555617 -0.831438 0
    outer loop
      vertex 80.45 28.0349 2.4
      vertex 80.7219 28.2166 7.4
      vertex 80.45 28.0349 7.4
    endloop
  endfacet
  facet normal 0.555617 -0.831438 0
    outer loop
      vertex 80.7219 28.2166 7.4
      vertex 80.45 28.0349 2.4
      vertex 80.7219 28.2166 2.4
    endloop
  endfacet
  facet normal -0.896921 -0.442191 0
    outer loop
      vertex 77.0349 28.95 2.4
      vertex 76.8903 29.2433 7.4
      vertex 76.8903 29.2433 2.4
    endloop
  endfacet
  facet normal -0.896921 -0.442191 0
    outer loop
      vertex 76.8903 29.2433 7.4
      vertex 77.0349 28.95 2.4
      vertex 77.0349 28.95 7.4
    endloop
  endfacet
  facet normal -0.751913 0.659262 0
    outer loop
      vertex 77.2166 31.7219 2.4
      vertex 77.4322 31.9678 7.4
      vertex 77.4322 31.9678 2.4
    endloop
  endfacet
  facet normal -0.751913 0.659262 0
    outer loop
      vertex 77.4322 31.9678 7.4
      vertex 77.2166 31.7219 2.4
      vertex 77.2166 31.7219 7.4
    endloop
  endfacet
  facet normal -0.555617 0.831438 0
    outer loop
      vertex 77.95 32.3651 2.4
      vertex 77.6781 32.1834 7.4
      vertex 77.95 32.3651 7.4
    endloop
  endfacet
  facet normal -0.555617 0.831438 0
    outer loop
      vertex 77.6781 32.1834 7.4
      vertex 77.95 32.3651 2.4
      vertex 77.6781 32.1834 2.4
    endloop
  endfacet
  facet normal 0.0654432 0.997856 -0
    outer loop
      vertex 79.5263 32.6786 2.4
      vertex 79.2 32.7 7.4
      vertex 79.5263 32.6786 7.4
    endloop
  endfacet
  facet normal 0.0654432 0.997856 0
    outer loop
      vertex 79.2 32.7 7.4
      vertex 79.5263 32.6786 2.4
      vertex 79.2 32.7 2.4
    endloop
  endfacet
  facet normal -0.659262 0.751913 0
    outer loop
      vertex 77.6781 32.1834 2.4
      vertex 77.4322 31.9678 7.4
      vertex 77.6781 32.1834 7.4
    endloop
  endfacet
  facet normal -0.659262 0.751913 0
    outer loop
      vertex 77.4322 31.9678 7.4
      vertex 77.6781 32.1834 2.4
      vertex 77.4322 31.9678 2.4
    endloop
  endfacet
  facet normal 0.946957 -0.32136 0
    outer loop
      vertex 81.5097 29.2433 7.4
      vertex 81.6148 29.553 2.4
      vertex 81.6148 29.553 7.4
    endloop
  endfacet
  facet normal 0.946957 -0.32136 0
    outer loop
      vertex 81.6148 29.553 2.4
      vertex 81.5097 29.2433 7.4
      vertex 81.5097 29.2433 2.4
    endloop
  endfacet
  facet normal -0.0654432 0.997856 0
    outer loop
      vertex 79.2 32.7 2.4
      vertex 78.8737 32.6786 7.4
      vertex 79.2 32.7 7.4
    endloop
  endfacet
  facet normal -0.0654432 0.997856 0
    outer loop
      vertex 78.8737 32.6786 7.4
      vertex 79.2 32.7 2.4
      vertex 78.8737 32.6786 2.4
    endloop
  endfacet
  facet normal 0.195116 0.98078 -0
    outer loop
      vertex 79.847 32.6148 2.4
      vertex 79.5263 32.6786 7.4
      vertex 79.847 32.6148 7.4
    endloop
  endfacet
  facet normal 0.195116 0.98078 0
    outer loop
      vertex 79.5263 32.6786 7.4
      vertex 79.847 32.6148 2.4
      vertex 79.5263 32.6786 2.4
    endloop
  endfacet
  facet normal 0.0654432 -0.997856 0
    outer loop
      vertex 79.2 27.7 2.4
      vertex 79.5263 27.7214 7.4
      vertex 79.2 27.7 7.4
    endloop
  endfacet
  facet normal 0.0654432 -0.997856 0
    outer loop
      vertex 79.5263 27.7214 7.4
      vertex 79.2 27.7 2.4
      vertex 79.5263 27.7214 2.4
    endloop
  endfacet
  facet normal -0.946957 -0.32136 0
    outer loop
      vertex 76.8903 29.2433 2.4
      vertex 76.7852 29.553 7.4
      vertex 76.7852 29.553 2.4
    endloop
  endfacet
  facet normal -0.946957 -0.32136 0
    outer loop
      vertex 76.7852 29.553 7.4
      vertex 76.8903 29.2433 2.4
      vertex 76.8903 29.2433 7.4
    endloop
  endfacet
  facet normal 0.659262 -0.751913 0
    outer loop
      vertex 80.7219 28.2166 2.4
      vertex 80.9678 28.4322 7.4
      vertex 80.7219 28.2166 7.4
    endloop
  endfacet
  facet normal 0.659262 -0.751913 0
    outer loop
      vertex 80.9678 28.4322 7.4
      vertex 80.7219 28.2166 2.4
      vertex 80.9678 28.4322 2.4
    endloop
  endfacet
  facet normal 0.831438 0.555617 0
    outer loop
      vertex 81.3651 31.45 7.4
      vertex 81.1834 31.7219 2.4
      vertex 81.1834 31.7219 7.4
    endloop
  endfacet
  facet normal 0.831438 0.555617 0
    outer loop
      vertex 81.1834 31.7219 2.4
      vertex 81.3651 31.45 7.4
      vertex 81.3651 31.45 2.4
    endloop
  endfacet
  facet normal -0.946957 0.32136 0
    outer loop
      vertex 76.7852 30.847 2.4
      vertex 76.8903 31.1567 7.4
      vertex 76.8903 31.1567 2.4
    endloop
  endfacet
  facet normal -0.946957 0.32136 0
    outer loop
      vertex 76.8903 31.1567 7.4
      vertex 76.7852 30.847 2.4
      vertex 76.7852 30.847 7.4
    endloop
  endfacet
  facet normal -0.997856 -0.0654432 0
    outer loop
      vertex 76.7214 29.8737 2.4
      vertex 76.7 30.2 7.4
      vertex 76.7 30.2 2.4
    endloop
  endfacet
  facet normal -0.997856 -0.0654432 0
    outer loop
      vertex 76.7 30.2 7.4
      vertex 76.7214 29.8737 2.4
      vertex 76.7214 29.8737 7.4
    endloop
  endfacet
  facet normal 0 0 1
    outer loop
      vertex 81.6786 30.5263 7.4
      vertex 81.6786 29.8737 7.4
      vertex 81.7 30.2 7.4
    endloop
  endfacet
  facet normal 0 0 1
    outer loop
      vertex 81.6148 30.847 7.4
      vertex 81.6786 29.8737 7.4
      vertex 81.6786 30.5263 7.4
    endloop
  endfacet
  facet normal 0 0 1
    outer loop
      vertex 81.6148 30.847 7.4
      vertex 81.6148 29.553 7.4
      vertex 81.6786 29.8737 7.4
    endloop
  endfacet
  facet normal 0 0 1
    outer loop
      vertex 81.5097 31.1567 7.4
      vertex 81.6148 29.553 7.4
      vertex 81.6148 30.847 7.4
    endloop
  endfacet
  facet normal 0 0 1
    outer loop
      vertex 81.5097 31.1567 7.4
      vertex 81.5097 29.2433 7.4
      vertex 81.6148 29.553 7.4
    endloop
  endfacet
  facet normal 0 0 1
    outer loop
      vertex 81.3651 31.45 7.4
      vertex 81.5097 29.2433 7.4
      vertex 81.5097 31.1567 7.4
    endloop
  endfacet
  facet normal 0 0 1
    outer loop
      vertex 81.3651 31.45 7.4
      vertex 81.3651 28.95 7.4
      vertex 81.5097 29.2433 7.4
    endloop
  endfacet
  facet normal 0 0 1
    outer loop
      vertex 81.1834 31.7219 7.4
      vertex 81.3651 28.95 7.4
      vertex 81.3651 31.45 7.4
    endloop
  endfacet
  facet normal 0 0 1
    outer loop
      vertex 81.1834 31.7219 7.4
      vertex 81.1834 28.6781 7.4
      vertex 81.3651 28.95 7.4
    endloop
  endfacet
  facet normal 0 0 1
    outer loop
      vertex 80.9678 31.9678 7.4
      vertex 81.1834 28.6781 7.4
      vertex 81.1834 31.7219 7.4
    endloop
  endfacet
  facet normal 0 0 1
    outer loop
      vertex 80.9678 31.9678 7.4
      vertex 80.9678 28.4322 7.4
      vertex 81.1834 28.6781 7.4
    endloop
  endfacet
  facet normal 0 0 1
    outer loop
      vertex 80.7219 32.1834 7.4
      vertex 80.9678 28.4322 7.4
      vertex 80.9678 31.9678 7.4
    endloop
  endfacet
  facet normal 0 0 1
    outer loop
      vertex 80.7219 32.1834 7.4
      vertex 80.7219 28.2166 7.4
      vertex 80.9678 28.4322 7.4
    endloop
  endfacet
  facet normal 0 0 1
    outer loop
      vertex 80.45 32.3651 7.4
      vertex 80.7219 28.2166 7.4
      vertex 80.7219 32.1834 7.4
    endloop
  endfacet
  facet normal 0 0 1
    outer loop
      vertex 80.45 32.3651 7.4
      vertex 80.45 28.0349 7.4
      vertex 80.7219 28.2166 7.4
    endloop
  endfacet
  facet normal 0 0 1
    outer loop
      vertex 80.1567 32.5097 7.4
      vertex 80.45 28.0349 7.4
      vertex 80.45 32.3651 7.4
    endloop
  endfacet
  facet normal 0 0 1
    outer loop
      vertex 80.1567 32.5097 7.4
      vertex 80.1567 27.8903 7.4
      vertex 80.45 28.0349 7.4
    endloop
  endfacet
  facet normal 0 0 1
    outer loop
      vertex 79.847 32.6148 7.4
      vertex 80.1567 27.8903 7.4
      vertex 80.1567 32.5097 7.4
    endloop
  endfacet
  facet normal 0 0 1
    outer loop
      vertex 79.847 32.6148 7.4
      vertex 79.847 27.7852 7.4
      vertex 80.1567 27.8903 7.4
    endloop
  endfacet
  facet normal 0 0 1
    outer loop
      vertex 79.5263 32.6786 7.4
      vertex 79.847 27.7852 7.4
      vertex 79.847 32.6148 7.4
    endloop
  endfacet
  facet normal 0 0 1
    outer loop
      vertex 79.5263 32.6786 7.4
      vertex 79.5263 27.7214 7.4
      vertex 79.847 27.7852 7.4
    endloop
  endfacet
  facet normal 0 0 1
    outer loop
      vertex 79.2 32.7 7.4
      vertex 79.5263 27.7214 7.4
      vertex 79.5263 32.6786 7.4
    endloop
  endfacet
  facet normal 0 0 1
    outer loop
      vertex 79.2 32.7 7.4
      vertex 79.2 27.7 7.4
      vertex 79.5263 27.7214 7.4
    endloop
  endfacet
  facet normal -0 0 1
    outer loop
      vertex 78.8737 32.6786 7.4
      vertex 79.2 27.7 7.4
      vertex 79.2 32.7 7.4
    endloop
  endfacet
  facet normal 0 0 1
    outer loop
      vertex 78.8737 32.6786 7.4
      vertex 78.8737 27.7214 7.4
      vertex 79.2 27.7 7.4
    endloop
  endfacet
  facet normal -0 0 1
    outer loop
      vertex 78.5529 32.6148 7.4
      vertex 78.8737 27.7214 7.4
      vertex 78.8737 32.6786 7.4
    endloop
  endfacet
  facet normal 0 0 1
    outer loop
      vertex 78.5529 32.6148 7.4
      vertex 78.5529 27.7852 7.4
      vertex 78.8737 27.7214 7.4
    endloop
  endfacet
  facet normal -0 0 1
    outer loop
      vertex 78.2433 32.5097 7.4
      vertex 78.5529 27.7852 7.4
      vertex 78.5529 32.6148 7.4
    endloop
  endfacet
  facet normal 0 0 1
    outer loop
      vertex 78.2433 32.5097 7.4
      vertex 78.2433 27.8903 7.4
      vertex 78.5529 27.7852 7.4
    endloop
  endfacet
  facet normal -0 0 1
    outer loop
      vertex 77.95 32.3651 7.4
      vertex 78.2433 27.8903 7.4
      vertex 78.2433 32.5097 7.4
    endloop
  endfacet
  facet normal 0 0 1
    outer loop
      vertex 77.95 32.3651 7.4
      vertex 77.95 28.0349 7.4
      vertex 78.2433 27.8903 7.4
    endloop
  endfacet
  facet normal -0 0 1
    outer loop
      vertex 77.6781 32.1834 7.4
      vertex 77.95 28.0349 7.4
      vertex 77.95 32.3651 7.4
    endloop
  endfacet
  facet normal 0 0 1
    outer loop
      vertex 77.6781 32.1834 7.4
      vertex 77.6781 28.2166 7.4
      vertex 77.95 28.0349 7.4
    endloop
  endfacet
  facet normal -0 0 1
    outer loop
      vertex 77.4322 31.9678 7.4
      vertex 77.6781 28.2166 7.4
      vertex 77.6781 32.1834 7.4
    endloop
  endfacet
  facet normal 0 0 1
    outer loop
      vertex 77.4322 31.9678 7.4
      vertex 77.4322 28.4322 7.4
      vertex 77.6781 28.2166 7.4
    endloop
  endfacet
  facet normal -0 0 1
    outer loop
      vertex 77.2166 31.7219 7.4
      vertex 77.4322 28.4322 7.4
      vertex 77.4322 31.9678 7.4
    endloop
  endfacet
  facet normal 0 0 1
    outer loop
      vertex 77.2166 31.7219 7.4
      vertex 77.2166 28.6781 7.4
      vertex 77.4322 28.4322 7.4
    endloop
  endfacet
  facet normal -0 0 1
    outer loop
      vertex 77.0349 31.45 7.4
      vertex 77.2166 28.6781 7.4
      vertex 77.2166 31.7219 7.4
    endloop
  endfacet
  facet normal 0 0 1
    outer loop
      vertex 77.0349 31.45 7.4
      vertex 77.0349 28.95 7.4
      vertex 77.2166 28.6781 7.4
    endloop
  endfacet
  facet normal -0 0 1
    outer loop
      vertex 76.8903 31.1567 7.4
      vertex 77.0349 28.95 7.4
      vertex 77.0349 31.45 7.4
    endloop
  endfacet
  facet normal 0 0 1
    outer loop
      vertex 76.8903 31.1567 7.4
      vertex 76.8903 29.2433 7.4
      vertex 77.0349 28.95 7.4
    endloop
  endfacet
  facet normal -0 0 1
    outer loop
      vertex 76.7852 30.847 7.4
      vertex 76.8903 29.2433 7.4
      vertex 76.8903 31.1567 7.4
    endloop
  endfacet
  facet normal 0 0 1
    outer loop
      vertex 76.7852 30.847 7.4
      vertex 76.7852 29.553 7.4
      vertex 76.8903 29.2433 7.4
    endloop
  endfacet
  facet normal -0 0 1
    outer loop
      vertex 76.7214 30.5263 7.4
      vertex 76.7852 29.553 7.4
      vertex 76.7852 30.847 7.4
    endloop
  endfacet
  facet normal 0 0 1
    outer loop
      vertex 76.7214 30.5263 7.4
      vertex 76.7214 29.8737 7.4
      vertex 76.7852 29.553 7.4
    endloop
  endfacet
  facet normal 0 -0 1
    outer loop
      vertex 76.7214 29.8737 7.4
      vertex 76.7214 30.5263 7.4
      vertex 76.7 30.2 7.4
    endloop
  endfacet
  facet normal -0.195058 0.980792 0
    outer loop
      vertex 78.8737 32.6786 2.4
      vertex 78.5529 32.6148 7.4
      vertex 78.8737 32.6786 7.4
    endloop
  endfacet
  facet normal -0.195058 0.980792 0
    outer loop
      vertex 78.5529 32.6148 7.4
      vertex 78.8737 32.6786 2.4
      vertex 78.5529 32.6148 2.4
    endloop
  endfacet
  facet normal 0.659262 0.751913 -0
    outer loop
      vertex 80.9678 31.9678 2.4
      vertex 80.7219 32.1834 7.4
      vertex 80.9678 31.9678 7.4
    endloop
  endfacet
  facet normal 0.659262 0.751913 0
    outer loop
      vertex 80.7219 32.1834 7.4
      vertex 80.9678 31.9678 2.4
      vertex 80.7219 32.1834 2.4
    endloop
  endfacet
  facet normal 0.442191 0.896921 -0
    outer loop
      vertex 80.45 32.3651 2.4
      vertex 80.1567 32.5097 7.4
      vertex 80.45 32.3651 7.4
    endloop
  endfacet
  facet normal 0.442191 0.896921 0
    outer loop
      vertex 80.1567 32.5097 7.4
      vertex 80.45 32.3651 2.4
      vertex 80.1567 32.5097 2.4
    endloop
  endfacet
  facet normal -0.896921 0.442191 0
    outer loop
      vertex 76.8903 31.1567 2.4
      vertex 77.0349 31.45 7.4
      vertex 77.0349 31.45 2.4
    endloop
  endfacet
  facet normal -0.896921 0.442191 0
    outer loop
      vertex 77.0349 31.45 7.4
      vertex 76.8903 31.1567 2.4
      vertex 76.8903 31.1567 7.4
    endloop
  endfacet
  facet normal 0.997856 -0.0654432 0
    outer loop
      vertex 81.6786 29.8737 7.4
      vertex 81.7 30.2 2.4
      vertex 81.7 30.2 7.4
    endloop
  endfacet
  facet normal 0.997856 -0.0654432 0
    outer loop
      vertex 81.7 30.2 2.4
      vertex 81.6786 29.8737 7.4
      vertex 81.6786 29.8737 2.4
    endloop
  endfacet
  facet normal -0.321453 0.946926 0
    outer loop
      vertex 78.5529 32.6148 2.4
      vertex 78.2433 32.5097 7.4
      vertex 78.5529 32.6148 7.4
    endloop
  endfacet
  facet normal -0.321453 0.946926 0
    outer loop
      vertex 78.2433 32.5097 7.4
      vertex 78.5529 32.6148 2.4
      vertex 78.2433 32.5097 2.4
    endloop
  endfacet
  facet normal -0.0654432 -0.997856 0
    outer loop
      vertex 78.8737 27.7214 2.4
      vertex 79.2 27.7 7.4
      vertex 78.8737 27.7214 7.4
    endloop
  endfacet
  facet normal -0.0654432 -0.997856 -0
    outer loop
      vertex 79.2 27.7 7.4
      vertex 78.8737 27.7214 2.4
      vertex 79.2 27.7 2.4
    endloop
  endfacet
  facet normal 0.555617 0.831438 -0
    outer loop
      vertex 80.7219 32.1834 2.4
      vertex 80.45 32.3651 7.4
      vertex 80.7219 32.1834 7.4
    endloop
  endfacet
  facet normal 0.555617 0.831438 0
    outer loop
      vertex 80.45 32.3651 7.4
      vertex 80.7219 32.1834 2.4
      vertex 80.45 32.3651 2.4
    endloop
  endfacet
  facet normal -0.442191 0.896921 0
    outer loop
      vertex 78.2433 32.5097 2.4
      vertex 77.95 32.3651 7.4
      vertex 78.2433 32.5097 7.4
    endloop
  endfacet
  facet normal -0.442191 0.896921 0
    outer loop
      vertex 77.95 32.3651 7.4
      vertex 78.2433 32.5097 2.4
      vertex 77.95 32.3651 2.4
    endloop
  endfacet
  facet normal -0.98078 -0.195116 0
    outer loop
      vertex 76.7852 29.553 2.4
      vertex 76.7214 29.8737 7.4
      vertex 76.7214 29.8737 2.4
    endloop
  endfacet
  facet normal -0.98078 -0.195116 0
    outer loop
      vertex 76.7214 29.8737 7.4
      vertex 76.7852 29.553 2.4
      vertex 76.7852 29.553 7.4
    endloop
  endfacet
  facet normal -0.997856 0.0654432 0
    outer loop
      vertex 76.7 30.2 2.4
      vertex 76.7214 30.5263 7.4
      vertex 76.7214 30.5263 2.4
    endloop
  endfacet
  facet normal -0.997856 0.0654432 0
    outer loop
      vertex 76.7214 30.5263 7.4
      vertex 76.7 30.2 2.4
      vertex 76.7 30.2 7.4
    endloop
  endfacet
  facet normal 0.442191 -0.896921 0
    outer loop
      vertex 80.1567 27.8903 2.4
      vertex 80.45 28.0349 7.4
      vertex 80.1567 27.8903 7.4
    endloop
  endfacet
  facet normal 0.442191 -0.896921 0
    outer loop
      vertex 80.45 28.0349 7.4
      vertex 80.1567 27.8903 2.4
      vertex 80.45 28.0349 2.4
    endloop
  endfacet
  facet normal -0.831438 -0.555617 0
    outer loop
      vertex 77.2166 28.6781 2.4
      vertex 77.0349 28.95 7.4
      vertex 77.0349 28.95 2.4
    endloop
  endfacet
  facet normal -0.831438 -0.555617 0
    outer loop
      vertex 77.0349 28.95 7.4
      vertex 77.2166 28.6781 2.4
      vertex 77.2166 28.6781 7.4
    endloop
  endfacet
  facet normal 0.896921 -0.442191 0
    outer loop
      vertex 81.3651 28.95 7.4
      vertex 81.5097 29.2433 2.4
      vertex 81.5097 29.2433 7.4
    endloop
  endfacet
  facet normal 0.896921 -0.442191 0
    outer loop
      vertex 81.5097 29.2433 2.4
      vertex 81.3651 28.95 7.4
      vertex 81.3651 28.95 2.4
    endloop
  endfacet
  facet normal 0.831438 -0.555617 0
    outer loop
      vertex 81.1834 28.6781 7.4
      vertex 81.3651 28.95 2.4
      vertex 81.3651 28.95 7.4
    endloop
  endfacet
  facet normal 0.831438 -0.555617 0
    outer loop
      vertex 81.3651 28.95 2.4
      vertex 81.1834 28.6781 7.4
      vertex 81.1834 28.6781 2.4
    endloop
  endfacet
  facet normal 0.98078 -0.195116 0
    outer loop
      vertex 81.6148 29.553 7.4
      vertex 81.6786 29.8737 2.4
      vertex 81.6786 29.8737 7.4
    endloop
  endfacet
  facet normal 0.98078 -0.195116 0
    outer loop
      vertex 81.6786 29.8737 2.4
      vertex 81.6148 29.553 7.4
      vertex 81.6148 29.553 2.4
    endloop
  endfacet
  facet normal 0.751913 -0.659262 0
    outer loop
      vertex 80.9678 28.4322 7.4
      vertex 81.1834 28.6781 2.4
      vertex 81.1834 28.6781 7.4
    endloop
  endfacet
  facet normal 0.751913 -0.659262 0
    outer loop
      vertex 81.1834 28.6781 2.4
      vertex 80.9678 28.4322 7.4
      vertex 80.9678 28.4322 2.4
    endloop
  endfacet
  facet normal 0.32136 0.946957 -0
    outer loop
      vertex 80.1567 32.5097 2.4
      vertex 79.847 32.6148 7.4
      vertex 80.1567 32.5097 7.4
    endloop
  endfacet
  facet normal 0.32136 0.946957 0
    outer loop
      vertex 79.847 32.6148 7.4
      vertex 80.1567 32.5097 2.4
      vertex 79.847 32.6148 2.4
    endloop
  endfacet
  facet normal -0.98078 0.195116 0
    outer loop
      vertex 76.7214 30.5263 2.4
      vertex 76.7852 30.847 7.4
      vertex 76.7852 30.847 2.4
    endloop
  endfacet
  facet normal -0.98078 0.195116 0
    outer loop
      vertex 76.7852 30.847 7.4
      vertex 76.7214 30.5263 2.4
      vertex 76.7214 30.5263 7.4
    endloop
  endfacet
  facet normal 0.896921 0.442191 0
    outer loop
      vertex 81.5097 31.1567 7.4
      vertex 81.3651 31.45 2.4
      vertex 81.3651 31.45 7.4
    endloop
  endfacet
  facet normal 0.896921 0.442191 0
    outer loop
      vertex 81.3651 31.45 2.4
      vertex 81.5097 31.1567 7.4
      vertex 81.5097 31.1567 2.4
    endloop
  endfacet
  facet normal 0.751913 0.659262 0
    outer loop
      vertex 81.1834 31.7219 7.4
      vertex 80.9678 31.9678 2.4
      vertex 80.9678 31.9678 7.4
    endloop
  endfacet
  facet normal 0.751913 0.659262 0
    outer loop
      vertex 80.9678 31.9678 2.4
      vertex 81.1834 31.7219 7.4
      vertex 81.1834 31.7219 2.4
    endloop
  endfacet
  facet normal 0.946957 0.32136 0
    outer loop
      vertex 81.6148 30.847 7.4
      vertex 81.5097 31.1567 2.4
      vertex 81.5097 31.1567 7.4
    endloop
  endfacet
  facet normal 0.946957 0.32136 0
    outer loop
      vertex 81.5097 31.1567 2.4
      vertex 81.6148 30.847 7.4
      vertex 81.6148 30.847 2.4
    endloop
  endfacet
  facet normal 0.32136 -0.946957 0
    outer loop
      vertex 79.847 27.7852 2.4
      vertex 80.1567 27.8903 7.4
      vertex 79.847 27.7852 7.4
    endloop
  endfacet
  facet normal 0.32136 -0.946957 0
    outer loop
      vertex 80.1567 27.8903 7.4
      vertex 79.847 27.7852 2.4
      vertex 80.1567 27.8903 2.4
    endloop
  endfacet
  facet normal -0.195058 -0.980792 0
    outer loop
      vertex 78.5529 27.7852 2.4
      vertex 78.8737 27.7214 7.4
      vertex 78.5529 27.7852 7.4
    endloop
  endfacet
  facet normal -0.195058 -0.980792 -0
    outer loop
      vertex 78.8737 27.7214 7.4
      vertex 78.5529 27.7852 2.4
      vertex 78.8737 27.7214 2.4
    endloop
  endfacet
  facet normal -0.659262 -0.751913 0
    outer loop
      vertex 77.4322 28.4322 2.4
      vertex 77.6781 28.2166 7.4
      vertex 77.4322 28.4322 7.4
    endloop
  endfacet
  facet normal -0.659262 -0.751913 -0
    outer loop
      vertex 77.6781 28.2166 7.4
      vertex 77.4322 28.4322 2.4
      vertex 77.6781 28.2166 2.4
    endloop
  endfacet
  facet normal -0.442191 -0.896921 0
    outer loop
      vertex 77.95 28.0349 2.4
      vertex 78.2433 27.8903 7.4
      vertex 77.95 28.0349 7.4
    endloop
  endfacet
  facet normal -0.442191 -0.896921 -0
    outer loop
      vertex 78.2433 27.8903 7.4
      vertex 77.95 28.0349 2.4
      vertex 78.2433 27.8903 2.4
    endloop
  endfacet
  facet normal -0.831438 0.555617 0
    outer loop
      vertex 77.0349 31.45 2.4
      vertex 77.2166 31.7219 7.4
      vertex 77.2166 31.7219 2.4
    endloop
  endfacet
  facet normal -0.831438 0.555617 0
    outer loop
      vertex 77.2166 31.7219 7.4
      vertex 77.0349 31.45 2.4
      vertex 77.0349 31.45 7.4
    endloop
  endfacet
  facet normal -0.555617 -0.831438 0
    outer loop
      vertex 77.6781 28.2166 2.4
      vertex 77.95 28.0349 7.4
      vertex 77.6781 28.2166 7.4
    endloop
  endfacet
  facet normal -0.555617 -0.831438 -0
    outer loop
      vertex 77.95 28.0349 7.4
      vertex 77.6781 28.2166 2.4
      vertex 77.95 28.0349 2.4
    endloop
  endfacet
  facet normal -0.195055 0.980792 0
    outer loop
      vertex 9.06235 7.3477 0
      vertex 8.88274 7.31198 8.4
      vertex 9.06235 7.3477 8.4
    endloop
  endfacet
  facet normal -0.195055 0.980792 0
    outer loop
      vertex 8.88274 7.31198 8.4
      vertex 9.06235 7.3477 0
      vertex 8.88274 7.31198 0
    endloop
  endfacet
  facet normal -0.980813 -0.19495 0
    outer loop
      vertex 10.088 8.88274 0
      vertex 10.0523 9.06235 8.4
      vertex 10.0523 9.06235 0
    endloop
  endfacet
  facet normal -0.980813 -0.19495 0
    outer loop
      vertex 10.0523 9.06235 8.4
      vertex 10.088 8.88274 0
      vertex 10.088 8.88274 8.4
    endloop
  endfacet
  facet normal -0.997851 -0.0655259 0
    outer loop
      vertex 10.1 8.7 0
      vertex 10.088 8.88274 8.4
      vertex 10.088 8.88274 0
    endloop
  endfacet
  facet normal -0.997851 -0.0655259 0
    outer loop
      vertex 10.088 8.88274 8.4
      vertex 10.1 8.7 0
      vertex 10.1 8.7 8.4
    endloop
  endfacet
  facet normal 0.0654172 0.997858 -0
    outer loop
      vertex 8.7 7.3 0
      vertex 8.51726 7.31198 8.4
      vertex 8.7 7.3 8.4
    endloop
  endfacet
  facet normal 0.0654172 0.997858 0
    outer loop
      vertex 8.51726 7.31198 8.4
      vertex 8.7 7.3 0
      vertex 8.51726 7.31198 0
    endloop
  endfacet
  facet normal 0.831479 0.555557 0
    outer loop
      vertex 7.5893 7.84773 8.4
      vertex 7.48756 8 0
      vertex 7.48756 8 8.4
    endloop
  endfacet
  facet normal 0.831479 0.555557 0
    outer loop
      vertex 7.48756 8 0
      vertex 7.5893 7.84773 8.4
      vertex 7.5893 7.84773 0
    endloop
  endfacet
  facet normal 0.555595 -0.831453 0
    outer loop
      vertex 7.84773 9.81069 0
      vertex 8 9.91244 8.4
      vertex 7.84773 9.81069 8.4
    endloop
  endfacet
  facet normal 0.555595 -0.831453 0
    outer loop
      vertex 8 9.91244 8.4
      vertex 7.84773 9.81069 0
      vertex 8 9.91244 0
    endloop
  endfacet
  facet normal -0.44227 -0.896882 0
    outer loop
      vertex 9.23576 9.99343 0
      vertex 9.4 9.91244 8.4
      vertex 9.23576 9.99343 8.4
    endloop
  endfacet
  facet normal -0.44227 -0.896882 -0
    outer loop
      vertex 9.4 9.91244 8.4
      vertex 9.23576 9.99343 0
      vertex 9.4 9.91244 0
    endloop
  endfacet
  facet normal -0.980813 0.19495 0
    outer loop
      vertex 10.0523 8.33765 0
      vertex 10.088 8.51726 8.4
      vertex 10.088 8.51726 0
    endloop
  endfacet
  facet normal -0.980813 0.19495 0
    outer loop
      vertex 10.088 8.51726 8.4
      vertex 10.0523 8.33765 0
      vertex 10.0523 8.33765 8.4
    endloop
  endfacet
  facet normal -0.555557 0.831479 0
    outer loop
      vertex 9.55227 7.5893 0
      vertex 9.4 7.48756 8.4
      vertex 9.55227 7.5893 8.4
    endloop
  endfacet
  facet normal -0.555557 0.831479 0
    outer loop
      vertex 9.4 7.48756 8.4
      vertex 9.55227 7.5893 0
      vertex 9.4 7.48756 0
    endloop
  endfacet
  facet normal 0.751818 -0.65937 0
    outer loop
      vertex 7.5893 9.55227 8.4
      vertex 7.71005 9.68995 0
      vertex 7.71005 9.68995 8.4
    endloop
  endfacet
  facet normal 0.751818 -0.65937 0
    outer loop
      vertex 7.71005 9.68995 0
      vertex 7.5893 9.55227 8.4
      vertex 7.5893 9.55227 0
    endloop
  endfacet
  facet normal -0.946921 0.321465 0
    outer loop
      vertex 9.99343 8.16424 0
      vertex 10.0523 8.33765 8.4
      vertex 10.0523 8.33765 0
    endloop
  endfacet
  facet normal -0.946921 0.321465 0
    outer loop
      vertex 10.0523 8.33765 8.4
      vertex 9.99343 8.16424 0
      vertex 9.99343 8.16424 8.4
    endloop
  endfacet
  facet normal 0.980792 -0.195055 0
    outer loop
      vertex 7.31198 8.88274 8.4
      vertex 7.3477 9.06235 0
      vertex 7.3477 9.06235 8.4
    endloop
  endfacet
  facet normal 0.980792 -0.195055 0
    outer loop
      vertex 7.3477 9.06235 0
      vertex 7.31198 8.88274 8.4
      vertex 7.31198 8.88274 0
    endloop
  endfacet
  facet normal 0.997858 0.0654172 0
    outer loop
      vertex 7.31198 8.51726 8.4
      vertex 7.3 8.7 0
      vertex 7.3 8.7 8.4
    endloop
  endfacet
  facet normal 0.997858 0.0654172 0
    outer loop
      vertex 7.3 8.7 0
      vertex 7.31198 8.51726 8.4
      vertex 7.31198 8.51726 0
    endloop
  endfacet
  facet normal -0.659339 -0.751846 0
    outer loop
      vertex 9.55227 9.81069 0
      vertex 9.68995 9.68995 8.4
      vertex 9.55227 9.81069 8.4
    endloop
  endfacet
  facet normal -0.659339 -0.751846 -0
    outer loop
      vertex 9.68995 9.68995 8.4
      vertex 9.55227 9.81069 0
      vertex 9.68995 9.68995 0
    endloop
  endfacet
  facet normal 0.980792 0.195055 0
    outer loop
      vertex 7.3477 8.33765 8.4
      vertex 7.31198 8.51726 0
      vertex 7.31198 8.51726 8.4
    endloop
  endfacet
  facet normal 0.980792 0.195055 0
    outer loop
      vertex 7.31198 8.51726 0
      vertex 7.3477 8.33765 8.4
      vertex 7.3477 8.33765 0
    endloop
  endfacet
  facet normal -0.831453 0.555595 0
    outer loop
      vertex 9.81069 7.84773 0
      vertex 9.91244 8 8.4
      vertex 9.91244 8 0
    endloop
  endfacet
  facet normal -0.831453 0.555595 0
    outer loop
      vertex 9.91244 8 8.4
      vertex 9.81069 7.84773 0
      vertex 9.81069 7.84773 8.4
    endloop
  endfacet
  facet normal 0.321465 -0.946921 0
    outer loop
      vertex 8.16424 9.99343 0
      vertex 8.33765 10.0523 8.4
      vertex 8.16424 9.99343 8.4
    endloop
  endfacet
  facet normal 0.321465 -0.946921 0
    outer loop
      vertex 8.33765 10.0523 8.4
      vertex 8.16424 9.99343 0
      vertex 8.33765 10.0523 0
    endloop
  endfacet
  facet normal 0.195055 0.980792 -0
    outer loop
      vertex 8.51726 7.31198 0
      vertex 8.33765 7.3477 8.4
      vertex 8.51726 7.31198 8.4
    endloop
  endfacet
  facet normal 0.195055 0.980792 0
    outer loop
      vertex 8.33765 7.3477 8.4
      vertex 8.51726 7.31198 0
      vertex 8.33765 7.3477 0
    endloop
  endfacet
  facet normal -0.751846 0.659339 0
    outer loop
      vertex 9.68995 7.71005 0
      vertex 9.81069 7.84773 8.4
      vertex 9.81069 7.84773 0
    endloop
  endfacet
  facet normal -0.751846 0.659339 0
    outer loop
      vertex 9.81069 7.84773 8.4
      vertex 9.68995 7.71005 0
      vertex 9.68995 7.71005 8.4
    endloop
  endfacet
  facet normal -0.0655259 -0.997851 0
    outer loop
      vertex 8.7 10.1 0
      vertex 8.88274 10.088 8.4
      vertex 8.7 10.1 8.4
    endloop
  endfacet
  facet normal -0.0655259 -0.997851 -0
    outer loop
      vertex 8.88274 10.088 8.4
      vertex 8.7 10.1 0
      vertex 8.88274 10.088 0
    endloop
  endfacet
  facet normal -0.44227 0.896882 0
    outer loop
      vertex 9.4 7.48756 0
      vertex 9.23576 7.40657 8.4
      vertex 9.4 7.48756 8.4
    endloop
  endfacet
  facet normal -0.44227 0.896882 0
    outer loop
      vertex 9.23576 7.40657 8.4
      vertex 9.4 7.48756 0
      vertex 9.23576 7.40657 0
    endloop
  endfacet
  facet normal 0.659339 -0.751846 0
    outer loop
      vertex 7.71005 9.68995 0
      vertex 7.84773 9.81069 8.4
      vertex 7.71005 9.68995 8.4
    endloop
  endfacet
  facet normal 0.659339 -0.751846 0
    outer loop
      vertex 7.84773 9.81069 8.4
      vertex 7.71005 9.68995 0
      vertex 7.84773 9.81069 0
    endloop
  endfacet
  facet normal -0.997851 0.0655259 0
    outer loop
      vertex 10.088 8.51726 0
      vertex 10.1 8.7 8.4
      vertex 10.1 8.7 0
    endloop
  endfacet
  facet normal -0.997851 0.0655259 0
    outer loop
      vertex 10.1 8.7 8.4
      vertex 10.088 8.51726 0
      vertex 10.088 8.51726 8.4
    endloop
  endfacet
  facet normal 0.896882 0.44227 0
    outer loop
      vertex 7.48756 8 8.4
      vertex 7.40657 8.16424 0
      vertex 7.40657 8.16424 8.4
    endloop
  endfacet
  facet normal 0.896882 0.44227 0
    outer loop
      vertex 7.40657 8.16424 0
      vertex 7.48756 8 8.4
      vertex 7.48756 8 0
    endloop
  endfacet
  facet normal -0.555595 -0.831453 0
    outer loop
      vertex 9.4 9.91244 0
      vertex 9.55227 9.81069 8.4
      vertex 9.4 9.91244 8.4
    endloop
  endfacet
  facet normal -0.555595 -0.831453 -0
    outer loop
      vertex 9.55227 9.81069 8.4
      vertex 9.4 9.91244 0
      vertex 9.55227 9.81069 0
    endloop
  endfacet
  facet normal -0.946921 -0.321465 0
    outer loop
      vertex 10.0523 9.06235 0
      vertex 9.99343 9.23576 8.4
      vertex 9.99343 9.23576 0
    endloop
  endfacet
  facet normal -0.946921 -0.321465 0
    outer loop
      vertex 9.99343 9.23576 8.4
      vertex 10.0523 9.06235 0
      vertex 10.0523 9.06235 8.4
    endloop
  endfacet
  facet normal -0.831453 -0.555595 0
    outer loop
      vertex 9.91244 9.4 0
      vertex 9.81069 9.55227 8.4
      vertex 9.81069 9.55227 0
    endloop
  endfacet
  facet normal -0.831453 -0.555595 0
    outer loop
      vertex 9.81069 9.55227 8.4
      vertex 9.91244 9.4 0
      vertex 9.91244 9.4 8.4
    endloop
  endfacet
  facet normal 0.321465 0.946921 -0
    outer loop
      vertex 8.33765 7.3477 0
      vertex 8.16424 7.40657 8.4
      vertex 8.33765 7.3477 8.4
    endloop
  endfacet
  facet normal 0.321465 0.946921 0
    outer loop
      vertex 8.16424 7.40657 8.4
      vertex 8.33765 7.3477 0
      vertex 8.16424 7.40657 0
    endloop
  endfacet
  facet normal 0.44227 -0.896882 0
    outer loop
      vertex 8 9.91244 0
      vertex 8.16424 9.99343 8.4
      vertex 8 9.91244 8.4
    endloop
  endfacet
  facet normal 0.44227 -0.896882 0
    outer loop
      vertex 8.16424 9.99343 8.4
      vertex 8 9.91244 0
      vertex 8.16424 9.99343 0
    endloop
  endfacet
  facet normal -0.321465 -0.946921 0
    outer loop
      vertex 9.06235 10.0523 0
      vertex 9.23576 9.99343 8.4
      vertex 9.06235 10.0523 8.4
    endloop
  endfacet
  facet normal -0.321465 -0.946921 -0
    outer loop
      vertex 9.23576 9.99343 8.4
      vertex 9.06235 10.0523 0
      vertex 9.23576 9.99343 0
    endloop
  endfacet
  facet normal -0.65937 0.751818 0
    outer loop
      vertex 9.68995 7.71005 0
      vertex 9.55227 7.5893 8.4
      vertex 9.68995 7.71005 8.4
    endloop
  endfacet
  facet normal -0.65937 0.751818 0
    outer loop
      vertex 9.55227 7.5893 8.4
      vertex 9.68995 7.71005 0
      vertex 9.55227 7.5893 0
    endloop
  endfacet
  facet normal -0.896882 -0.44227 0
    outer loop
      vertex 9.99343 9.23576 0
      vertex 9.91244 9.4 8.4
      vertex 9.91244 9.4 0
    endloop
  endfacet
  facet normal -0.896882 -0.44227 0
    outer loop
      vertex 9.91244 9.4 8.4
      vertex 9.99343 9.23576 0
      vertex 9.99343 9.23576 8.4
    endloop
  endfacet
  facet normal 0.751818 0.65937 0
    outer loop
      vertex 7.71005 7.71005 8.4
      vertex 7.5893 7.84773 0
      vertex 7.5893 7.84773 8.4
    endloop
  endfacet
  facet normal 0.751818 0.65937 0
    outer loop
      vertex 7.5893 7.84773 0
      vertex 7.71005 7.71005 8.4
      vertex 7.71005 7.71005 0
    endloop
  endfacet
  facet normal 0.555557 0.831479 -0
    outer loop
      vertex 8 7.48756 0
      vertex 7.84773 7.5893 8.4
      vertex 8 7.48756 8.4
    endloop
  endfacet
  facet normal 0.555557 0.831479 0
    outer loop
      vertex 7.84773 7.5893 8.4
      vertex 8 7.48756 0
      vertex 7.84773 7.5893 0
    endloop
  endfacet
  facet normal 0.65937 0.751818 -0
    outer loop
      vertex 7.84773 7.5893 0
      vertex 7.71005 7.71005 8.4
      vertex 7.84773 7.5893 8.4
    endloop
  endfacet
  facet normal 0.65937 0.751818 0
    outer loop
      vertex 7.71005 7.71005 8.4
      vertex 7.84773 7.5893 0
      vertex 7.71005 7.71005 0
    endloop
  endfacet
  facet normal 0.997858 -0.0654172 0
    outer loop
      vertex 7.3 8.7 8.4
      vertex 7.31198 8.88274 0
      vertex 7.31198 8.88274 8.4
    endloop
  endfacet
  facet normal 0.997858 -0.0654172 0
    outer loop
      vertex 7.31198 8.88274 0
      vertex 7.3 8.7 8.4
      vertex 7.3 8.7 0
    endloop
  endfacet
  facet normal 0.831479 -0.555557 0
    outer loop
      vertex 7.48756 9.4 8.4
      vertex 7.5893 9.55227 0
      vertex 7.5893 9.55227 8.4
    endloop
  endfacet
  facet normal 0.831479 -0.555557 0
    outer loop
      vertex 7.5893 9.55227 0
      vertex 7.48756 9.4 8.4
      vertex 7.48756 9.4 0
    endloop
  endfacet
  facet normal 0.946921 0.321465 0
    outer loop
      vertex 7.40657 8.16424 8.4
      vertex 7.3477 8.33765 0
      vertex 7.3477 8.33765 8.4
    endloop
  endfacet
  facet normal 0.946921 0.321465 0
    outer loop
      vertex 7.3477 8.33765 0
      vertex 7.40657 8.16424 8.4
      vertex 7.40657 8.16424 0
    endloop
  endfacet
  facet normal 0.0655259 -0.997851 0
    outer loop
      vertex 8.51726 10.088 0
      vertex 8.7 10.1 8.4
      vertex 8.51726 10.088 8.4
    endloop
  endfacet
  facet normal 0.0655259 -0.997851 0
    outer loop
      vertex 8.7 10.1 8.4
      vertex 8.51726 10.088 0
      vertex 8.7 10.1 0
    endloop
  endfacet
  facet normal 0.896882 -0.44227 0
    outer loop
      vertex 7.40657 9.23576 8.4
      vertex 7.48756 9.4 0
      vertex 7.48756 9.4 8.4
    endloop
  endfacet
  facet normal 0.896882 -0.44227 0
    outer loop
      vertex 7.48756 9.4 0
      vertex 7.40657 9.23576 8.4
      vertex 7.40657 9.23576 0
    endloop
  endfacet
  facet normal -0.751846 -0.659339 0
    outer loop
      vertex 9.81069 9.55227 0
      vertex 9.68995 9.68995 8.4
      vertex 9.68995 9.68995 0
    endloop
  endfacet
  facet normal -0.751846 -0.659339 0
    outer loop
      vertex 9.68995 9.68995 8.4
      vertex 9.81069 9.55227 0
      vertex 9.81069 9.55227 8.4
    endloop
  endfacet
  facet normal 0.19495 -0.980813 0
    outer loop
      vertex 8.33765 10.0523 0
      vertex 8.51726 10.088 8.4
      vertex 8.33765 10.0523 8.4
    endloop
  endfacet
  facet normal 0.19495 -0.980813 0
    outer loop
      vertex 8.51726 10.088 8.4
      vertex 8.33765 10.0523 0
      vertex 8.51726 10.088 0
    endloop
  endfacet
  facet normal -0.321465 0.946921 0
    outer loop
      vertex 9.23576 7.40657 0
      vertex 9.06235 7.3477 8.4
      vertex 9.23576 7.40657 8.4
    endloop
  endfacet
  facet normal -0.321465 0.946921 0
    outer loop
      vertex 9.06235 7.3477 8.4
      vertex 9.23576 7.40657 0
      vertex 9.06235 7.3477 0
    endloop
  endfacet
  facet normal -0.896882 0.44227 0
    outer loop
      vertex 9.91244 8 0
      vertex 9.99343 8.16424 8.4
      vertex 9.99343 8.16424 0
    endloop
  endfacet
  facet normal -0.896882 0.44227 0
    outer loop
      vertex 9.99343 8.16424 8.4
      vertex 9.91244 8 0
      vertex 9.91244 8 8.4
    endloop
  endfacet
  facet normal -0.0654172 0.997858 0
    outer loop
      vertex 8.88274 7.31198 0
      vertex 8.7 7.3 8.4
      vertex 8.88274 7.31198 8.4
    endloop
  endfacet
  facet normal -0.0654172 0.997858 0
    outer loop
      vertex 8.7 7.3 8.4
      vertex 8.88274 7.31198 0
      vertex 8.7 7.3 0
    endloop
  endfacet
  facet normal -0.19495 -0.980813 0
    outer loop
      vertex 8.88274 10.088 0
      vertex 9.06235 10.0523 8.4
      vertex 8.88274 10.088 8.4
    endloop
  endfacet
  facet normal -0.19495 -0.980813 -0
    outer loop
      vertex 9.06235 10.0523 8.4
      vertex 8.88274 10.088 0
      vertex 9.06235 10.0523 0
    endloop
  endfacet
  facet normal 0.44227 0.896882 -0
    outer loop
      vertex 8.16424 7.40657 0
      vertex 8 7.48756 8.4
      vertex 8.16424 7.40657 8.4
    endloop
  endfacet
  facet normal 0.44227 0.896882 0
    outer loop
      vertex 8 7.48756 8.4
      vertex 8.16424 7.40657 0
      vertex 8 7.48756 0
    endloop
  endfacet
  facet normal 0.946921 -0.321465 0
    outer loop
      vertex 7.3477 9.06235 8.4
      vertex 7.40657 9.23576 0
      vertex 7.40657 9.23576 8.4
    endloop
  endfacet
  facet normal 0.946921 -0.321465 0
    outer loop
      vertex 7.40657 9.23576 0
      vertex 7.3477 9.06235 8.4
      vertex 7.3477 9.06235 0
    endloop
  endfacet
  facet normal -0.19495 0.980813 0
    outer loop
      vertex 9.06235 56.3477 0
      vertex 8.88274 56.312 8.4
      vertex 9.06235 56.3477 8.4
    endloop
  endfacet
  facet normal -0.19495 0.980813 0
    outer loop
      vertex 8.88274 56.312 8.4
      vertex 9.06235 56.3477 0
      vertex 8.88274 56.312 0
    endloop
  endfacet
  facet normal -0.980811 -0.194961 0
    outer loop
      vertex 10.088 57.8827 0
      vertex 10.0523 58.0623 8.4
      vertex 10.0523 58.0623 0
    endloop
  endfacet
  facet normal -0.980811 -0.194961 0
    outer loop
      vertex 10.0523 58.0623 8.4
      vertex 10.088 57.8827 0
      vertex 10.088 57.8827 8.4
    endloop
  endfacet
  facet normal -0.99785 -0.0655402 0
    outer loop
      vertex 10.1 57.7 0
      vertex 10.088 57.8827 8.4
      vertex 10.088 57.8827 0
    endloop
  endfacet
  facet normal -0.99785 -0.0655402 0
    outer loop
      vertex 10.088 57.8827 8.4
      vertex 10.1 57.7 0
      vertex 10.1 57.7 8.4
    endloop
  endfacet
  facet normal 0.0655259 0.997851 -0
    outer loop
      vertex 8.7 56.3 0
      vertex 8.51726 56.312 8.4
      vertex 8.7 56.3 8.4
    endloop
  endfacet
  facet normal 0.0655259 0.997851 0
    outer loop
      vertex 8.51726 56.312 8.4
      vertex 8.7 56.3 0
      vertex 8.51726 56.312 0
    endloop
  endfacet
  facet normal 0.831529 0.555481 0
    outer loop
      vertex 7.5893 56.8477 8.4
      vertex 7.48756 57 0
      vertex 7.48756 57 8.4
    endloop
  endfacet
  facet normal 0.831529 0.555481 0
    outer loop
      vertex 7.48756 57 0
      vertex 7.5893 56.8477 8.4
      vertex 7.5893 56.8477 0
    endloop
  endfacet
  facet normal 0.555406 -0.831579 0
    outer loop
      vertex 7.84773 58.8107 0
      vertex 8 58.9124 8.4
      vertex 7.84773 58.8107 8.4
    endloop
  endfacet
  facet normal 0.555406 -0.831579 0
    outer loop
      vertex 8 58.9124 8.4
      vertex 7.84773 58.8107 0
      vertex 8 58.9124 0
    endloop
  endfacet
  facet normal -0.442314 -0.89686 0
    outer loop
      vertex 9.23576 58.9934 0
      vertex 9.4 58.9124 8.4
      vertex 9.23576 58.9934 8.4
    endloop
  endfacet
  facet normal -0.442314 -0.89686 -0
    outer loop
      vertex 9.4 58.9124 8.4
      vertex 9.23576 58.9934 0
      vertex 9.4 58.9124 0
    endloop
  endfacet
  facet normal -0.980811 0.194961 0
    outer loop
      vertex 10.0523 57.3377 0
      vertex 10.088 57.5173 8.4
      vertex 10.088 57.5173 0
    endloop
  endfacet
  facet normal -0.980811 0.194961 0
    outer loop
      vertex 10.088 57.5173 8.4
      vertex 10.0523 57.3377 0
      vertex 10.0523 57.3377 8.4
    endloop
  endfacet
  facet normal -0.555406 0.831579 0
    outer loop
      vertex 9.55227 56.5893 0
      vertex 9.4 56.4876 8.4
      vertex 9.55227 56.5893 8.4
    endloop
  endfacet
  facet normal -0.555406 0.831579 0
    outer loop
      vertex 9.4 56.4876 8.4
      vertex 9.55227 56.5893 0
      vertex 9.4 56.4876 0
    endloop
  endfacet
  facet normal 0.751628 -0.659587 0
    outer loop
      vertex 7.5893 58.5523 8.4
      vertex 7.71005 58.6899 0
      vertex 7.71005 58.6899 8.4
    endloop
  endfacet
  facet normal 0.751628 -0.659587 0
    outer loop
      vertex 7.71005 58.6899 0
      vertex 7.5893 58.5523 8.4
      vertex 7.5893 58.5523 0
    endloop
  endfacet
  facet normal -0.946972 0.321316 0
    outer loop
      vertex 9.99343 57.1642 0
      vertex 10.0523 57.3377 8.4
      vertex 10.0523 57.3377 0
    endloop
  endfacet
  facet normal -0.946972 0.321316 0
    outer loop
      vertex 10.0523 57.3377 8.4
      vertex 9.99343 57.1642 0
      vertex 9.99343 57.1642 8.4
    endloop
  endfacet
  facet normal 0.98079 -0.195066 0
    outer loop
      vertex 7.31198 57.8827 8.4
      vertex 7.3477 58.0623 0
      vertex 7.3477 58.0623 8.4
    endloop
  endfacet
  facet normal 0.98079 -0.195066 0
    outer loop
      vertex 7.3477 58.0623 0
      vertex 7.31198 57.8827 8.4
      vertex 7.31198 57.8827 0
    endloop
  endfacet
  facet normal 0.997857 0.0654315 0
    outer loop
      vertex 7.31198 57.5173 8.4
      vertex 7.3 57.7 0
      vertex 7.3 57.7 8.4
    endloop
  endfacet
  facet normal 0.997857 0.0654315 0
    outer loop
      vertex 7.3 57.7 0
      vertex 7.31198 57.5173 8.4
      vertex 7.31198 57.5173 0
    endloop
  endfacet
  facet normal -0.659524 -0.751683 0
    outer loop
      vertex 9.55227 58.8107 0
      vertex 9.68995 58.6899 8.4
      vertex 9.55227 58.8107 8.4
    endloop
  endfacet
  facet normal -0.659524 -0.751683 -0
    outer loop
      vertex 9.68995 58.6899 8.4
      vertex 9.55227 58.8107 0
      vertex 9.68995 58.6899 0
    endloop
  endfacet
  facet normal 0.98079 0.195066 0
    outer loop
      vertex 7.3477 57.3377 8.4
      vertex 7.31198 57.5173 0
      vertex 7.31198 57.5173 8.4
    endloop
  endfacet
  facet normal 0.98079 0.195066 0
    outer loop
      vertex 7.31198 57.5173 0
      vertex 7.3477 57.3377 8.4
      vertex 7.3477 57.3377 0
    endloop
  endfacet
  facet normal -0.831504 0.555519 0
    outer loop
      vertex 9.81069 56.8477 0
      vertex 9.91244 57 8.4
      vertex 9.91244 57 0
    endloop
  endfacet
  facet normal -0.831504 0.555519 0
    outer loop
      vertex 9.91244 57 8.4
      vertex 9.81069 56.8477 0
      vertex 9.81069 56.8477 8.4
    endloop
  endfacet
  facet normal 0.321612 -0.946872 0
    outer loop
      vertex 8.16424 58.9934 0
      vertex 8.33765 59.0523 8.4
      vertex 8.16424 58.9934 8.4
    endloop
  endfacet
  facet normal 0.321612 -0.946872 0
    outer loop
      vertex 8.33765 59.0523 8.4
      vertex 8.16424 58.9934 0
      vertex 8.33765 59.0523 0
    endloop
  endfacet
  facet normal -0.751893 0.659285 0
    outer loop
      vertex 9.68995 56.71 0
      vertex 9.81069 56.8477 8.4
      vertex 9.81069 56.8477 0
    endloop
  endfacet
  facet normal -0.751893 0.659285 0
    outer loop
      vertex 9.81069 56.8477 8.4
      vertex 9.68995 56.71 0
      vertex 9.68995 56.71 8.4
    endloop
  endfacet
  facet normal -0.0655259 -0.997851 0
    outer loop
      vertex 8.7 59.1 0
      vertex 8.88274 59.088 8.4
      vertex 8.7 59.1 8.4
    endloop
  endfacet
  facet normal -0.0655259 -0.997851 -0
    outer loop
      vertex 8.88274 59.088 8.4
      vertex 8.7 59.1 0
      vertex 8.88274 59.088 0
    endloop
  endfacet
  facet normal -0.442314 0.89686 0
    outer loop
      vertex 9.4 56.4876 0
      vertex 9.23576 56.4066 8.4
      vertex 9.4 56.4876 8.4
    endloop
  endfacet
  facet normal -0.442314 0.89686 0
    outer loop
      vertex 9.23576 56.4066 8.4
      vertex 9.4 56.4876 0
      vertex 9.23576 56.4066 0
    endloop
  endfacet
  facet normal 0.659524 -0.751683 0
    outer loop
      vertex 7.71005 58.6899 0
      vertex 7.84773 58.8107 8.4
      vertex 7.71005 58.6899 8.4
    endloop
  endfacet
  facet normal 0.659524 -0.751683 0
    outer loop
      vertex 7.84773 58.8107 8.4
      vertex 7.71005 58.6899 0
      vertex 7.84773 58.8107 0
    endloop
  endfacet
  facet normal -0.99785 0.0655402 0
    outer loop
      vertex 10.088 57.5173 0
      vertex 10.1 57.7 8.4
      vertex 10.1 57.7 0
    endloop
  endfacet
  facet normal -0.99785 0.0655402 0
    outer loop
      vertex 10.1 57.7 8.4
      vertex 10.088 57.5173 0
      vertex 10.088 57.5173 8.4
    endloop
  endfacet
  facet normal 0.896839 0.442357 0
    outer loop
      vertex 7.48756 57 8.4
      vertex 7.40657 57.1642 0
      vertex 7.40657 57.1642 8.4
    endloop
  endfacet
  facet normal 0.896839 0.442357 0
    outer loop
      vertex 7.40657 57.1642 0
      vertex 7.48756 57 8.4
      vertex 7.48756 57 0
    endloop
  endfacet
  facet normal -0.555406 -0.831579 0
    outer loop
      vertex 9.4 58.9124 0
      vertex 9.55227 58.8107 8.4
      vertex 9.4 58.9124 8.4
    endloop
  endfacet
  facet normal -0.555406 -0.831579 -0
    outer loop
      vertex 9.55227 58.8107 8.4
      vertex 9.4 58.9124 0
      vertex 9.55227 58.8107 0
    endloop
  endfacet
  facet normal -0.831504 -0.555519 0
    outer loop
      vertex 9.91244 58.4 0
      vertex 9.81069 58.5523 8.4
      vertex 9.81069 58.5523 0
    endloop
  endfacet
  facet normal -0.831504 -0.555519 0
    outer loop
      vertex 9.81069 58.5523 8.4
      vertex 9.91244 58.4 0
      vertex 9.91244 58.4 8.4
    endloop
  endfacet
  facet normal 0.321612 0.946872 -0
    outer loop
      vertex 8.33765 56.3477 0
      vertex 8.16424 56.4066 8.4
      vertex 8.33765 56.3477 8.4
    endloop
  endfacet
  facet normal 0.321612 0.946872 0
    outer loop
      vertex 8.16424 56.4066 8.4
      vertex 8.33765 56.3477 0
      vertex 8.16424 56.4066 0
    endloop
  endfacet
  facet normal 0.442314 -0.89686 0
    outer loop
      vertex 8 58.9124 0
      vertex 8.16424 58.9934 8.4
      vertex 8 58.9124 8.4
    endloop
  endfacet
  facet normal 0.442314 -0.89686 0
    outer loop
      vertex 8.16424 58.9934 8.4
      vertex 8 58.9124 0
      vertex 8.16424 58.9934 0
    endloop
  endfacet
  facet normal -0.321612 -0.946872 0
    outer loop
      vertex 9.06235 59.0523 0
      vertex 9.23576 58.9934 8.4
      vertex 9.06235 59.0523 8.4
    endloop
  endfacet
  facet normal -0.321612 -0.946872 -0
    outer loop
      vertex 9.23576 58.9934 8.4
      vertex 9.06235 59.0523 0
      vertex 9.23576 58.9934 0
    endloop
  endfacet
  facet normal -0.659216 0.751954 0
    outer loop
      vertex 9.68995 56.71 0
      vertex 9.55227 56.5893 8.4
      vertex 9.68995 56.71 8.4
    endloop
  endfacet
  facet normal -0.659216 0.751954 0
    outer loop
      vertex 9.55227 56.5893 8.4
      vertex 9.68995 56.71 0
      vertex 9.55227 56.5893 0
    endloop
  endfacet
  facet normal -0.896839 -0.442357 0
    outer loop
      vertex 9.99343 58.2358 0
      vertex 9.91244 58.4 8.4
      vertex 9.91244 58.4 0
    endloop
  endfacet
  facet normal -0.896839 -0.442357 0
    outer loop
      vertex 9.91244 58.4 8.4
      vertex 9.99343 58.2358 0
      vertex 9.99343 58.2358 8.4
    endloop
  endfacet
  facet normal 0.751866 0.659316 0
    outer loop
      vertex 7.71005 56.71 8.4
      vertex 7.5893 56.8477 0
      vertex 7.5893 56.8477 8.4
    endloop
  endfacet
  facet normal 0.751866 0.659316 0
    outer loop
      vertex 7.5893 56.8477 0
      vertex 7.71005 56.71 8.4
      vertex 7.71005 56.71 0
    endloop
  endfacet
  facet normal 0.555406 0.831579 -0
    outer loop
      vertex 8 56.4876 0
      vertex 7.84773 56.5893 8.4
      vertex 8 56.4876 8.4
    endloop
  endfacet
  facet normal 0.555406 0.831579 0
    outer loop
      vertex 7.84773 56.5893 8.4
      vertex 8 56.4876 0
      vertex 7.84773 56.5893 0
    endloop
  endfacet
  facet normal 0.659216 0.751954 -0
    outer loop
      vertex 7.84773 56.5893 0
      vertex 7.71005 56.71 8.4
      vertex 7.84773 56.5893 8.4
    endloop
  endfacet
  facet normal 0.659216 0.751954 0
    outer loop
      vertex 7.71005 56.71 8.4
      vertex 7.84773 56.5893 0
      vertex 7.71005 56.71 0
    endloop
  endfacet
  facet normal 0.997857 -0.0654315 0
    outer loop
      vertex 7.3 57.7 8.4
      vertex 7.31198 57.8827 0
      vertex 7.31198 57.8827 8.4
    endloop
  endfacet
  facet normal 0.997857 -0.0654315 0
    outer loop
      vertex 7.31198 57.8827 0
      vertex 7.3 57.7 8.4
      vertex 7.3 57.7 0
    endloop
  endfacet
  facet normal 0.831529 -0.555481 0
    outer loop
      vertex 7.48756 58.4 8.4
      vertex 7.5893 58.5523 0
      vertex 7.5893 58.5523 8.4
    endloop
  endfacet
  facet normal 0.831529 -0.555481 0
    outer loop
      vertex 7.5893 58.5523 0
      vertex 7.48756 58.4 8.4
      vertex 7.48756 58.4 0
    endloop
  endfacet
  facet normal 0.946972 0.321316 0
    outer loop
      vertex 7.40657 57.1642 8.4
      vertex 7.3477 57.3377 0
      vertex 7.3477 57.3377 8.4
    endloop
  endfacet
  facet normal 0.946972 0.321316 0
    outer loop
      vertex 7.3477 57.3377 0
      vertex 7.40657 57.1642 8.4
      vertex 7.40657 57.1642 0
    endloop
  endfacet
  facet normal 0.0655259 -0.997851 0
    outer loop
      vertex 8.51726 59.088 0
      vertex 8.7 59.1 8.4
      vertex 8.51726 59.088 8.4
    endloop
  endfacet
  facet normal 0.0655259 -0.997851 0
    outer loop
      vertex 8.7 59.1 8.4
      vertex 8.51726 59.088 0
      vertex 8.7 59.1 0
    endloop
  endfacet
  facet normal 0.896839 -0.442357 0
    outer loop
      vertex 7.40657 58.2358 8.4
      vertex 7.48756 58.4 0
      vertex 7.48756 58.4 8.4
    endloop
  endfacet
  facet normal 0.896839 -0.442357 0
    outer loop
      vertex 7.48756 58.4 0
      vertex 7.40657 58.2358 8.4
      vertex 7.40657 58.2358 0
    endloop
  endfacet
  facet normal -0.751656 -0.659556 0
    outer loop
      vertex 9.81069 58.5523 0
      vertex 9.68995 58.6899 8.4
      vertex 9.68995 58.6899 0
    endloop
  endfacet
  facet normal -0.751656 -0.659556 0
    outer loop
      vertex 9.68995 58.6899 8.4
      vertex 9.81069 58.5523 0
      vertex 9.81069 58.5523 8.4
    endloop
  endfacet
  facet normal -0.946972 -0.321316 0
    outer loop
      vertex 10.0523 58.0623 0
      vertex 9.99343 58.2358 8.4
      vertex 9.99343 58.2358 0
    endloop
  endfacet
  facet normal -0.946972 -0.321316 0
    outer loop
      vertex 9.99343 58.2358 8.4
      vertex 10.0523 58.0623 0
      vertex 10.0523 58.0623 8.4
    endloop
  endfacet
  facet normal 0.19495 -0.980813 0
    outer loop
      vertex 8.33765 59.0523 0
      vertex 8.51726 59.088 8.4
      vertex 8.33765 59.0523 8.4
    endloop
  endfacet
  facet normal 0.19495 -0.980813 0
    outer loop
      vertex 8.51726 59.088 8.4
      vertex 8.33765 59.0523 0
      vertex 8.51726 59.088 0
    endloop
  endfacet
  facet normal -0.321612 0.946872 0
    outer loop
      vertex 9.23576 56.4066 0
      vertex 9.06235 56.3477 8.4
      vertex 9.23576 56.4066 8.4
    endloop
  endfacet
  facet normal -0.321612 0.946872 0
    outer loop
      vertex 9.06235 56.3477 8.4
      vertex 9.23576 56.4066 0
      vertex 9.06235 56.3477 0
    endloop
  endfacet
  facet normal 0.19495 0.980813 -0
    outer loop
      vertex 8.51726 56.312 0
      vertex 8.33765 56.3477 8.4
      vertex 8.51726 56.312 8.4
    endloop
  endfacet
  facet normal 0.19495 0.980813 0
    outer loop
      vertex 8.33765 56.3477 8.4
      vertex 8.51726 56.312 0
      vertex 8.33765 56.3477 0
    endloop
  endfacet
  facet normal -0.896839 0.442357 0
    outer loop
      vertex 9.91244 57 0
      vertex 9.99343 57.1642 8.4
      vertex 9.99343 57.1642 0
    endloop
  endfacet
  facet normal -0.896839 0.442357 0
    outer loop
      vertex 9.99343 57.1642 8.4
      vertex 9.91244 57 0
      vertex 9.91244 57 8.4
    endloop
  endfacet
  facet normal -0.0655259 0.997851 0
    outer loop
      vertex 8.88274 56.312 0
      vertex 8.7 56.3 8.4
      vertex 8.88274 56.312 8.4
    endloop
  endfacet
  facet normal -0.0655259 0.997851 0
    outer loop
      vertex 8.7 56.3 8.4
      vertex 8.88274 56.312 0
      vertex 8.7 56.3 0
    endloop
  endfacet
  facet normal -0.19495 -0.980813 0
    outer loop
      vertex 8.88274 59.088 0
      vertex 9.06235 59.0523 8.4
      vertex 8.88274 59.088 8.4
    endloop
  endfacet
  facet normal -0.19495 -0.980813 -0
    outer loop
      vertex 9.06235 59.0523 8.4
      vertex 8.88274 59.088 0
      vertex 9.06235 59.0523 0
    endloop
  endfacet
  facet normal 0.442314 0.89686 -0
    outer loop
      vertex 8.16424 56.4066 0
      vertex 8 56.4876 8.4
      vertex 8.16424 56.4066 8.4
    endloop
  endfacet
  facet normal 0.442314 0.89686 0
    outer loop
      vertex 8 56.4876 8.4
      vertex 8.16424 56.4066 0
      vertex 8 56.4876 0
    endloop
  endfacet
  facet normal 0.946972 -0.321316 0
    outer loop
      vertex 7.3477 58.0623 8.4
      vertex 7.40657 58.2358 0
      vertex 7.40657 58.2358 8.4
    endloop
  endfacet
  facet normal 0.946972 -0.321316 0
    outer loop
      vertex 7.40657 58.2358 0
      vertex 7.3477 58.0623 8.4
      vertex 7.3477 58.0623 0
    endloop
  endfacet
  facet normal -0.195066 0.98079 0
    outer loop
      vertex 67.0623 7.3477 0
      vertex 66.8827 7.31198 8.4
      vertex 67.0623 7.3477 8.4
    endloop
  endfacet
  facet normal -0.195066 0.98079 0
    outer loop
      vertex 66.8827 7.31198 8.4
      vertex 67.0623 7.3477 0
      vertex 66.8827 7.31198 0
    endloop
  endfacet
  facet normal -0.980813 -0.19495 0
    outer loop
      vertex 68.088 8.88274 0
      vertex 68.0523 9.06235 8.4
      vertex 68.0523 9.06235 0
    endloop
  endfacet
  facet normal -0.980813 -0.19495 0
    outer loop
      vertex 68.0523 9.06235 8.4
      vertex 68.088 8.88274 0
      vertex 68.088 8.88274 8.4
    endloop
  endfacet
  facet normal -0.997851 -0.0655259 0
    outer loop
      vertex 68.1 8.7 0
      vertex 68.088 8.88274 8.4
      vertex 68.088 8.88274 0
    endloop
  endfacet
  facet normal -0.997851 -0.0655259 0
    outer loop
      vertex 68.088 8.88274 8.4
      vertex 68.1 8.7 0
      vertex 68.1 8.7 8.4
    endloop
  endfacet
  facet normal 0.0654315 0.997857 -0
    outer loop
      vertex 66.7 7.3 0
      vertex 66.5173 7.31198 8.4
      vertex 66.7 7.3 8.4
    endloop
  endfacet
  facet normal 0.0654315 0.997857 0
    outer loop
      vertex 66.5173 7.31198 8.4
      vertex 66.7 7.3 0
      vertex 66.5173 7.31198 0
    endloop
  endfacet
  facet normal 0.831579 0.555406 0
    outer loop
      vertex 65.5893 7.84773 8.4
      vertex 65.4876 8 0
      vertex 65.4876 8 8.4
    endloop
  endfacet
  facet normal 0.831579 0.555406 0
    outer loop
      vertex 65.4876 8 0
      vertex 65.5893 7.84773 8.4
      vertex 65.5893 7.84773 0
    endloop
  endfacet
  facet normal 0.555519 -0.831504 0
    outer loop
      vertex 65.8477 9.81069 0
      vertex 66 9.91244 8.4
      vertex 65.8477 9.81069 8.4
    endloop
  endfacet
  facet normal 0.555519 -0.831504 0
    outer loop
      vertex 66 9.91244 8.4
      vertex 65.8477 9.81069 0
      vertex 66 9.91244 0
    endloop
  endfacet
  facet normal -0.442357 -0.896839 0
    outer loop
      vertex 67.2358 9.99343 0
      vertex 67.4 9.91244 8.4
      vertex 67.2358 9.99343 8.4
    endloop
  endfacet
  facet normal -0.442357 -0.896839 -0
    outer loop
      vertex 67.4 9.91244 8.4
      vertex 67.2358 9.99343 0
      vertex 67.4 9.91244 0
    endloop
  endfacet
  facet normal -0.980813 0.19495 0
    outer loop
      vertex 68.0523 8.33765 0
      vertex 68.088 8.51726 8.4
      vertex 68.088 8.51726 0
    endloop
  endfacet
  facet normal -0.980813 0.19495 0
    outer loop
      vertex 68.088 8.51726 8.4
      vertex 68.0523 8.33765 0
      vertex 68.0523 8.33765 8.4
    endloop
  endfacet
  facet normal -0.555481 0.831529 0
    outer loop
      vertex 67.5523 7.5893 0
      vertex 67.4 7.48756 8.4
      vertex 67.5523 7.5893 8.4
    endloop
  endfacet
  facet normal -0.555481 0.831529 0
    outer loop
      vertex 67.4 7.48756 8.4
      vertex 67.5523 7.5893 0
      vertex 67.4 7.48756 0
    endloop
  endfacet
  facet normal 0.751683 -0.659524 0
    outer loop
      vertex 65.5893 9.55227 8.4
      vertex 65.7101 9.68995 0
      vertex 65.7101 9.68995 8.4
    endloop
  endfacet
  facet normal 0.751683 -0.659524 0
    outer loop
      vertex 65.7101 9.68995 0
      vertex 65.5893 9.55227 8.4
      vertex 65.5893 9.55227 0
    endloop
  endfacet
  facet normal -0.946872 0.321612 0
    outer loop
      vertex 67.9934 8.16424 0
      vertex 68.0523 8.33765 8.4
      vertex 68.0523 8.33765 0
    endloop
  endfacet
  facet normal -0.946872 0.321612 0
    outer loop
      vertex 68.0523 8.33765 8.4
      vertex 67.9934 8.16424 0
      vertex 67.9934 8.16424 8.4
    endloop
  endfacet
  facet normal 0.980813 -0.19495 0
    outer loop
      vertex 65.312 8.88274 8.4
      vertex 65.3477 9.06235 0
      vertex 65.3477 9.06235 8.4
    endloop
  endfacet
  facet normal 0.980813 -0.19495 0
    outer loop
      vertex 65.3477 9.06235 0
      vertex 65.312 8.88274 8.4
      vertex 65.312 8.88274 0
    endloop
  endfacet
  facet normal 0.997851 0.0655259 0
    outer loop
      vertex 65.312 8.51726 8.4
      vertex 65.3 8.7 0
      vertex 65.3 8.7 8.4
    endloop
  endfacet
  facet normal 0.997851 0.0655259 0
    outer loop
      vertex 65.3 8.7 0
      vertex 65.312 8.51726 8.4
      vertex 65.312 8.51726 0
    endloop
  endfacet
  facet normal -0.659556 -0.751656 0
    outer loop
      vertex 67.5523 9.81069 0
      vertex 67.6899 9.68995 8.4
      vertex 67.5523 9.81069 8.4
    endloop
  endfacet
  facet normal -0.659556 -0.751656 -0
    outer loop
      vertex 67.6899 9.68995 8.4
      vertex 67.5523 9.81069 0
      vertex 67.6899 9.68995 0
    endloop
  endfacet
  facet normal 0.980813 0.19495 0
    outer loop
      vertex 65.3477 8.33765 8.4
      vertex 65.312 8.51726 0
      vertex 65.312 8.51726 8.4
    endloop
  endfacet
  facet normal 0.980813 0.19495 0
    outer loop
      vertex 65.312 8.51726 0
      vertex 65.3477 8.33765 8.4
      vertex 65.3477 8.33765 0
    endloop
  endfacet
  facet normal -0.831579 0.555406 0
    outer loop
      vertex 67.8107 7.84773 0
      vertex 67.9124 8 8.4
      vertex 67.9124 8 0
    endloop
  endfacet
  facet normal -0.831579 0.555406 0
    outer loop
      vertex 67.9124 8 8.4
      vertex 67.8107 7.84773 0
      vertex 67.8107 7.84773 8.4
    endloop
  endfacet
  facet normal 0.321316 -0.946972 0
    outer loop
      vertex 66.1642 9.99343 0
      vertex 66.3377 10.0523 8.4
      vertex 66.1642 9.99343 8.4
    endloop
  endfacet
  facet normal 0.321316 -0.946972 0
    outer loop
      vertex 66.3377 10.0523 8.4
      vertex 66.1642 9.99343 0
      vertex 66.3377 10.0523 0
    endloop
  endfacet
  facet normal 0.195066 0.98079 -0
    outer loop
      vertex 66.5173 7.31198 0
      vertex 66.3377 7.3477 8.4
      vertex 66.5173 7.31198 8.4
    endloop
  endfacet
  facet normal 0.195066 0.98079 0
    outer loop
      vertex 66.3377 7.3477 8.4
      vertex 66.5173 7.31198 0
      vertex 66.3377 7.3477 0
    endloop
  endfacet
  facet normal -0.751683 0.659524 0
    outer loop
      vertex 67.6899 7.71005 0
      vertex 67.8107 7.84773 8.4
      vertex 67.8107 7.84773 0
    endloop
  endfacet
  facet normal -0.751683 0.659524 0
    outer loop
      vertex 67.8107 7.84773 8.4
      vertex 67.6899 7.71005 0
      vertex 67.6899 7.71005 8.4
    endloop
  endfacet
  facet normal -0.0655402 -0.99785 0
    outer loop
      vertex 66.7 10.1 0
      vertex 66.8827 10.088 8.4
      vertex 66.7 10.1 8.4
    endloop
  endfacet
  facet normal -0.0655402 -0.99785 -0
    outer loop
      vertex 66.8827 10.088 8.4
      vertex 66.7 10.1 0
      vertex 66.8827 10.088 0
    endloop
  endfacet
  facet normal -0.442357 0.896839 0
    outer loop
      vertex 67.4 7.48756 0
      vertex 67.2358 7.40657 8.4
      vertex 67.4 7.48756 8.4
    endloop
  endfacet
  facet normal -0.442357 0.896839 0
    outer loop
      vertex 67.2358 7.40657 8.4
      vertex 67.4 7.48756 0
      vertex 67.2358 7.40657 0
    endloop
  endfacet
  facet normal 0.659556 -0.751656 0
    outer loop
      vertex 65.7101 9.68995 0
      vertex 65.8477 9.81069 8.4
      vertex 65.7101 9.68995 8.4
    endloop
  endfacet
  facet normal 0.659556 -0.751656 0
    outer loop
      vertex 65.8477 9.81069 8.4
      vertex 65.7101 9.68995 0
      vertex 65.8477 9.81069 0
    endloop
  endfacet
  facet normal -0.997851 0.0655259 0
    outer loop
      vertex 68.088 8.51726 0
      vertex 68.1 8.7 8.4
      vertex 68.1 8.7 0
    endloop
  endfacet
  facet normal -0.997851 0.0655259 0
    outer loop
      vertex 68.1 8.7 8.4
      vertex 68.088 8.51726 0
      vertex 68.088 8.51726 8.4
    endloop
  endfacet
  facet normal 0.89686 0.442314 0
    outer loop
      vertex 65.4876 8 8.4
      vertex 65.4066 8.16424 0
      vertex 65.4066 8.16424 8.4
    endloop
  endfacet
  facet normal 0.89686 0.442314 0
    outer loop
      vertex 65.4066 8.16424 0
      vertex 65.4876 8 8.4
      vertex 65.4876 8 0
    endloop
  endfacet
  facet normal -0.555519 -0.831504 0
    outer loop
      vertex 67.4 9.91244 0
      vertex 67.5523 9.81069 8.4
      vertex 67.4 9.91244 8.4
    endloop
  endfacet
  facet normal -0.555519 -0.831504 -0
    outer loop
      vertex 67.5523 9.81069 8.4
      vertex 67.4 9.91244 0
      vertex 67.5523 9.81069 0
    endloop
  endfacet
  facet normal -0.946872 -0.321612 0
    outer loop
      vertex 68.0523 9.06235 0
      vertex 67.9934 9.23576 8.4
      vertex 67.9934 9.23576 0
    endloop
  endfacet
  facet normal -0.946872 -0.321612 0
    outer loop
      vertex 67.9934 9.23576 8.4
      vertex 68.0523 9.06235 0
      vertex 68.0523 9.06235 8.4
    endloop
  endfacet
  facet normal -0.831579 -0.555406 0
    outer loop
      vertex 67.9124 9.4 0
      vertex 67.8107 9.55227 8.4
      vertex 67.8107 9.55227 0
    endloop
  endfacet
  facet normal -0.831579 -0.555406 0
    outer loop
      vertex 67.8107 9.55227 8.4
      vertex 67.9124 9.4 0
      vertex 67.9124 9.4 8.4
    endloop
  endfacet
  facet normal 0.321316 0.946972 -0
    outer loop
      vertex 66.3377 7.3477 0
      vertex 66.1642 7.40657 8.4
      vertex 66.3377 7.3477 8.4
    endloop
  endfacet
  facet normal 0.321316 0.946972 0
    outer loop
      vertex 66.1642 7.40657 8.4
      vertex 66.3377 7.3477 0
      vertex 66.1642 7.40657 0
    endloop
  endfacet
  facet normal 0.442357 -0.896839 0
    outer loop
      vertex 66 9.91244 0
      vertex 66.1642 9.99343 8.4
      vertex 66 9.91244 8.4
    endloop
  endfacet
  facet normal 0.442357 -0.896839 0
    outer loop
      vertex 66.1642 9.99343 8.4
      vertex 66 9.91244 0
      vertex 66.1642 9.99343 0
    endloop
  endfacet
  facet normal -0.321316 -0.946972 0
    outer loop
      vertex 67.0623 10.0523 0
      vertex 67.2358 9.99343 8.4
      vertex 67.0623 10.0523 8.4
    endloop
  endfacet
  facet normal -0.321316 -0.946972 -0
    outer loop
      vertex 67.2358 9.99343 8.4
      vertex 67.0623 10.0523 0
      vertex 67.2358 9.99343 0
    endloop
  endfacet
  facet normal -0.659587 0.751628 0
    outer loop
      vertex 67.6899 7.71005 0
      vertex 67.5523 7.5893 8.4
      vertex 67.6899 7.71005 8.4
    endloop
  endfacet
  facet normal -0.659587 0.751628 0
    outer loop
      vertex 67.5523 7.5893 8.4
      vertex 67.6899 7.71005 0
      vertex 67.5523 7.5893 0
    endloop
  endfacet
  facet normal -0.89686 -0.442314 0
    outer loop
      vertex 67.9934 9.23576 0
      vertex 67.9124 9.4 8.4
      vertex 67.9124 9.4 0
    endloop
  endfacet
  facet normal -0.89686 -0.442314 0
    outer loop
      vertex 67.9124 9.4 8.4
      vertex 67.9934 9.23576 0
      vertex 67.9934 9.23576 8.4
    endloop
  endfacet
  facet normal 0.751683 0.659524 0
    outer loop
      vertex 65.7101 7.71005 8.4
      vertex 65.5893 7.84773 0
      vertex 65.5893 7.84773 8.4
    endloop
  endfacet
  facet normal 0.751683 0.659524 0
    outer loop
      vertex 65.5893 7.84773 0
      vertex 65.7101 7.71005 8.4
      vertex 65.7101 7.71005 0
    endloop
  endfacet
  facet normal 0.555481 0.831529 -0
    outer loop
      vertex 66 7.48756 0
      vertex 65.8477 7.5893 8.4
      vertex 66 7.48756 8.4
    endloop
  endfacet
  facet normal 0.555481 0.831529 0
    outer loop
      vertex 65.8477 7.5893 8.4
      vertex 66 7.48756 0
      vertex 65.8477 7.5893 0
    endloop
  endfacet
  facet normal 0.659587 0.751628 -0
    outer loop
      vertex 65.8477 7.5893 0
      vertex 65.7101 7.71005 8.4
      vertex 65.8477 7.5893 8.4
    endloop
  endfacet
  facet normal 0.659587 0.751628 0
    outer loop
      vertex 65.7101 7.71005 8.4
      vertex 65.8477 7.5893 0
      vertex 65.7101 7.71005 0
    endloop
  endfacet
  facet normal 0.997851 -0.0655259 0
    outer loop
      vertex 65.3 8.7 8.4
      vertex 65.312 8.88274 0
      vertex 65.312 8.88274 8.4
    endloop
  endfacet
  facet normal 0.997851 -0.0655259 0
    outer loop
      vertex 65.312 8.88274 0
      vertex 65.3 8.7 8.4
      vertex 65.3 8.7 0
    endloop
  endfacet
  facet normal 0.831579 -0.555406 0
    outer loop
      vertex 65.4876 9.4 8.4
      vertex 65.5893 9.55227 0
      vertex 65.5893 9.55227 8.4
    endloop
  endfacet
  facet normal 0.831579 -0.555406 0
    outer loop
      vertex 65.5893 9.55227 0
      vertex 65.4876 9.4 8.4
      vertex 65.4876 9.4 0
    endloop
  endfacet
  facet normal 0.946872 0.321612 0
    outer loop
      vertex 65.4066 8.16424 8.4
      vertex 65.3477 8.33765 0
      vertex 65.3477 8.33765 8.4
    endloop
  endfacet
  facet normal 0.946872 0.321612 0
    outer loop
      vertex 65.3477 8.33765 0
      vertex 65.4066 8.16424 8.4
      vertex 65.4066 8.16424 0
    endloop
  endfacet
  facet normal 0.0655402 -0.99785 0
    outer loop
      vertex 66.5173 10.088 0
      vertex 66.7 10.1 8.4
      vertex 66.5173 10.088 8.4
    endloop
  endfacet
  facet normal 0.0655402 -0.99785 0
    outer loop
      vertex 66.7 10.1 8.4
      vertex 66.5173 10.088 0
      vertex 66.7 10.1 0
    endloop
  endfacet
  facet normal 0.89686 -0.442314 0
    outer loop
      vertex 65.4066 9.23576 8.4
      vertex 65.4876 9.4 0
      vertex 65.4876 9.4 8.4
    endloop
  endfacet
  facet normal 0.89686 -0.442314 0
    outer loop
      vertex 65.4876 9.4 0
      vertex 65.4066 9.23576 8.4
      vertex 65.4066 9.23576 0
    endloop
  endfacet
  facet normal -0.751683 -0.659524 0
    outer loop
      vertex 67.8107 9.55227 0
      vertex 67.6899 9.68995 8.4
      vertex 67.6899 9.68995 0
    endloop
  endfacet
  facet normal -0.751683 -0.659524 0
    outer loop
      vertex 67.6899 9.68995 8.4
      vertex 67.8107 9.55227 0
      vertex 67.8107 9.55227 8.4
    endloop
  endfacet
  facet normal 0.194961 -0.980811 0
    outer loop
      vertex 66.3377 10.0523 0
      vertex 66.5173 10.088 8.4
      vertex 66.3377 10.0523 8.4
    endloop
  endfacet
  facet normal 0.194961 -0.980811 0
    outer loop
      vertex 66.5173 10.088 8.4
      vertex 66.3377 10.0523 0
      vertex 66.5173 10.088 0
    endloop
  endfacet
  facet normal -0.321316 0.946972 0
    outer loop
      vertex 67.2358 7.40657 0
      vertex 67.0623 7.3477 8.4
      vertex 67.2358 7.40657 8.4
    endloop
  endfacet
  facet normal -0.321316 0.946972 0
    outer loop
      vertex 67.0623 7.3477 8.4
      vertex 67.2358 7.40657 0
      vertex 67.0623 7.3477 0
    endloop
  endfacet
  facet normal -0.89686 0.442314 0
    outer loop
      vertex 67.9124 8 0
      vertex 67.9934 8.16424 8.4
      vertex 67.9934 8.16424 0
    endloop
  endfacet
  facet normal -0.89686 0.442314 0
    outer loop
      vertex 67.9934 8.16424 8.4
      vertex 67.9124 8 0
      vertex 67.9124 8 8.4
    endloop
  endfacet
  facet normal -0.0654315 0.997857 0
    outer loop
      vertex 66.8827 7.31198 0
      vertex 66.7 7.3 8.4
      vertex 66.8827 7.31198 8.4
    endloop
  endfacet
  facet normal -0.0654315 0.997857 0
    outer loop
      vertex 66.7 7.3 8.4
      vertex 66.8827 7.31198 0
      vertex 66.7 7.3 0
    endloop
  endfacet
  facet normal -0.194961 -0.980811 0
    outer loop
      vertex 66.8827 10.088 0
      vertex 67.0623 10.0523 8.4
      vertex 66.8827 10.088 8.4
    endloop
  endfacet
  facet normal -0.194961 -0.980811 -0
    outer loop
      vertex 67.0623 10.0523 8.4
      vertex 66.8827 10.088 0
      vertex 67.0623 10.0523 0
    endloop
  endfacet
  facet normal 0.442357 0.896839 -0
    outer loop
      vertex 66.1642 7.40657 0
      vertex 66 7.48756 8.4
      vertex 66.1642 7.40657 8.4
    endloop
  endfacet
  facet normal 0.442357 0.896839 0
    outer loop
      vertex 66 7.48756 8.4
      vertex 66.1642 7.40657 0
      vertex 66 7.48756 0
    endloop
  endfacet
  facet normal 0.946872 -0.321612 0
    outer loop
      vertex 65.3477 9.06235 8.4
      vertex 65.4066 9.23576 0
      vertex 65.4066 9.23576 8.4
    endloop
  endfacet
  facet normal 0.946872 -0.321612 0
    outer loop
      vertex 65.4066 9.23576 0
      vertex 65.3477 9.06235 8.4
      vertex 65.3477 9.06235 0
    endloop
  endfacet
  facet normal -0.194961 0.980811 0
    outer loop
      vertex 67.0623 56.3477 0
      vertex 66.8827 56.312 8.4
      vertex 67.0623 56.3477 8.4
    endloop
  endfacet
  facet normal -0.194961 0.980811 0
    outer loop
      vertex 66.8827 56.312 8.4
      vertex 67.0623 56.3477 0
      vertex 66.8827 56.312 0
    endloop
  endfacet
  facet normal -0.980811 -0.194961 0
    outer loop
      vertex 68.088 57.8827 0
      vertex 68.0523 58.0623 8.4
      vertex 68.0523 58.0623 0
    endloop
  endfacet
  facet normal -0.980811 -0.194961 0
    outer loop
      vertex 68.0523 58.0623 8.4
      vertex 68.088 57.8827 0
      vertex 68.088 57.8827 8.4
    endloop
  endfacet
  facet normal -0.99785 -0.0655402 0
    outer loop
      vertex 68.1 57.7 0
      vertex 68.088 57.8827 8.4
      vertex 68.088 57.8827 0
    endloop
  endfacet
  facet normal -0.99785 -0.0655402 0
    outer loop
      vertex 68.088 57.8827 8.4
      vertex 68.1 57.7 0
      vertex 68.1 57.7 8.4
    endloop
  endfacet
  facet normal 0.0655402 0.99785 -0
    outer loop
      vertex 66.7 56.3 0
      vertex 66.5173 56.312 8.4
      vertex 66.7 56.3 8.4
    endloop
  endfacet
  facet normal 0.0655402 0.99785 0
    outer loop
      vertex 66.5173 56.312 8.4
      vertex 66.7 56.3 0
      vertex 66.5173 56.312 0
    endloop
  endfacet
  facet normal 0.83163 0.55533 0
    outer loop
      vertex 65.5893 56.8477 8.4
      vertex 65.4876 57 0
      vertex 65.4876 57 8.4
    endloop
  endfacet
  facet normal 0.83163 0.55533 0
    outer loop
      vertex 65.4876 57 0
      vertex 65.5893 56.8477 8.4
      vertex 65.5893 56.8477 0
    endloop
  endfacet
  facet normal 0.55533 -0.83163 0
    outer loop
      vertex 65.8477 58.8107 0
      vertex 66 58.9124 8.4
      vertex 65.8477 58.8107 8.4
    endloop
  endfacet
  facet normal 0.55533 -0.83163 0
    outer loop
      vertex 66 58.9124 8.4
      vertex 65.8477 58.8107 0
      vertex 66 58.9124 0
    endloop
  endfacet
  facet normal -0.442401 -0.896817 0
    outer loop
      vertex 67.2358 58.9934 0
      vertex 67.4 58.9124 8.4
      vertex 67.2358 58.9934 8.4
    endloop
  endfacet
  facet normal -0.442401 -0.896817 -0
    outer loop
      vertex 67.4 58.9124 8.4
      vertex 67.2358 58.9934 0
      vertex 67.4 58.9124 0
    endloop
  endfacet
  facet normal -0.980811 0.194961 0
    outer loop
      vertex 68.0523 57.3377 0
      vertex 68.088 57.5173 8.4
      vertex 68.088 57.5173 0
    endloop
  endfacet
  facet normal -0.980811 0.194961 0
    outer loop
      vertex 68.088 57.5173 8.4
      vertex 68.0523 57.3377 0
      vertex 68.0523 57.3377 8.4
    endloop
  endfacet
  facet normal -0.55533 0.83163 0
    outer loop
      vertex 67.5523 56.5893 0
      vertex 67.4 56.4876 8.4
      vertex 67.5523 56.5893 8.4
    endloop
  endfacet
  facet normal -0.55533 0.83163 0
    outer loop
      vertex 67.4 56.4876 8.4
      vertex 67.5523 56.5893 0
      vertex 67.4 56.4876 0
    endloop
  endfacet
  facet normal 0.751493 -0.659741 0
    outer loop
      vertex 65.5893 58.5523 8.4
      vertex 65.7101 58.6899 0
      vertex 65.7101 58.6899 8.4
    endloop
  endfacet
  facet normal 0.751493 -0.659741 0
    outer loop
      vertex 65.7101 58.6899 0
      vertex 65.5893 58.5523 8.4
      vertex 65.5893 58.5523 0
    endloop
  endfacet
  facet normal -0.946922 0.321462 0
    outer loop
      vertex 67.9934 57.1642 0
      vertex 68.0523 57.3377 8.4
      vertex 68.0523 57.3377 0
    endloop
  endfacet
  facet normal -0.946922 0.321462 0
    outer loop
      vertex 68.0523 57.3377 8.4
      vertex 67.9934 57.1642 0
      vertex 67.9934 57.1642 8.4
    endloop
  endfacet
  facet normal 0.980811 -0.194961 0
    outer loop
      vertex 65.312 57.8827 8.4
      vertex 65.3477 58.0623 0
      vertex 65.3477 58.0623 8.4
    endloop
  endfacet
  facet normal 0.980811 -0.194961 0
    outer loop
      vertex 65.3477 58.0623 0
      vertex 65.312 57.8827 8.4
      vertex 65.312 57.8827 0
    endloop
  endfacet
  facet normal 0.99785 0.0655402 0
    outer loop
      vertex 65.312 57.5173 8.4
      vertex 65.3 57.7 0
      vertex 65.3 57.7 8.4
    endloop
  endfacet
  facet normal 0.99785 0.0655402 0
    outer loop
      vertex 65.3 57.7 0
      vertex 65.312 57.5173 8.4
      vertex 65.312 57.5173 0
    endloop
  endfacet
  facet normal -0.659741 -0.751493 0
    outer loop
      vertex 67.5523 58.8107 0
      vertex 67.6899 58.6899 8.4
      vertex 67.5523 58.8107 8.4
    endloop
  endfacet
  facet normal -0.659741 -0.751493 -0
    outer loop
      vertex 67.6899 58.6899 8.4
      vertex 67.5523 58.8107 0
      vertex 67.6899 58.6899 0
    endloop
  endfacet
  facet normal 0.980811 0.194961 0
    outer loop
      vertex 65.3477 57.3377 8.4
      vertex 65.312 57.5173 0
      vertex 65.312 57.5173 8.4
    endloop
  endfacet
  facet normal 0.980811 0.194961 0
    outer loop
      vertex 65.312 57.5173 0
      vertex 65.3477 57.3377 8.4
      vertex 65.3477 57.3377 0
    endloop
  endfacet
  facet normal -0.83163 0.55533 0
    outer loop
      vertex 67.8107 56.8477 0
      vertex 67.9124 57 8.4
      vertex 67.9124 57 0
    endloop
  endfacet
  facet normal -0.83163 0.55533 0
    outer loop
      vertex 67.9124 57 8.4
      vertex 67.8107 56.8477 0
      vertex 67.8107 56.8477 8.4
    endloop
  endfacet
  facet normal 0.321462 -0.946922 0
    outer loop
      vertex 66.1642 58.9934 0
      vertex 66.3377 59.0523 8.4
      vertex 66.1642 58.9934 8.4
    endloop
  endfacet
  facet normal 0.321462 -0.946922 0
    outer loop
      vertex 66.3377 59.0523 8.4
      vertex 66.1642 58.9934 0
      vertex 66.3377 59.0523 0
    endloop
  endfacet
  facet normal -0.751731 0.65947 0
    outer loop
      vertex 67.6899 56.71 0
      vertex 67.8107 56.8477 8.4
      vertex 67.8107 56.8477 0
    endloop
  endfacet
  facet normal -0.751731 0.65947 0
    outer loop
      vertex 67.8107 56.8477 8.4
      vertex 67.6899 56.71 0
      vertex 67.6899 56.71 8.4
    endloop
  endfacet
  facet normal -0.0655402 -0.99785 0
    outer loop
      vertex 66.7 59.1 0
      vertex 66.8827 59.088 8.4
      vertex 66.7 59.1 8.4
    endloop
  endfacet
  facet normal -0.0655402 -0.99785 -0
    outer loop
      vertex 66.8827 59.088 8.4
      vertex 66.7 59.1 0
      vertex 66.8827 59.088 0
    endloop
  endfacet
  facet normal -0.442401 0.896817 0
    outer loop
      vertex 67.4 56.4876 0
      vertex 67.2358 56.4066 8.4
      vertex 67.4 56.4876 8.4
    endloop
  endfacet
  facet normal -0.442401 0.896817 0
    outer loop
      vertex 67.2358 56.4066 8.4
      vertex 67.4 56.4876 0
      vertex 67.2358 56.4066 0
    endloop
  endfacet
  facet normal 0.659741 -0.751493 0
    outer loop
      vertex 65.7101 58.6899 0
      vertex 65.8477 58.8107 8.4
      vertex 65.7101 58.6899 8.4
    endloop
  endfacet
  facet normal 0.659741 -0.751493 0
    outer loop
      vertex 65.8477 58.8107 8.4
      vertex 65.7101 58.6899 0
      vertex 65.8477 58.8107 0
    endloop
  endfacet
  facet normal -0.99785 0.0655402 0
    outer loop
      vertex 68.088 57.5173 0
      vertex 68.1 57.7 8.4
      vertex 68.1 57.7 0
    endloop
  endfacet
  facet normal -0.99785 0.0655402 0
    outer loop
      vertex 68.1 57.7 8.4
      vertex 68.088 57.5173 0
      vertex 68.088 57.5173 8.4
    endloop
  endfacet
  facet normal 0.896817 0.442401 0
    outer loop
      vertex 65.4876 57 8.4
      vertex 65.4066 57.1642 0
      vertex 65.4066 57.1642 8.4
    endloop
  endfacet
  facet normal 0.896817 0.442401 0
    outer loop
      vertex 65.4066 57.1642 0
      vertex 65.4876 57 8.4
      vertex 65.4876 57 0
    endloop
  endfacet
  facet normal -0.55533 -0.83163 0
    outer loop
      vertex 67.4 58.9124 0
      vertex 67.5523 58.8107 8.4
      vertex 67.4 58.9124 8.4
    endloop
  endfacet
  facet normal -0.55533 -0.83163 -0
    outer loop
      vertex 67.5523 58.8107 8.4
      vertex 67.4 58.9124 0
      vertex 67.5523 58.8107 0
    endloop
  endfacet
  facet normal -0.946922 -0.321462 0
    outer loop
      vertex 68.0523 58.0623 0
      vertex 67.9934 58.2358 8.4
      vertex 67.9934 58.2358 0
    endloop
  endfacet
  facet normal -0.946922 -0.321462 0
    outer loop
      vertex 67.9934 58.2358 8.4
      vertex 68.0523 58.0623 0
      vertex 68.0523 58.0623 8.4
    endloop
  endfacet
  facet normal -0.83163 -0.55533 0
    outer loop
      vertex 67.9124 58.4 0
      vertex 67.8107 58.5523 8.4
      vertex 67.8107 58.5523 0
    endloop
  endfacet
  facet normal -0.83163 -0.55533 0
    outer loop
      vertex 67.8107 58.5523 8.4
      vertex 67.9124 58.4 0
      vertex 67.9124 58.4 8.4
    endloop
  endfacet
  facet normal 0.321462 0.946922 -0
    outer loop
      vertex 66.3377 56.3477 0
      vertex 66.1642 56.4066 8.4
      vertex 66.3377 56.3477 8.4
    endloop
  endfacet
  facet normal 0.321462 0.946922 0
    outer loop
      vertex 66.1642 56.4066 8.4
      vertex 66.3377 56.3477 0
      vertex 66.1642 56.4066 0
    endloop
  endfacet
  facet normal 0.442401 -0.896817 0
    outer loop
      vertex 66 58.9124 0
      vertex 66.1642 58.9934 8.4
      vertex 66 58.9124 8.4
    endloop
  endfacet
  facet normal 0.442401 -0.896817 0
    outer loop
      vertex 66.1642 58.9934 8.4
      vertex 66 58.9124 0
      vertex 66.1642 58.9934 0
    endloop
  endfacet
  facet normal -0.321462 -0.946922 0
    outer loop
      vertex 67.0623 59.0523 0
      vertex 67.2358 58.9934 8.4
      vertex 67.0623 59.0523 8.4
    endloop
  endfacet
  facet normal -0.321462 -0.946922 -0
    outer loop
      vertex 67.2358 58.9934 8.4
      vertex 67.0623 59.0523 0
      vertex 67.2358 58.9934 0
    endloop
  endfacet
  facet normal -0.659432 0.751764 0
    outer loop
      vertex 67.6899 56.71 0
      vertex 67.5523 56.5893 8.4
      vertex 67.6899 56.71 8.4
    endloop
  endfacet
  facet normal -0.659432 0.751764 0
    outer loop
      vertex 67.5523 56.5893 8.4
      vertex 67.6899 56.71 0
      vertex 67.5523 56.5893 0
    endloop
  endfacet
  facet normal -0.896817 -0.442401 0
    outer loop
      vertex 67.9934 58.2358 0
      vertex 67.9124 58.4 8.4
      vertex 67.9124 58.4 0
    endloop
  endfacet
  facet normal -0.896817 -0.442401 0
    outer loop
      vertex 67.9124 58.4 8.4
      vertex 67.9934 58.2358 0
      vertex 67.9934 58.2358 8.4
    endloop
  endfacet
  facet normal 0.751731 0.65947 0
    outer loop
      vertex 65.7101 56.71 8.4
      vertex 65.5893 56.8477 0
      vertex 65.5893 56.8477 8.4
    endloop
  endfacet
  facet normal 0.751731 0.65947 0
    outer loop
      vertex 65.5893 56.8477 0
      vertex 65.7101 56.71 8.4
      vertex 65.7101 56.71 0
    endloop
  endfacet
  facet normal 0.55533 0.83163 -0
    outer loop
      vertex 66 56.4876 0
      vertex 65.8477 56.5893 8.4
      vertex 66 56.4876 8.4
    endloop
  endfacet
  facet normal 0.55533 0.83163 0
    outer loop
      vertex 65.8477 56.5893 8.4
      vertex 66 56.4876 0
      vertex 65.8477 56.5893 0
    endloop
  endfacet
  facet normal 0.659432 0.751764 -0
    outer loop
      vertex 65.8477 56.5893 0
      vertex 65.7101 56.71 8.4
      vertex 65.8477 56.5893 8.4
    endloop
  endfacet
  facet normal 0.659432 0.751764 0
    outer loop
      vertex 65.7101 56.71 8.4
      vertex 65.8477 56.5893 0
      vertex 65.7101 56.71 0
    endloop
  endfacet
  facet normal 0.99785 -0.0655402 0
    outer loop
      vertex 65.3 57.7 8.4
      vertex 65.312 57.8827 0
      vertex 65.312 57.8827 8.4
    endloop
  endfacet
  facet normal 0.99785 -0.0655402 0
    outer loop
      vertex 65.312 57.8827 0
      vertex 65.3 57.7 8.4
      vertex 65.3 57.7 0
    endloop
  endfacet
  facet normal 0.83163 -0.55533 0
    outer loop
      vertex 65.4876 58.4 8.4
      vertex 65.5893 58.5523 0
      vertex 65.5893 58.5523 8.4
    endloop
  endfacet
  facet normal 0.83163 -0.55533 0
    outer loop
      vertex 65.5893 58.5523 0
      vertex 65.4876 58.4 8.4
      vertex 65.4876 58.4 0
    endloop
  endfacet
  facet normal 0.946922 0.321462 0
    outer loop
      vertex 65.4066 57.1642 8.4
      vertex 65.3477 57.3377 0
      vertex 65.3477 57.3377 8.4
    endloop
  endfacet
  facet normal 0.946922 0.321462 0
    outer loop
      vertex 65.3477 57.3377 0
      vertex 65.4066 57.1642 8.4
      vertex 65.4066 57.1642 0
    endloop
  endfacet
  facet normal 0.0655402 -0.99785 0
    outer loop
      vertex 66.5173 59.088 0
      vertex 66.7 59.1 8.4
      vertex 66.5173 59.088 8.4
    endloop
  endfacet
  facet normal 0.0655402 -0.99785 0
    outer loop
      vertex 66.7 59.1 8.4
      vertex 66.5173 59.088 0
      vertex 66.7 59.1 0
    endloop
  endfacet
  facet normal 0.896817 -0.442401 0
    outer loop
      vertex 65.4066 58.2358 8.4
      vertex 65.4876 58.4 0
      vertex 65.4876 58.4 8.4
    endloop
  endfacet
  facet normal 0.896817 -0.442401 0
    outer loop
      vertex 65.4876 58.4 0
      vertex 65.4066 58.2358 8.4
      vertex 65.4066 58.2358 0
    endloop
  endfacet
  facet normal -0.751493 -0.659741 0
    outer loop
      vertex 67.8107 58.5523 0
      vertex 67.6899 58.6899 8.4
      vertex 67.6899 58.6899 0
    endloop
  endfacet
  facet normal -0.751493 -0.659741 0
    outer loop
      vertex 67.6899 58.6899 8.4
      vertex 67.8107 58.5523 0
      vertex 67.8107 58.5523 8.4
    endloop
  endfacet
  facet normal 0.194961 -0.980811 0
    outer loop
      vertex 66.3377 59.0523 0
      vertex 66.5173 59.088 8.4
      vertex 66.3377 59.0523 8.4
    endloop
  endfacet
  facet normal 0.194961 -0.980811 0
    outer loop
      vertex 66.5173 59.088 8.4
      vertex 66.3377 59.0523 0
      vertex 66.5173 59.088 0
    endloop
  endfacet
  facet normal -0.321462 0.946922 0
    outer loop
      vertex 67.2358 56.4066 0
      vertex 67.0623 56.3477 8.4
      vertex 67.2358 56.4066 8.4
    endloop
  endfacet
  facet normal -0.321462 0.946922 0
    outer loop
      vertex 67.0623 56.3477 8.4
      vertex 67.2358 56.4066 0
      vertex 67.0623 56.3477 0
    endloop
  endfacet
  facet normal 0.194961 0.980811 -0
    outer loop
      vertex 66.5173 56.312 0
      vertex 66.3377 56.3477 8.4
      vertex 66.5173 56.312 8.4
    endloop
  endfacet
  facet normal 0.194961 0.980811 0
    outer loop
      vertex 66.3377 56.3477 8.4
      vertex 66.5173 56.312 0
      vertex 66.3377 56.3477 0
    endloop
  endfacet
  facet normal -0.896817 0.442401 0
    outer loop
      vertex 67.9124 57 0
      vertex 67.9934 57.1642 8.4
      vertex 67.9934 57.1642 0
    endloop
  endfacet
  facet normal -0.896817 0.442401 0
    outer loop
      vertex 67.9934 57.1642 8.4
      vertex 67.9124 57 0
      vertex 67.9124 57 8.4
    endloop
  endfacet
  facet normal -0.0655402 0.99785 0
    outer loop
      vertex 66.8827 56.312 0
      vertex 66.7 56.3 8.4
      vertex 66.8827 56.312 8.4
    endloop
  endfacet
  facet normal -0.0655402 0.99785 0
    outer loop
      vertex 66.7 56.3 8.4
      vertex 66.8827 56.312 0
      vertex 66.7 56.3 0
    endloop
  endfacet
  facet normal -0.194961 -0.980811 0
    outer loop
      vertex 66.8827 59.088 0
      vertex 67.0623 59.0523 8.4
      vertex 66.8827 59.088 8.4
    endloop
  endfacet
  facet normal -0.194961 -0.980811 -0
    outer loop
      vertex 67.0623 59.0523 8.4
      vertex 66.8827 59.088 0
      vertex 67.0623 59.0523 0
    endloop
  endfacet
  facet normal 0.442401 0.896817 -0
    outer loop
      vertex 66.1642 56.4066 0
      vertex 66 56.4876 8.4
      vertex 66.1642 56.4066 8.4
    endloop
  endfacet
  facet normal 0.442401 0.896817 0
    outer loop
      vertex 66 56.4876 8.4
      vertex 66.1642 56.4066 0
      vertex 66 56.4876 0
    endloop
  endfacet
  facet normal 0.946922 -0.321462 0
    outer loop
      vertex 65.3477 58.0623 8.4
      vertex 65.4066 58.2358 0
      vertex 65.4066 58.2358 8.4
    endloop
  endfacet
  facet normal 0.946922 -0.321462 0
    outer loop
      vertex 65.4066 58.2358 0
      vertex 65.3477 58.0623 8.4
      vertex 65.3477 58.0623 0
    endloop
  endfacet
endsolid OpenSCAD_Model
