solid OpenSCAD_Model
  facet normal -0.442673 0.896683 0
    outer loop
      vertex 9.1 17.9608 0
      vertex 8.95922 17.8913 3
      vertex 9.1 17.9608 3
    endloop
  endfacet
  facet normal -0.442673 0.896683 0
    outer loop
      vertex 8.95922 17.8913 3
      vertex 9.1 17.9608 0
      vertex 8.95922 17.8913 0
    endloop
  endfacet
  facet normal -0.980801 -0.195014 0
    outer loop
      vertex 9.68973 19.1566 0
      vertex 9.65911 19.3106 3
      vertex 9.65911 19.3106 0
    endloop
  endfacet
  facet normal -0.980801 -0.195014 0
    outer loop
      vertex 9.65911 19.3106 3
      vertex 9.68973 19.1566 0
      vertex 9.68973 19.1566 3
    endloop
  endfacet
  facet normal -0.997856 -0.0654405 0
    outer loop
      vertex 9.7 19 0
      vertex 9.68973 19.1566 3
      vertex 9.68973 19.1566 0
    endloop
  endfacet
  facet normal -0.997856 -0.0654405 0
    outer loop
      vertex 9.68973 19.1566 3
      vertex 9.7 19 0
      vertex 9.7 19 3
    endloop
  endfacet
  facet normal -0.946897 -0.321537 0
    outer loop
      vertex 9.65911 19.3106 0
      vertex 9.60865 19.4592 3
      vertex 9.60865 19.4592 0
    endloop
  endfacet
  facet normal -0.946897 -0.321537 0
    outer loop
      vertex 9.60865 19.4592 3
      vertex 9.65911 19.3106 0
      vertex 9.65911 19.3106 3
    endloop
  endfacet
  facet normal -0.321117 -0.94704 0
    outer loop
      vertex 8.81058 20.1591 0
      vertex 8.95922 20.1087 3
      vertex 8.81058 20.1591 3
    endloop
  endfacet
  facet normal -0.321117 -0.94704 -0
    outer loop
      vertex 8.95922 20.1087 3
      vertex 8.81058 20.1591 0
      vertex 8.95922 20.1087 0
    endloop
  endfacet
  facet normal -0.555553 0.831481 0
    outer loop
      vertex 9.23051 18.048 0
      vertex 9.1 17.9608 3
      vertex 9.23051 18.048 3
    endloop
  endfacet
  facet normal -0.555553 0.831481 0
    outer loop
      vertex 9.1 17.9608 3
      vertex 9.23051 18.048 0
      vertex 9.1 17.9608 0
    endloop
  endfacet
  facet normal -0.321117 0.94704 0
    outer loop
      vertex 8.95922 17.8913 0
      vertex 8.81058 17.8409 3
      vertex 8.95922 17.8913 3
    endloop
  endfacet
  facet normal -0.321117 0.94704 0
    outer loop
      vertex 8.81058 17.8409 3
      vertex 8.95922 17.8913 0
      vertex 8.81058 17.8409 0
    endloop
  endfacet
  facet normal 0.946916 -0.32148 0
    outer loop
      vertex 7.34089 19.3106 3
      vertex 7.39134 19.4592 0
      vertex 7.39134 19.4592 3
    endloop
  endfacet
  facet normal 0.946916 -0.32148 0
    outer loop
      vertex 7.39134 19.4592 0
      vertex 7.34089 19.3106 3
      vertex 7.34089 19.3106 0
    endloop
  endfacet
  facet normal -0.89691 -0.442212 0
    outer loop
      vertex 9.60865 19.4592 0
      vertex 9.53923 19.6 3
      vertex 9.53923 19.6 0
    endloop
  endfacet
  facet normal -0.89691 -0.442212 0
    outer loop
      vertex 9.53923 19.6 3
      vertex 9.60865 19.4592 0
      vertex 9.60865 19.4592 3
    endloop
  endfacet
  facet normal -0.751818 0.65937 0
    outer loop
      vertex 9.34853 18.1515 0
      vertex 9.45202 18.2695 3
      vertex 9.45202 18.2695 0
    endloop
  endfacet
  facet normal -0.751818 0.65937 0
    outer loop
      vertex 9.45202 18.2695 3
      vertex 9.34853 18.1515 0
      vertex 9.34853 18.1515 3
    endloop
  endfacet
  facet normal -0.946897 0.321537 0
    outer loop
      vertex 9.60865 18.5408 0
      vertex 9.65911 18.6894 3
      vertex 9.65911 18.6894 0
    endloop
  endfacet
  facet normal -0.946897 0.321537 0
    outer loop
      vertex 9.65911 18.6894 3
      vertex 9.60865 18.5408 0
      vertex 9.60865 18.5408 3
    endloop
  endfacet
  facet normal 0.751818 0.65937 0
    outer loop
      vertex 7.65147 18.1515 3
      vertex 7.54798 18.2695 0
      vertex 7.54798 18.2695 3
    endloop
  endfacet
  facet normal 0.751818 0.65937 0
    outer loop
      vertex 7.54798 18.2695 0
      vertex 7.65147 18.1515 3
      vertex 7.65147 18.1515 0
    endloop
  endfacet
  facet normal 0.751818 -0.65937 0
    outer loop
      vertex 7.54798 19.7305 3
      vertex 7.65147 19.8485 0
      vertex 7.65147 19.8485 3
    endloop
  endfacet
  facet normal 0.751818 -0.65937 0
    outer loop
      vertex 7.65147 19.8485 0
      vertex 7.54798 19.7305 3
      vertex 7.54798 19.7305 0
    endloop
  endfacet
  facet normal -0.89691 0.442212 0
    outer loop
      vertex 9.53923 18.4 0
      vertex 9.60865 18.5408 3
      vertex 9.60865 18.5408 0
    endloop
  endfacet
  facet normal -0.89691 0.442212 0
    outer loop
      vertex 9.60865 18.5408 3
      vertex 9.53923 18.4 0
      vertex 9.53923 18.4 3
    endloop
  endfacet
  facet normal 0.980801 -0.195014 0
    outer loop
      vertex 7.31027 19.1566 3
      vertex 7.34089 19.3106 0
      vertex 7.34089 19.3106 3
    endloop
  endfacet
  facet normal 0.980801 -0.195014 0
    outer loop
      vertex 7.34089 19.3106 0
      vertex 7.31027 19.1566 3
      vertex 7.31027 19.1566 0
    endloop
  endfacet
  facet normal 0.442673 -0.896683 0
    outer loop
      vertex 7.9 20.0392 0
      vertex 8.04078 20.1087 3
      vertex 7.9 20.0392 3
    endloop
  endfacet
  facet normal 0.442673 -0.896683 0
    outer loop
      vertex 8.04078 20.1087 3
      vertex 7.9 20.0392 0
      vertex 8.04078 20.1087 0
    endloop
  endfacet
  facet normal -0.555553 -0.831481 0
    outer loop
      vertex 9.1 20.0392 0
      vertex 9.23051 19.952 3
      vertex 9.1 20.0392 3
    endloop
  endfacet
  facet normal -0.555553 -0.831481 -0
    outer loop
      vertex 9.23051 19.952 3
      vertex 9.1 20.0392 0
      vertex 9.23051 19.952 0
    endloop
  endfacet
  facet normal -0.0656183 -0.997845 0
    outer loop
      vertex 8.5 20.2 0
      vertex 8.65663 20.1897 3
      vertex 8.5 20.2 3
    endloop
  endfacet
  facet normal -0.0656183 -0.997845 -0
    outer loop
      vertex 8.65663 20.1897 3
      vertex 8.5 20.2 0
      vertex 8.65663 20.1897 0
    endloop
  endfacet
  facet normal -0.194952 0.980813 0
    outer loop
      vertex 8.81058 17.8409 0
      vertex 8.65663 17.8103 3
      vertex 8.81058 17.8409 3
    endloop
  endfacet
  facet normal -0.194952 0.980813 0
    outer loop
      vertex 8.65663 17.8103 3
      vertex 8.81058 17.8409 0
      vertex 8.65663 17.8103 0
    endloop
  endfacet
  facet normal 0.194952 -0.980813 0
    outer loop
      vertex 8.18942 20.1591 0
      vertex 8.34337 20.1897 3
      vertex 8.18942 20.1591 3
    endloop
  endfacet
  facet normal 0.194952 -0.980813 0
    outer loop
      vertex 8.34337 20.1897 3
      vertex 8.18942 20.1591 0
      vertex 8.34337 20.1897 0
    endloop
  endfacet
  facet normal -0.751818 -0.65937 0
    outer loop
      vertex 9.45202 19.7305 0
      vertex 9.34853 19.8485 3
      vertex 9.34853 19.8485 0
    endloop
  endfacet
  facet normal -0.751818 -0.65937 0
    outer loop
      vertex 9.34853 19.8485 3
      vertex 9.45202 19.7305 0
      vertex 9.45202 19.7305 3
    endloop
  endfacet
  facet normal -0.442673 -0.896683 0
    outer loop
      vertex 8.95922 20.1087 0
      vertex 9.1 20.0392 3
      vertex 8.95922 20.1087 3
    endloop
  endfacet
  facet normal -0.442673 -0.896683 -0
    outer loop
      vertex 9.1 20.0392 3
      vertex 8.95922 20.1087 0
      vertex 9.1 20.0392 0
    endloop
  endfacet
  facet normal 0.555553 -0.831481 0
    outer loop
      vertex 7.76949 19.952 0
      vertex 7.9 20.0392 3
      vertex 7.76949 19.952 3
    endloop
  endfacet
  facet normal 0.555553 -0.831481 0
    outer loop
      vertex 7.9 20.0392 3
      vertex 7.76949 19.952 0
      vertex 7.9 20.0392 0
    endloop
  endfacet
  facet normal -0.659343 -0.751842 0
    outer loop
      vertex 9.23051 19.952 0
      vertex 9.34853 19.8485 3
      vertex 9.23051 19.952 3
    endloop
  endfacet
  facet normal -0.659343 -0.751842 -0
    outer loop
      vertex 9.34853 19.8485 3
      vertex 9.23051 19.952 0
      vertex 9.34853 19.8485 0
    endloop
  endfacet
  facet normal -0.980801 0.195014 0
    outer loop
      vertex 9.65911 18.6894 0
      vertex 9.68973 18.8434 3
      vertex 9.68973 18.8434 0
    endloop
  endfacet
  facet normal -0.980801 0.195014 0
    outer loop
      vertex 9.68973 18.8434 3
      vertex 9.65911 18.6894 0
      vertex 9.65911 18.6894 3
    endloop
  endfacet
  facet normal -0.831432 -0.555626 0
    outer loop
      vertex 9.53923 19.6 0
      vertex 9.45202 19.7305 3
      vertex 9.45202 19.7305 0
    endloop
  endfacet
  facet normal -0.831432 -0.555626 0
    outer loop
      vertex 9.45202 19.7305 3
      vertex 9.53923 19.6 0
      vertex 9.53923 19.6 3
    endloop
  endfacet
  facet normal -0.997856 0.0654405 0
    outer loop
      vertex 9.68973 18.8434 0
      vertex 9.7 19 3
      vertex 9.7 19 0
    endloop
  endfacet
  facet normal -0.997856 0.0654405 0
    outer loop
      vertex 9.7 19 3
      vertex 9.68973 18.8434 0
      vertex 9.68973 18.8434 3
    endloop
  endfacet
  facet normal 0.321117 0.94704 -0
    outer loop
      vertex 8.18942 17.8409 0
      vertex 8.04078 17.8913 3
      vertex 8.18942 17.8409 3
    endloop
  endfacet
  facet normal 0.321117 0.94704 0
    outer loop
      vertex 8.04078 17.8913 3
      vertex 8.18942 17.8409 0
      vertex 8.04078 17.8913 0
    endloop
  endfacet
  facet normal -0.659343 0.751842 0
    outer loop
      vertex 9.34853 18.1515 0
      vertex 9.23051 18.048 3
      vertex 9.34853 18.1515 3
    endloop
  endfacet
  facet normal -0.659343 0.751842 0
    outer loop
      vertex 9.23051 18.048 3
      vertex 9.34853 18.1515 0
      vertex 9.23051 18.048 0
    endloop
  endfacet
  facet normal 0.659343 -0.751842 0
    outer loop
      vertex 7.65147 19.8485 0
      vertex 7.76949 19.952 3
      vertex 7.65147 19.8485 3
    endloop
  endfacet
  facet normal 0.659343 -0.751842 0
    outer loop
      vertex 7.76949 19.952 3
      vertex 7.65147 19.8485 0
      vertex 7.76949 19.952 0
    endloop
  endfacet
  facet normal 0.831432 0.555626 0
    outer loop
      vertex 7.54798 18.2695 3
      vertex 7.46077 18.4 0
      vertex 7.46077 18.4 3
    endloop
  endfacet
  facet normal 0.831432 0.555626 0
    outer loop
      vertex 7.46077 18.4 0
      vertex 7.54798 18.2695 3
      vertex 7.54798 18.2695 0
    endloop
  endfacet
  facet normal 0.555553 0.831481 -0
    outer loop
      vertex 7.9 17.9608 0
      vertex 7.76949 18.048 3
      vertex 7.9 17.9608 3
    endloop
  endfacet
  facet normal 0.555553 0.831481 0
    outer loop
      vertex 7.76949 18.048 3
      vertex 7.9 17.9608 0
      vertex 7.76949 18.048 0
    endloop
  endfacet
  facet normal 0.997856 0.0654405 0
    outer loop
      vertex 7.31027 18.8434 3
      vertex 7.3 19 0
      vertex 7.3 19 3
    endloop
  endfacet
  facet normal 0.997856 0.0654405 0
    outer loop
      vertex 7.3 19 0
      vertex 7.31027 18.8434 3
      vertex 7.31027 18.8434 0
    endloop
  endfacet
  facet normal 0.896885 -0.442264 0
    outer loop
      vertex 7.39134 19.4592 3
      vertex 7.46077 19.6 0
      vertex 7.46077 19.6 3
    endloop
  endfacet
  facet normal 0.896885 -0.442264 0
    outer loop
      vertex 7.46077 19.6 0
      vertex 7.39134 19.4592 3
      vertex 7.39134 19.4592 0
    endloop
  endfacet
  facet normal -0.831432 0.555626 0
    outer loop
      vertex 9.45202 18.2695 0
      vertex 9.53923 18.4 3
      vertex 9.53923 18.4 0
    endloop
  endfacet
  facet normal -0.831432 0.555626 0
    outer loop
      vertex 9.53923 18.4 3
      vertex 9.45202 18.2695 0
      vertex 9.45202 18.2695 3
    endloop
  endfacet
  facet normal 0.997856 -0.0654405 0
    outer loop
      vertex 7.3 19 3
      vertex 7.31027 19.1566 0
      vertex 7.31027 19.1566 3
    endloop
  endfacet
  facet normal 0.997856 -0.0654405 0
    outer loop
      vertex 7.31027 19.1566 0
      vertex 7.3 19 3
      vertex 7.3 19 0
    endloop
  endfacet
  facet normal -0.194952 -0.980813 0
    outer loop
      vertex 8.65663 20.1897 0
      vertex 8.81058 20.1591 3
      vertex 8.65663 20.1897 3
    endloop
  endfacet
  facet normal -0.194952 -0.980813 -0
    outer loop
      vertex 8.81058 20.1591 3
      vertex 8.65663 20.1897 0
      vertex 8.81058 20.1591 0
    endloop
  endfacet
  facet normal 0.442673 0.896683 -0
    outer loop
      vertex 8.04078 17.8913 0
      vertex 7.9 17.9608 3
      vertex 8.04078 17.8913 3
    endloop
  endfacet
  facet normal 0.442673 0.896683 0
    outer loop
      vertex 7.9 17.9608 3
      vertex 8.04078 17.8913 0
      vertex 7.9 17.9608 0
    endloop
  endfacet
  facet normal 0.0656183 -0.997845 0
    outer loop
      vertex 8.34337 20.1897 0
      vertex 8.5 20.2 3
      vertex 8.34337 20.1897 3
    endloop
  endfacet
  facet normal 0.0656183 -0.997845 0
    outer loop
      vertex 8.5 20.2 3
      vertex 8.34337 20.1897 0
      vertex 8.5 20.2 0
    endloop
  endfacet
  facet normal 0.321117 -0.94704 0
    outer loop
      vertex 8.04078 20.1087 0
      vertex 8.18942 20.1591 3
      vertex 8.04078 20.1087 3
    endloop
  endfacet
  facet normal 0.321117 -0.94704 0
    outer loop
      vertex 8.18942 20.1591 3
      vertex 8.04078 20.1087 0
      vertex 8.18942 20.1591 0
    endloop
  endfacet
  facet normal -0.0656183 0.997845 0
    outer loop
      vertex 8.65663 17.8103 0
      vertex 8.5 17.8 3
      vertex 8.65663 17.8103 3
    endloop
  endfacet
  facet normal -0.0656183 0.997845 0
    outer loop
      vertex 8.5 17.8 3
      vertex 8.65663 17.8103 0
      vertex 8.5 17.8 0
    endloop
  endfacet
  facet normal 0.980801 0.195014 0
    outer loop
      vertex 7.34089 18.6894 3
      vertex 7.31027 18.8434 0
      vertex 7.31027 18.8434 3
    endloop
  endfacet
  facet normal 0.980801 0.195014 0
    outer loop
      vertex 7.31027 18.8434 0
      vertex 7.34089 18.6894 3
      vertex 7.34089 18.6894 0
    endloop
  endfacet
  facet normal 0.896885 0.442264 0
    outer loop
      vertex 7.46077 18.4 3
      vertex 7.39134 18.5408 0
      vertex 7.39134 18.5408 3
    endloop
  endfacet
  facet normal 0.896885 0.442264 0
    outer loop
      vertex 7.39134 18.5408 0
      vertex 7.46077 18.4 3
      vertex 7.46077 18.4 0
    endloop
  endfacet
  facet normal 0.946916 0.32148 0
    outer loop
      vertex 7.39134 18.5408 3
      vertex 7.34089 18.6894 0
      vertex 7.34089 18.6894 3
    endloop
  endfacet
  facet normal 0.946916 0.32148 0
    outer loop
      vertex 7.34089 18.6894 0
      vertex 7.39134 18.5408 3
      vertex 7.39134 18.5408 0
    endloop
  endfacet
  facet normal 0.194952 0.980813 -0
    outer loop
      vertex 8.34337 17.8103 0
      vertex 8.18942 17.8409 3
      vertex 8.34337 17.8103 3
    endloop
  endfacet
  facet normal 0.194952 0.980813 0
    outer loop
      vertex 8.18942 17.8409 3
      vertex 8.34337 17.8103 0
      vertex 8.18942 17.8409 0
    endloop
  endfacet
  facet normal 0.0656183 0.997845 -0
    outer loop
      vertex 8.5 17.8 0
      vertex 8.34337 17.8103 3
      vertex 8.5 17.8 3
    endloop
  endfacet
  facet normal 0.0656183 0.997845 0
    outer loop
      vertex 8.34337 17.8103 3
      vertex 8.5 17.8 0
      vertex 8.34337 17.8103 0
    endloop
  endfacet
  facet normal 0.659343 0.751842 -0
    outer loop
      vertex 7.76949 18.048 0
      vertex 7.65147 18.1515 3
      vertex 7.76949 18.048 3
    endloop
  endfacet
  facet normal 0.659343 0.751842 0
    outer loop
      vertex 7.65147 18.1515 3
      vertex 7.76949 18.048 0
      vertex 7.65147 18.1515 0
    endloop
  endfacet
  facet normal 0.831432 -0.555626 0
    outer loop
      vertex 7.46077 19.6 3
      vertex 7.54798 19.7305 0
      vertex 7.54798 19.7305 3
    endloop
  endfacet
  facet normal 0.831432 -0.555626 0
    outer loop
      vertex 7.54798 19.7305 0
      vertex 7.46077 19.6 3
      vertex 7.46077 19.6 0
    endloop
  endfacet
  facet normal -0.442622 0.896708 0
    outer loop
      vertex 30.1 17.9608 0
      vertex 29.9592 17.8913 3
      vertex 30.1 17.9608 3
    endloop
  endfacet
  facet normal -0.442622 0.896708 0
    outer loop
      vertex 29.9592 17.8913 3
      vertex 30.1 17.9608 0
      vertex 29.9592 17.8913 0
    endloop
  endfacet
  facet normal -0.980825 -0.194891 0
    outer loop
      vertex 30.6897 19.1566 0
      vertex 30.6591 19.3106 3
      vertex 30.6591 19.3106 0
    endloop
  endfacet
  facet normal -0.980825 -0.194891 0
    outer loop
      vertex 30.6591 19.3106 3
      vertex 30.6897 19.1566 0
      vertex 30.6897 19.1566 3
    endloop
  endfacet
  facet normal -0.997844 -0.0656309 0
    outer loop
      vertex 30.7 19 0
      vertex 30.6897 19.1566 3
      vertex 30.6897 19.1566 0
    endloop
  endfacet
  facet normal -0.997844 -0.0656309 0
    outer loop
      vertex 30.6897 19.1566 3
      vertex 30.7 19 0
      vertex 30.7 19 3
    endloop
  endfacet
  facet normal -0.947013 -0.321194 0
    outer loop
      vertex 30.6591 19.3106 0
      vertex 30.6087 19.4592 3
      vertex 30.6087 19.4592 0
    endloop
  endfacet
  facet normal -0.947013 -0.321194 0
    outer loop
      vertex 30.6087 19.4592 3
      vertex 30.6591 19.3106 0
      vertex 30.6591 19.3106 3
    endloop
  endfacet
  facet normal -0.321194 -0.947013 0
    outer loop
      vertex 29.8106 20.1591 0
      vertex 29.9592 20.1087 3
      vertex 29.8106 20.1591 3
    endloop
  endfacet
  facet normal -0.321194 -0.947013 -0
    outer loop
      vertex 29.9592 20.1087 3
      vertex 29.8106 20.1591 0
      vertex 29.9592 20.1087 0
    endloop
  endfacet
  facet normal -0.555582 0.831462 0
    outer loop
      vertex 30.2305 18.048 0
      vertex 30.1 17.9608 3
      vertex 30.2305 18.048 3
    endloop
  endfacet
  facet normal -0.555582 0.831462 0
    outer loop
      vertex 30.1 17.9608 3
      vertex 30.2305 18.048 0
      vertex 30.1 17.9608 0
    endloop
  endfacet
  facet normal -0.321194 0.947013 0
    outer loop
      vertex 29.9592 17.8913 0
      vertex 29.8106 17.8409 3
      vertex 29.9592 17.8913 3
    endloop
  endfacet
  facet normal -0.321194 0.947013 0
    outer loop
      vertex 29.8106 17.8409 3
      vertex 29.9592 17.8913 0
      vertex 29.8106 17.8409 0
    endloop
  endfacet
  facet normal 0.947013 -0.321194 0
    outer loop
      vertex 28.3409 19.3106 3
      vertex 28.3913 19.4592 0
      vertex 28.3913 19.4592 3
    endloop
  endfacet
  facet normal 0.947013 -0.321194 0
    outer loop
      vertex 28.3913 19.4592 0
      vertex 28.3409 19.3106 3
      vertex 28.3409 19.3106 0
    endloop
  endfacet
  facet normal -0.896708 -0.442622 0
    outer loop
      vertex 30.6087 19.4592 0
      vertex 30.5392 19.6 3
      vertex 30.5392 19.6 0
    endloop
  endfacet
  facet normal -0.896708 -0.442622 0
    outer loop
      vertex 30.5392 19.6 3
      vertex 30.6087 19.4592 0
      vertex 30.6087 19.4592 3
    endloop
  endfacet
  facet normal -0.751787 0.659406 0
    outer loop
      vertex 30.3485 18.1515 0
      vertex 30.452 18.2695 3
      vertex 30.452 18.2695 0
    endloop
  endfacet
  facet normal -0.751787 0.659406 0
    outer loop
      vertex 30.452 18.2695 3
      vertex 30.3485 18.1515 0
      vertex 30.3485 18.1515 3
    endloop
  endfacet
  facet normal -0.947013 0.321194 0
    outer loop
      vertex 30.6087 18.5408 0
      vertex 30.6591 18.6894 3
      vertex 30.6591 18.6894 0
    endloop
  endfacet
  facet normal -0.947013 0.321194 0
    outer loop
      vertex 30.6591 18.6894 3
      vertex 30.6087 18.5408 0
      vertex 30.6087 18.5408 3
    endloop
  endfacet
  facet normal 0.751787 0.659406 0
    outer loop
      vertex 28.6515 18.1515 3
      vertex 28.548 18.2695 0
      vertex 28.548 18.2695 3
    endloop
  endfacet
  facet normal 0.751787 0.659406 0
    outer loop
      vertex 28.548 18.2695 0
      vertex 28.6515 18.1515 3
      vertex 28.6515 18.1515 0
    endloop
  endfacet
  facet normal -0.659406 0.751787 0
    outer loop
      vertex 30.3485 18.1515 0
      vertex 30.2305 18.048 3
      vertex 30.3485 18.1515 3
    endloop
  endfacet
  facet normal -0.659406 0.751787 0
    outer loop
      vertex 30.2305 18.048 3
      vertex 30.3485 18.1515 0
      vertex 30.2305 18.048 0
    endloop
  endfacet
  facet normal 0.751787 -0.659406 0
    outer loop
      vertex 28.548 19.7305 3
      vertex 28.6515 19.8485 0
      vertex 28.6515 19.8485 3
    endloop
  endfacet
  facet normal 0.751787 -0.659406 0
    outer loop
      vertex 28.6515 19.8485 0
      vertex 28.548 19.7305 3
      vertex 28.548 19.7305 0
    endloop
  endfacet
  facet normal -0.896708 0.442622 0
    outer loop
      vertex 30.5392 18.4 0
      vertex 30.6087 18.5408 3
      vertex 30.6087 18.5408 0
    endloop
  endfacet
  facet normal -0.896708 0.442622 0
    outer loop
      vertex 30.6087 18.5408 3
      vertex 30.5392 18.4 0
      vertex 30.5392 18.4 3
    endloop
  endfacet
  facet normal 0.980825 -0.194891 0
    outer loop
      vertex 28.3103 19.1566 3
      vertex 28.3409 19.3106 0
      vertex 28.3409 19.3106 3
    endloop
  endfacet
  facet normal 0.980825 -0.194891 0
    outer loop
      vertex 28.3409 19.3106 0
      vertex 28.3103 19.1566 3
      vertex 28.3103 19.1566 0
    endloop
  endfacet
  facet normal 0.442622 -0.896708 0
    outer loop
      vertex 28.9 20.0392 0
      vertex 29.0408 20.1087 3
      vertex 28.9 20.0392 3
    endloop
  endfacet
  facet normal 0.442622 -0.896708 0
    outer loop
      vertex 29.0408 20.1087 3
      vertex 28.9 20.0392 0
      vertex 29.0408 20.1087 0
    endloop
  endfacet
  facet normal -0.555582 -0.831462 0
    outer loop
      vertex 30.1 20.0392 0
      vertex 30.2305 19.952 3
      vertex 30.1 20.0392 3
    endloop
  endfacet
  facet normal -0.555582 -0.831462 -0
    outer loop
      vertex 30.2305 19.952 3
      vertex 30.1 20.0392 0
      vertex 30.2305 19.952 0
    endloop
  endfacet
  facet normal -0.0656309 -0.997844 0
    outer loop
      vertex 29.5 20.2 0
      vertex 29.6566 20.1897 3
      vertex 29.5 20.2 3
    endloop
  endfacet
  facet normal -0.0656309 -0.997844 -0
    outer loop
      vertex 29.6566 20.1897 3
      vertex 29.5 20.2 0
      vertex 29.6566 20.1897 0
    endloop
  endfacet
  facet normal -0.194891 0.980825 0
    outer loop
      vertex 29.8106 17.8409 0
      vertex 29.6566 17.8103 3
      vertex 29.8106 17.8409 3
    endloop
  endfacet
  facet normal -0.194891 0.980825 0
    outer loop
      vertex 29.6566 17.8103 3
      vertex 29.8106 17.8409 0
      vertex 29.6566 17.8103 0
    endloop
  endfacet
  facet normal 0.194891 -0.980825 0
    outer loop
      vertex 29.1894 20.1591 0
      vertex 29.3434 20.1897 3
      vertex 29.1894 20.1591 3
    endloop
  endfacet
  facet normal 0.194891 -0.980825 0
    outer loop
      vertex 29.3434 20.1897 3
      vertex 29.1894 20.1591 0
      vertex 29.3434 20.1897 0
    endloop
  endfacet
  facet normal -0.751787 -0.659406 0
    outer loop
      vertex 30.452 19.7305 0
      vertex 30.3485 19.8485 3
      vertex 30.3485 19.8485 0
    endloop
  endfacet
  facet normal -0.751787 -0.659406 0
    outer loop
      vertex 30.3485 19.8485 3
      vertex 30.452 19.7305 0
      vertex 30.452 19.7305 3
    endloop
  endfacet
  facet normal -0.442622 -0.896708 0
    outer loop
      vertex 29.9592 20.1087 0
      vertex 30.1 20.0392 3
      vertex 29.9592 20.1087 3
    endloop
  endfacet
  facet normal -0.442622 -0.896708 -0
    outer loop
      vertex 30.1 20.0392 3
      vertex 29.9592 20.1087 0
      vertex 30.1 20.0392 0
    endloop
  endfacet
  facet normal 0.555582 -0.831462 0
    outer loop
      vertex 28.7695 19.952 0
      vertex 28.9 20.0392 3
      vertex 28.7695 19.952 3
    endloop
  endfacet
  facet normal 0.555582 -0.831462 0
    outer loop
      vertex 28.9 20.0392 3
      vertex 28.7695 19.952 0
      vertex 28.9 20.0392 0
    endloop
  endfacet
  facet normal -0.659406 -0.751787 0
    outer loop
      vertex 30.2305 19.952 0
      vertex 30.3485 19.8485 3
      vertex 30.2305 19.952 3
    endloop
  endfacet
  facet normal -0.659406 -0.751787 -0
    outer loop
      vertex 30.3485 19.8485 3
      vertex 30.2305 19.952 0
      vertex 30.3485 19.8485 0
    endloop
  endfacet
  facet normal -0.980825 0.194891 0
    outer loop
      vertex 30.6591 18.6894 0
      vertex 30.6897 18.8434 3
      vertex 30.6897 18.8434 0
    endloop
  endfacet
  facet normal -0.980825 0.194891 0
    outer loop
      vertex 30.6897 18.8434 3
      vertex 30.6591 18.6894 0
      vertex 30.6591 18.6894 3
    endloop
  endfacet
  facet normal -0.831462 -0.555582 0
    outer loop
      vertex 30.5392 19.6 0
      vertex 30.452 19.7305 3
      vertex 30.452 19.7305 0
    endloop
  endfacet
  facet normal -0.831462 -0.555582 0
    outer loop
      vertex 30.452 19.7305 3
      vertex 30.5392 19.6 0
      vertex 30.5392 19.6 3
    endloop
  endfacet
  facet normal -0.997844 0.0656309 0
    outer loop
      vertex 30.6897 18.8434 0
      vertex 30.7 19 3
      vertex 30.7 19 0
    endloop
  endfacet
  facet normal -0.997844 0.0656309 0
    outer loop
      vertex 30.7 19 3
      vertex 30.6897 18.8434 0
      vertex 30.6897 18.8434 3
    endloop
  endfacet
  facet normal 0.321194 0.947013 -0
    outer loop
      vertex 29.1894 17.8409 0
      vertex 29.0408 17.8913 3
      vertex 29.1894 17.8409 3
    endloop
  endfacet
  facet normal 0.321194 0.947013 0
    outer loop
      vertex 29.0408 17.8913 3
      vertex 29.1894 17.8409 0
      vertex 29.0408 17.8913 0
    endloop
  endfacet
  facet normal 0.659406 -0.751787 0
    outer loop
      vertex 28.6515 19.8485 0
      vertex 28.7695 19.952 3
      vertex 28.6515 19.8485 3
    endloop
  endfacet
  facet normal 0.659406 -0.751787 0
    outer loop
      vertex 28.7695 19.952 3
      vertex 28.6515 19.8485 0
      vertex 28.7695 19.952 0
    endloop
  endfacet
  facet normal 0.831462 0.555582 0
    outer loop
      vertex 28.548 18.2695 3
      vertex 28.4608 18.4 0
      vertex 28.4608 18.4 3
    endloop
  endfacet
  facet normal 0.831462 0.555582 0
    outer loop
      vertex 28.4608 18.4 0
      vertex 28.548 18.2695 3
      vertex 28.548 18.2695 0
    endloop
  endfacet
  facet normal 0.555582 0.831462 -0
    outer loop
      vertex 28.9 17.9608 0
      vertex 28.7695 18.048 3
      vertex 28.9 17.9608 3
    endloop
  endfacet
  facet normal 0.555582 0.831462 0
    outer loop
      vertex 28.7695 18.048 3
      vertex 28.9 17.9608 0
      vertex 28.7695 18.048 0
    endloop
  endfacet
  facet normal 0.997844 0.0656309 0
    outer loop
      vertex 28.3103 18.8434 3
      vertex 28.3 19 0
      vertex 28.3 19 3
    endloop
  endfacet
  facet normal 0.997844 0.0656309 0
    outer loop
      vertex 28.3 19 0
      vertex 28.3103 18.8434 3
      vertex 28.3103 18.8434 0
    endloop
  endfacet
  facet normal 0.896708 -0.442622 0
    outer loop
      vertex 28.3913 19.4592 3
      vertex 28.4608 19.6 0
      vertex 28.4608 19.6 3
    endloop
  endfacet
  facet normal 0.896708 -0.442622 0
    outer loop
      vertex 28.4608 19.6 0
      vertex 28.3913 19.4592 3
      vertex 28.3913 19.4592 0
    endloop
  endfacet
  facet normal -0.831462 0.555582 0
    outer loop
      vertex 30.452 18.2695 0
      vertex 30.5392 18.4 3
      vertex 30.5392 18.4 0
    endloop
  endfacet
  facet normal -0.831462 0.555582 0
    outer loop
      vertex 30.5392 18.4 3
      vertex 30.452 18.2695 0
      vertex 30.452 18.2695 3
    endloop
  endfacet
  facet normal 0.997844 -0.0656309 0
    outer loop
      vertex 28.3 19 3
      vertex 28.3103 19.1566 0
      vertex 28.3103 19.1566 3
    endloop
  endfacet
  facet normal 0.997844 -0.0656309 0
    outer loop
      vertex 28.3103 19.1566 0
      vertex 28.3 19 3
      vertex 28.3 19 0
    endloop
  endfacet
  facet normal -0.194891 -0.980825 0
    outer loop
      vertex 29.6566 20.1897 0
      vertex 29.8106 20.1591 3
      vertex 29.6566 20.1897 3
    endloop
  endfacet
  facet normal -0.194891 -0.980825 -0
    outer loop
      vertex 29.8106 20.1591 3
      vertex 29.6566 20.1897 0
      vertex 29.8106 20.1591 0
    endloop
  endfacet
  facet normal 0.442622 0.896708 -0
    outer loop
      vertex 29.0408 17.8913 0
      vertex 28.9 17.9608 3
      vertex 29.0408 17.8913 3
    endloop
  endfacet
  facet normal 0.442622 0.896708 0
    outer loop
      vertex 28.9 17.9608 3
      vertex 29.0408 17.8913 0
      vertex 28.9 17.9608 0
    endloop
  endfacet
  facet normal 0.321194 -0.947013 0
    outer loop
      vertex 29.0408 20.1087 0
      vertex 29.1894 20.1591 3
      vertex 29.0408 20.1087 3
    endloop
  endfacet
  facet normal 0.321194 -0.947013 0
    outer loop
      vertex 29.1894 20.1591 3
      vertex 29.0408 20.1087 0
      vertex 29.1894 20.1591 0
    endloop
  endfacet
  facet normal -0.0656309 0.997844 0
    outer loop
      vertex 29.6566 17.8103 0
      vertex 29.5 17.8 3
      vertex 29.6566 17.8103 3
    endloop
  endfacet
  facet normal -0.0656309 0.997844 0
    outer loop
      vertex 29.5 17.8 3
      vertex 29.6566 17.8103 0
      vertex 29.5 17.8 0
    endloop
  endfacet
  facet normal 0.980825 0.194891 0
    outer loop
      vertex 28.3409 18.6894 3
      vertex 28.3103 18.8434 0
      vertex 28.3103 18.8434 3
    endloop
  endfacet
  facet normal 0.980825 0.194891 0
    outer loop
      vertex 28.3103 18.8434 0
      vertex 28.3409 18.6894 3
      vertex 28.3409 18.6894 0
    endloop
  endfacet
  facet normal 0.896708 0.442622 0
    outer loop
      vertex 28.4608 18.4 3
      vertex 28.3913 18.5408 0
      vertex 28.3913 18.5408 3
    endloop
  endfacet
  facet normal 0.896708 0.442622 0
    outer loop
      vertex 28.3913 18.5408 0
      vertex 28.4608 18.4 3
      vertex 28.4608 18.4 0
    endloop
  endfacet
  facet normal 0.947013 0.321194 0
    outer loop
      vertex 28.3913 18.5408 3
      vertex 28.3409 18.6894 0
      vertex 28.3409 18.6894 3
    endloop
  endfacet
  facet normal 0.947013 0.321194 0
    outer loop
      vertex 28.3409 18.6894 0
      vertex 28.3913 18.5408 3
      vertex 28.3913 18.5408 0
    endloop
  endfacet
  facet normal 0.0656309 -0.997844 0
    outer loop
      vertex 29.3434 20.1897 0
      vertex 29.5 20.2 3
      vertex 29.3434 20.1897 3
    endloop
  endfacet
  facet normal 0.0656309 -0.997844 0
    outer loop
      vertex 29.5 20.2 3
      vertex 29.3434 20.1897 0
      vertex 29.5 20.2 0
    endloop
  endfacet
  facet normal 0.194891 0.980825 -0
    outer loop
      vertex 29.3434 17.8103 0
      vertex 29.1894 17.8409 3
      vertex 29.3434 17.8103 3
    endloop
  endfacet
  facet normal 0.194891 0.980825 0
    outer loop
      vertex 29.1894 17.8409 3
      vertex 29.3434 17.8103 0
      vertex 29.1894 17.8409 0
    endloop
  endfacet
  facet normal 0.0656309 0.997844 -0
    outer loop
      vertex 29.5 17.8 0
      vertex 29.3434 17.8103 3
      vertex 29.5 17.8 3
    endloop
  endfacet
  facet normal 0.0656309 0.997844 0
    outer loop
      vertex 29.3434 17.8103 3
      vertex 29.5 17.8 0
      vertex 29.3434 17.8103 0
    endloop
  endfacet
  facet normal 0.659406 0.751787 -0
    outer loop
      vertex 28.7695 18.048 0
      vertex 28.6515 18.1515 3
      vertex 28.7695 18.048 3
    endloop
  endfacet
  facet normal 0.659406 0.751787 0
    outer loop
      vertex 28.6515 18.1515 3
      vertex 28.7695 18.048 0
      vertex 28.6515 18.1515 0
    endloop
  endfacet
  facet normal 0.831462 -0.555582 0
    outer loop
      vertex 28.4608 19.6 3
      vertex 28.548 19.7305 0
      vertex 28.548 19.7305 3
    endloop
  endfacet
  facet normal 0.831462 -0.555582 0
    outer loop
      vertex 28.548 19.7305 0
      vertex 28.4608 19.6 3
      vertex 28.4608 19.6 0
    endloop
  endfacet
  facet normal -0.980819 -0.194922 0
    outer loop
      vertex 14.5863 24.2088 0
      vertex 14.5455 24.4141 3
      vertex 14.5455 24.4141 0
    endloop
  endfacet
  facet normal -0.980819 -0.194922 0
    outer loop
      vertex 14.5455 24.4141 3
      vertex 14.5863 24.2088 0
      vertex 14.5863 24.2088 3
    endloop
  endfacet
  facet normal -0.997854 -0.0654722 0
    outer loop
      vertex 14.6 24 0
      vertex 14.5863 24.2088 3
      vertex 14.5863 24.2088 0
    endloop
  endfacet
  facet normal -0.997854 -0.0654722 0
    outer loop
      vertex 14.5863 24.2088 3
      vertex 14.6 24 0
      vertex 14.6 24 3
    endloop
  endfacet
  facet normal -0.946901 -0.321526 0
    outer loop
      vertex 14.5455 24.4141 0
      vertex 14.4782 24.6123 3
      vertex 14.4782 24.6123 0
    endloop
  endfacet
  facet normal -0.946901 -0.321526 0
    outer loop
      vertex 14.4782 24.6123 3
      vertex 14.5455 24.4141 0
      vertex 14.5455 24.4141 3
    endloop
  endfacet
  facet normal -0.831609 -0.555362 0
    outer loop
      vertex 14.3856 24.8 0
      vertex 14.2694 24.974 3
      vertex 14.2694 24.974 0
    endloop
  endfacet
  facet normal -0.831609 -0.555362 0
    outer loop
      vertex 14.2694 24.974 3
      vertex 14.3856 24.8 0
      vertex 14.3856 24.8 3
    endloop
  endfacet
  facet normal 0.946901 0.321526 0
    outer loop
      vertex 11.5218 23.3877 3
      vertex 11.4545 23.5859 0
      vertex 11.4545 23.5859 3
    endloop
  endfacet
  facet normal 0.946901 0.321526 0
    outer loop
      vertex 11.4545 23.5859 0
      vertex 11.5218 23.3877 3
      vertex 11.5218 23.3877 0
    endloop
  endfacet
  facet normal -0.555362 -0.831609 0
    outer loop
      vertex 13.8 25.3856 0
      vertex 13.974 25.2694 3
      vertex 13.8 25.3856 3
    endloop
  endfacet
  facet normal -0.555362 -0.831609 -0
    outer loop
      vertex 13.974 25.2694 3
      vertex 13.8 25.3856 0
      vertex 13.974 25.2694 0
    endloop
  endfacet
  facet normal -0.980819 0.194922 0
    outer loop
      vertex 14.5455 23.5859 0
      vertex 14.5863 23.7912 3
      vertex 14.5863 23.7912 0
    endloop
  endfacet
  facet normal -0.980819 0.194922 0
    outer loop
      vertex 14.5863 23.7912 3
      vertex 14.5455 23.5859 0
      vertex 14.5455 23.5859 3
    endloop
  endfacet
  facet normal 0.555362 -0.831609 0
    outer loop
      vertex 12.026 25.2694 0
      vertex 12.2 25.3856 3
      vertex 12.026 25.2694 3
    endloop
  endfacet
  facet normal 0.555362 -0.831609 0
    outer loop
      vertex 12.2 25.3856 3
      vertex 12.026 25.2694 0
      vertex 12.2 25.3856 0
    endloop
  endfacet
  facet normal -0.321526 -0.946901 0
    outer loop
      vertex 13.4141 25.5455 0
      vertex 13.6123 25.4782 3
      vertex 13.4141 25.5455 3
    endloop
  endfacet
  facet normal -0.321526 -0.946901 -0
    outer loop
      vertex 13.6123 25.4782 3
      vertex 13.4141 25.5455 0
      vertex 13.6123 25.4782 0
    endloop
  endfacet
  facet normal -0.946901 0.321526 0
    outer loop
      vertex 14.4782 23.3877 0
      vertex 14.5455 23.5859 3
      vertex 14.5455 23.5859 0
    endloop
  endfacet
  facet normal -0.946901 0.321526 0
    outer loop
      vertex 14.5455 23.5859 3
      vertex 14.4782 23.3877 0
      vertex 14.4782 23.3877 3
    endloop
  endfacet
  facet normal -0.442429 0.896803 0
    outer loop
      vertex 13.8 22.6144 0
      vertex 13.6123 22.5218 3
      vertex 13.8 22.6144 3
    endloop
  endfacet
  facet normal -0.442429 0.896803 0
    outer loop
      vertex 13.6123 22.5218 3
      vertex 13.8 22.6144 0
      vertex 13.6123 22.5218 0
    endloop
  endfacet
  facet normal 0.659248 -0.751925 0
    outer loop
      vertex 11.8686 25.1314 0
      vertex 12.026 25.2694 3
      vertex 11.8686 25.1314 3
    endloop
  endfacet
  facet normal 0.659248 -0.751925 0
    outer loop
      vertex 12.026 25.2694 3
      vertex 11.8686 25.1314 0
      vertex 12.026 25.2694 0
    endloop
  endfacet
  facet normal -0.896803 -0.442429 0
    outer loop
      vertex 14.4782 24.6123 0
      vertex 14.3856 24.8 3
      vertex 14.3856 24.8 0
    endloop
  endfacet
  facet normal -0.896803 -0.442429 0
    outer loop
      vertex 14.3856 24.8 3
      vertex 14.4782 24.6123 0
      vertex 14.4782 24.6123 3
    endloop
  endfacet
  facet normal 0.194922 -0.980819 0
    outer loop
      vertex 12.5859 25.5455 0
      vertex 12.7912 25.5863 3
      vertex 12.5859 25.5455 3
    endloop
  endfacet
  facet normal 0.194922 -0.980819 0
    outer loop
      vertex 12.7912 25.5863 3
      vertex 12.5859 25.5455 0
      vertex 12.7912 25.5863 0
    endloop
  endfacet
  facet normal -0.831609 0.555362 0
    outer loop
      vertex 14.2694 23.026 0
      vertex 14.3856 23.2 3
      vertex 14.3856 23.2 0
    endloop
  endfacet
  facet normal -0.831609 0.555362 0
    outer loop
      vertex 14.3856 23.2 3
      vertex 14.2694 23.026 0
      vertex 14.2694 23.026 3
    endloop
  endfacet
  facet normal -0.0654722 0.997854 0
    outer loop
      vertex 13.2088 22.4137 0
      vertex 13 22.4 3
      vertex 13.2088 22.4137 3
    endloop
  endfacet
  facet normal -0.0654722 0.997854 0
    outer loop
      vertex 13 22.4 3
      vertex 13.2088 22.4137 0
      vertex 13 22.4 0
    endloop
  endfacet
  facet normal 0.896803 0.442429 0
    outer loop
      vertex 11.6144 23.2 3
      vertex 11.5218 23.3877 0
      vertex 11.5218 23.3877 3
    endloop
  endfacet
  facet normal 0.896803 0.442429 0
    outer loop
      vertex 11.5218 23.3877 0
      vertex 11.6144 23.2 3
      vertex 11.6144 23.2 0
    endloop
  endfacet
  facet normal -0.442429 -0.896803 0
    outer loop
      vertex 13.6123 25.4782 0
      vertex 13.8 25.3856 3
      vertex 13.6123 25.4782 3
    endloop
  endfacet
  facet normal -0.442429 -0.896803 -0
    outer loop
      vertex 13.8 25.3856 3
      vertex 13.6123 25.4782 0
      vertex 13.8 25.3856 0
    endloop
  endfacet
  facet normal 0.321526 0.946901 -0
    outer loop
      vertex 12.5859 22.4545 0
      vertex 12.3877 22.5218 3
      vertex 12.5859 22.4545 3
    endloop
  endfacet
  facet normal 0.321526 0.946901 0
    outer loop
      vertex 12.3877 22.5218 3
      vertex 12.5859 22.4545 0
      vertex 12.3877 22.5218 0
    endloop
  endfacet
  facet normal 0.442429 -0.896803 0
    outer loop
      vertex 12.2 25.3856 0
      vertex 12.3877 25.4782 3
      vertex 12.2 25.3856 3
    endloop
  endfacet
  facet normal 0.442429 -0.896803 0
    outer loop
      vertex 12.3877 25.4782 3
      vertex 12.2 25.3856 0
      vertex 12.3877 25.4782 0
    endloop
  endfacet
  facet normal 0.442429 0.896803 -0
    outer loop
      vertex 12.3877 22.5218 0
      vertex 12.2 22.6144 3
      vertex 12.3877 22.5218 3
    endloop
  endfacet
  facet normal 0.442429 0.896803 0
    outer loop
      vertex 12.2 22.6144 3
      vertex 12.3877 22.5218 0
      vertex 12.2 22.6144 0
    endloop
  endfacet
  facet normal 0.980819 0.194922 0
    outer loop
      vertex 11.4545 23.5859 3
      vertex 11.4137 23.7912 0
      vertex 11.4137 23.7912 3
    endloop
  endfacet
  facet normal 0.980819 0.194922 0
    outer loop
      vertex 11.4137 23.7912 0
      vertex 11.4545 23.5859 3
      vertex 11.4545 23.5859 0
    endloop
  endfacet
  facet normal 0.555362 0.831609 -0
    outer loop
      vertex 12.2 22.6144 0
      vertex 12.026 22.7306 3
      vertex 12.2 22.6144 3
    endloop
  endfacet
  facet normal 0.555362 0.831609 0
    outer loop
      vertex 12.026 22.7306 3
      vertex 12.2 22.6144 0
      vertex 12.026 22.7306 0
    endloop
  endfacet
  facet normal -0.194922 -0.980819 0
    outer loop
      vertex 13.2088 25.5863 0
      vertex 13.4141 25.5455 3
      vertex 13.2088 25.5863 3
    endloop
  endfacet
  facet normal -0.194922 -0.980819 -0
    outer loop
      vertex 13.4141 25.5455 3
      vertex 13.2088 25.5863 0
      vertex 13.4141 25.5455 0
    endloop
  endfacet
  facet normal -0.194922 0.980819 0
    outer loop
      vertex 13.4141 22.4545 0
      vertex 13.2088 22.4137 3
      vertex 13.4141 22.4545 3
    endloop
  endfacet
  facet normal -0.194922 0.980819 0
    outer loop
      vertex 13.2088 22.4137 3
      vertex 13.4141 22.4545 0
      vertex 13.2088 22.4137 0
    endloop
  endfacet
  facet normal 0.751925 0.659248 0
    outer loop
      vertex 11.8686 22.8686 3
      vertex 11.7306 23.026 0
      vertex 11.7306 23.026 3
    endloop
  endfacet
  facet normal 0.751925 0.659248 0
    outer loop
      vertex 11.7306 23.026 0
      vertex 11.8686 22.8686 3
      vertex 11.8686 22.8686 0
    endloop
  endfacet
  facet normal 0.751925 -0.659248 0
    outer loop
      vertex 11.7306 24.974 3
      vertex 11.8686 25.1314 0
      vertex 11.8686 25.1314 3
    endloop
  endfacet
  facet normal 0.751925 -0.659248 0
    outer loop
      vertex 11.8686 25.1314 0
      vertex 11.7306 24.974 3
      vertex 11.7306 24.974 0
    endloop
  endfacet
  facet normal -0.997854 0.0654722 0
    outer loop
      vertex 14.5863 23.7912 0
      vertex 14.6 24 3
      vertex 14.6 24 0
    endloop
  endfacet
  facet normal -0.997854 0.0654722 0
    outer loop
      vertex 14.6 24 3
      vertex 14.5863 23.7912 0
      vertex 14.5863 23.7912 3
    endloop
  endfacet
  facet normal 0.997854 0.0654722 0
    outer loop
      vertex 11.4137 23.7912 3
      vertex 11.4 24 0
      vertex 11.4 24 3
    endloop
  endfacet
  facet normal 0.997854 0.0654722 0
    outer loop
      vertex 11.4 24 0
      vertex 11.4137 23.7912 3
      vertex 11.4137 23.7912 0
    endloop
  endfacet
  facet normal -0.659248 0.751925 0
    outer loop
      vertex 14.1314 22.8686 0
      vertex 13.974 22.7306 3
      vertex 14.1314 22.8686 3
    endloop
  endfacet
  facet normal -0.659248 0.751925 0
    outer loop
      vertex 13.974 22.7306 3
      vertex 14.1314 22.8686 0
      vertex 13.974 22.7306 0
    endloop
  endfacet
  facet normal -0.321526 0.946901 0
    outer loop
      vertex 13.6123 22.5218 0
      vertex 13.4141 22.4545 3
      vertex 13.6123 22.5218 3
    endloop
  endfacet
  facet normal -0.321526 0.946901 0
    outer loop
      vertex 13.4141 22.4545 3
      vertex 13.6123 22.5218 0
      vertex 13.4141 22.4545 0
    endloop
  endfacet
  facet normal -0.555362 0.831609 0
    outer loop
      vertex 13.974 22.7306 0
      vertex 13.8 22.6144 3
      vertex 13.974 22.7306 3
    endloop
  endfacet
  facet normal -0.555362 0.831609 0
    outer loop
      vertex 13.8 22.6144 3
      vertex 13.974 22.7306 0
      vertex 13.8 22.6144 0
    endloop
  endfacet
  facet normal -0.751925 0.659248 0
    outer loop
      vertex 14.1314 22.8686 0
      vertex 14.2694 23.026 3
      vertex 14.2694 23.026 0
    endloop
  endfacet
  facet normal -0.751925 0.659248 0
    outer loop
      vertex 14.2694 23.026 3
      vertex 14.1314 22.8686 0
      vertex 14.1314 22.8686 3
    endloop
  endfacet
  facet normal 0.831609 0.555362 0
    outer loop
      vertex 11.7306 23.026 3
      vertex 11.6144 23.2 0
      vertex 11.6144 23.2 3
    endloop
  endfacet
  facet normal 0.831609 0.555362 0
    outer loop
      vertex 11.6144 23.2 0
      vertex 11.7306 23.026 3
      vertex 11.7306 23.026 0
    endloop
  endfacet
  facet normal 0.0654722 0.997854 -0
    outer loop
      vertex 13 22.4 0
      vertex 12.7912 22.4137 3
      vertex 13 22.4 3
    endloop
  endfacet
  facet normal 0.0654722 0.997854 0
    outer loop
      vertex 12.7912 22.4137 3
      vertex 13 22.4 0
      vertex 12.7912 22.4137 0
    endloop
  endfacet
  facet normal -0.896803 0.442429 0
    outer loop
      vertex 14.3856 23.2 0
      vertex 14.4782 23.3877 3
      vertex 14.4782 23.3877 0
    endloop
  endfacet
  facet normal -0.896803 0.442429 0
    outer loop
      vertex 14.4782 23.3877 3
      vertex 14.3856 23.2 0
      vertex 14.3856 23.2 3
    endloop
  endfacet
  facet normal 0.0654722 -0.997854 0
    outer loop
      vertex 12.7912 25.5863 0
      vertex 13 25.6 3
      vertex 12.7912 25.5863 3
    endloop
  endfacet
  facet normal 0.0654722 -0.997854 0
    outer loop
      vertex 13 25.6 3
      vertex 12.7912 25.5863 0
      vertex 13 25.6 0
    endloop
  endfacet
  facet normal 0.980819 -0.194922 0
    outer loop
      vertex 11.4137 24.2088 3
      vertex 11.4545 24.4141 0
      vertex 11.4545 24.4141 3
    endloop
  endfacet
  facet normal 0.980819 -0.194922 0
    outer loop
      vertex 11.4545 24.4141 0
      vertex 11.4137 24.2088 3
      vertex 11.4137 24.2088 0
    endloop
  endfacet
  facet normal 0.321526 -0.946901 0
    outer loop
      vertex 12.3877 25.4782 0
      vertex 12.5859 25.5455 3
      vertex 12.3877 25.4782 3
    endloop
  endfacet
  facet normal 0.321526 -0.946901 0
    outer loop
      vertex 12.5859 25.5455 3
      vertex 12.3877 25.4782 0
      vertex 12.5859 25.5455 0
    endloop
  endfacet
  facet normal -0.659248 -0.751925 0
    outer loop
      vertex 13.974 25.2694 0
      vertex 14.1314 25.1314 3
      vertex 13.974 25.2694 3
    endloop
  endfacet
  facet normal -0.659248 -0.751925 -0
    outer loop
      vertex 14.1314 25.1314 3
      vertex 13.974 25.2694 0
      vertex 14.1314 25.1314 0
    endloop
  endfacet
  facet normal -0.0654722 -0.997854 0
    outer loop
      vertex 13 25.6 0
      vertex 13.2088 25.5863 3
      vertex 13 25.6 3
    endloop
  endfacet
  facet normal -0.0654722 -0.997854 -0
    outer loop
      vertex 13.2088 25.5863 3
      vertex 13 25.6 0
      vertex 13.2088 25.5863 0
    endloop
  endfacet
  facet normal 0.896803 -0.442429 0
    outer loop
      vertex 11.5218 24.6123 3
      vertex 11.6144 24.8 0
      vertex 11.6144 24.8 3
    endloop
  endfacet
  facet normal 0.896803 -0.442429 0
    outer loop
      vertex 11.6144 24.8 0
      vertex 11.5218 24.6123 3
      vertex 11.5218 24.6123 0
    endloop
  endfacet
  facet normal 0.194922 0.980819 -0
    outer loop
      vertex 12.7912 22.4137 0
      vertex 12.5859 22.4545 3
      vertex 12.7912 22.4137 3
    endloop
  endfacet
  facet normal 0.194922 0.980819 0
    outer loop
      vertex 12.5859 22.4545 3
      vertex 12.7912 22.4137 0
      vertex 12.5859 22.4545 0
    endloop
  endfacet
  facet normal -0.751925 -0.659248 0
    outer loop
      vertex 14.2694 24.974 0
      vertex 14.1314 25.1314 3
      vertex 14.1314 25.1314 0
    endloop
  endfacet
  facet normal -0.751925 -0.659248 0
    outer loop
      vertex 14.1314 25.1314 3
      vertex 14.2694 24.974 0
      vertex 14.2694 24.974 3
    endloop
  endfacet
  facet normal 0.659248 0.751925 -0
    outer loop
      vertex 12.026 22.7306 0
      vertex 11.8686 22.8686 3
      vertex 12.026 22.7306 3
    endloop
  endfacet
  facet normal 0.659248 0.751925 0
    outer loop
      vertex 11.8686 22.8686 3
      vertex 12.026 22.7306 0
      vertex 11.8686 22.8686 0
    endloop
  endfacet
  facet normal 0.946901 -0.321526 0
    outer loop
      vertex 11.4545 24.4141 3
      vertex 11.5218 24.6123 0
      vertex 11.5218 24.6123 3
    endloop
  endfacet
  facet normal 0.946901 -0.321526 0
    outer loop
      vertex 11.5218 24.6123 0
      vertex 11.4545 24.4141 3
      vertex 11.4545 24.4141 0
    endloop
  endfacet
  facet normal 0.997854 -0.0654722 0
    outer loop
      vertex 11.4 24 3
      vertex 11.4137 24.2088 0
      vertex 11.4137 24.2088 3
    endloop
  endfacet
  facet normal 0.997854 -0.0654722 0
    outer loop
      vertex 11.4137 24.2088 0
      vertex 11.4 24 3
      vertex 11.4 24 0
    endloop
  endfacet
  facet normal 0.831609 -0.555362 0
    outer loop
      vertex 11.6144 24.8 3
      vertex 11.7306 24.974 0
      vertex 11.7306 24.974 3
    endloop
  endfacet
  facet normal 0.831609 -0.555362 0
    outer loop
      vertex 11.7306 24.974 0
      vertex 11.6144 24.8 3
      vertex 11.6144 24.8 0
    endloop
  endfacet
  facet normal 0 -1 0
    outer loop
      vertex 3 0 0
      vertex 35 0 3
      vertex 3 0 3
    endloop
  endfacet
  facet normal 0 -1 -0
    outer loop
      vertex 35 0 3
      vertex 3 0 0
      vertex 35 0 0
    endloop
  endfacet
  facet normal 1 -0 0
    outer loop
      vertex 38 3 3
      vertex 38 35 0
      vertex 38 35 3
    endloop
  endfacet
  facet normal 1 0 0
    outer loop
      vertex 38 35 0
      vertex 38 3 3
      vertex 38 3 0
    endloop
  endfacet
  facet normal 0.997853 -0.0654906 0
    outer loop
      vertex 37.9743 2.60842 3
      vertex 38 3 0
      vertex 38 3 3
    endloop
  endfacet
  facet normal 0.997853 -0.0654906 0
    outer loop
      vertex 38 3 0
      vertex 37.9743 2.60842 3
      vertex 37.9743 2.60842 0
    endloop
  endfacet
  facet normal -0.997859 -0.0654026 0
    outer loop
      vertex 0.0256653 2.60842 0
      vertex 0 3 3
      vertex 0 3 0
    endloop
  endfacet
  facet normal -0.997859 -0.0654026 0
    outer loop
      vertex 0 3 3
      vertex 0.0256653 2.60842 0
      vertex 0.0256653 2.60842 3
    endloop
  endfacet
  facet normal 0.980813 -0.19495 0
    outer loop
      vertex 37.8978 2.22354 3
      vertex 37.9743 2.60842 0
      vertex 37.9743 2.60842 3
    endloop
  endfacet
  facet normal 0.980813 -0.19495 0
    outer loop
      vertex 37.9743 2.60842 0
      vertex 37.8978 2.22354 3
      vertex 37.8978 2.22354 0
    endloop
  endfacet
  facet normal -0.195089 -0.980786 0
    outer loop
      vertex 2.22354 0.102222 0
      vertex 2.60842 0.0256653 3
      vertex 2.22354 0.102222 3
    endloop
  endfacet
  facet normal -0.195089 -0.980786 -0
    outer loop
      vertex 2.60842 0.0256653 3
      vertex 2.22354 0.102222 0
      vertex 2.60842 0.0256653 0
    endloop
  endfacet
  facet normal 0.980815 0.19494 0
    outer loop
      vertex 37.9743 35.3916 3
      vertex 37.8978 35.7765 0
      vertex 37.8978 35.7765 3
    endloop
  endfacet
  facet normal 0.980815 0.19494 0
    outer loop
      vertex 37.8978 35.7765 0
      vertex 37.9743 35.3916 3
      vertex 37.9743 35.3916 0
    endloop
  endfacet
  facet normal -0.19495 0.980813 0
    outer loop
      vertex 2.60842 37.9743 0
      vertex 2.22354 37.8978 3
      vertex 2.60842 37.9743 3
    endloop
  endfacet
  facet normal -0.19495 0.980813 0
    outer loop
      vertex 2.22354 37.8978 3
      vertex 2.60842 37.9743 0
      vertex 2.22354 37.8978 0
    endloop
  endfacet
  facet normal -0.442288 -0.896873 0
    outer loop
      vertex 1.5 0.401923 0
      vertex 1.85195 0.228361 3
      vertex 1.5 0.401923 3
    endloop
  endfacet
  facet normal -0.442288 -0.896873 -0
    outer loop
      vertex 1.85195 0.228361 3
      vertex 1.5 0.401923 0
      vertex 1.85195 0.228361 0
    endloop
  endfacet
  facet normal 0.946858 0.321651 0
    outer loop
      vertex 37.8978 35.7765 3
      vertex 37.7716 36.148 0
      vertex 37.7716 36.148 3
    endloop
  endfacet
  facet normal 0.946858 0.321651 0
    outer loop
      vertex 37.7716 36.148 0
      vertex 37.8978 35.7765 3
      vertex 37.8978 35.7765 0
    endloop
  endfacet
  facet normal -0.896898 0.442237 0
    outer loop
      vertex 0.228361 36.148 0
      vertex 0.401923 36.5 3
      vertex 0.401923 36.5 0
    endloop
  endfacet
  facet normal -0.896898 0.442237 0
    outer loop
      vertex 0.401923 36.5 3
      vertex 0.228361 36.148 0
      vertex 0.228361 36.148 3
    endloop
  endfacet
  facet normal 0.946882 -0.321582 0
    outer loop
      vertex 37.7716 1.85195 3
      vertex 37.8978 2.22354 0
      vertex 37.8978 2.22354 3
    endloop
  endfacet
  facet normal 0.946882 -0.321582 0
    outer loop
      vertex 37.8978 2.22354 0
      vertex 37.7716 1.85195 3
      vertex 37.7716 1.85195 0
    endloop
  endfacet
  facet normal 0.0653993 -0.997859 0
    outer loop
      vertex 35 0 0
      vertex 35.3916 0.0256653 3
      vertex 35 0 3
    endloop
  endfacet
  facet normal 0.0653993 -0.997859 0
    outer loop
      vertex 35.3916 0.0256653 3
      vertex 35 0 0
      vertex 35.3916 0.0256653 0
    endloop
  endfacet
  facet normal 0.321512 -0.946905 0
    outer loop
      vertex 35.7765 0.102222 0
      vertex 36.148 0.228361 3
      vertex 35.7765 0.102222 3
    endloop
  endfacet
  facet normal 0.321512 -0.946905 0
    outer loop
      vertex 36.148 0.228361 3
      vertex 35.7765 0.102222 0
      vertex 36.148 0.228361 0
    endloop
  endfacet
  facet normal 0.896961 0.44211 0
    outer loop
      vertex 37.7716 36.148 3
      vertex 37.5981 36.5 0
      vertex 37.5981 36.5 3
    endloop
  endfacet
  facet normal 0.896961 0.44211 0
    outer loop
      vertex 37.5981 36.5 0
      vertex 37.7716 36.148 3
      vertex 37.7716 36.148 0
    endloop
  endfacet
  facet normal 0.751769 -0.659426 0
    outer loop
      vertex 37.1213 0.878679 3
      vertex 37.3801 1.17372 0
      vertex 37.3801 1.17372 3
    endloop
  endfacet
  facet normal 0.751769 -0.659426 0
    outer loop
      vertex 37.3801 1.17372 0
      vertex 37.1213 0.878679 3
      vertex 37.1213 0.878679 0
    endloop
  endfacet
  facet normal -1 0 0
    outer loop
      vertex 0 3 0
      vertex 0 35 3
      vertex 0 35 0
    endloop
  endfacet
  facet normal -1 -0 0
    outer loop
      vertex 0 35 3
      vertex 0 3 0
      vertex 0 3 3
    endloop
  endfacet
  facet normal -0.831481 0.555553 0
    outer loop
      vertex 0.401923 36.5 0
      vertex 0.61994 36.8263 3
      vertex 0.61994 36.8263 0
    endloop
  endfacet
  facet normal -0.831481 0.555553 0
    outer loop
      vertex 0.61994 36.8263 3
      vertex 0.401923 36.5 0
      vertex 0.401923 36.5 3
    endloop
  endfacet
  facet normal -0.0654026 -0.997859 0
    outer loop
      vertex 2.60842 0.0256653 0
      vertex 3 0 3
      vertex 2.60842 0.0256653 3
    endloop
  endfacet
  facet normal -0.0654026 -0.997859 -0
    outer loop
      vertex 3 0 3
      vertex 2.60842 0.0256653 0
      vertex 3 0 0
    endloop
  endfacet
  facet normal -0.980786 -0.195089 0
    outer loop
      vertex 0.102222 2.22354 0
      vertex 0.0256653 2.60842 3
      vertex 0.0256653 2.60842 0
    endloop
  endfacet
  facet normal -0.980786 -0.195089 0
    outer loop
      vertex 0.0256653 2.60842 3
      vertex 0.102222 2.22354 0
      vertex 0.102222 2.22354 3
    endloop
  endfacet
  facet normal 0.751724 0.659478 0
    outer loop
      vertex 37.3801 36.8263 3
      vertex 37.1213 37.1213 0
      vertex 37.1213 37.1213 3
    endloop
  endfacet
  facet normal 0.751724 0.659478 0
    outer loop
      vertex 37.1213 37.1213 0
      vertex 37.3801 36.8263 3
      vertex 37.3801 36.8263 0
    endloop
  endfacet
  facet normal 0 1 -0
    outer loop
      vertex 35 38 0
      vertex 3 38 3
      vertex 35 38 3
    endloop
  endfacet
  facet normal 0 1 0
    outer loop
      vertex 3 38 3
      vertex 35 38 0
      vertex 3 38 0
    endloop
  endfacet
  facet normal -0.0654906 0.997853 0
    outer loop
      vertex 3 38 0
      vertex 2.60842 37.9743 3
      vertex 3 38 3
    endloop
  endfacet
  facet normal -0.0654906 0.997853 0
    outer loop
      vertex 2.60842 37.9743 3
      vertex 3 38 0
      vertex 2.60842 37.9743 0
    endloop
  endfacet
  facet normal -0.44216 0.896936 0
    outer loop
      vertex 1.85195 37.7716 0
      vertex 1.5 37.5981 3
      vertex 1.85195 37.7716 3
    endloop
  endfacet
  facet normal -0.44216 0.896936 0
    outer loop
      vertex 1.5 37.5981 3
      vertex 1.85195 37.7716 0
      vertex 1.5 37.5981 0
    endloop
  endfacet
  facet normal -0.659339 -0.751846 0
    outer loop
      vertex 0.878679 0.878679 0
      vertex 1.17372 0.61994 3
      vertex 0.878679 0.878679 3
    endloop
  endfacet
  facet normal -0.659339 -0.751846 -0
    outer loop
      vertex 1.17372 0.61994 3
      vertex 0.878679 0.878679 0
      vertex 1.17372 0.61994 0
    endloop
  endfacet
  facet normal -0.555577 -0.831465 0
    outer loop
      vertex 1.17372 0.61994 0
      vertex 1.5 0.401923 3
      vertex 1.17372 0.61994 3
    endloop
  endfacet
  facet normal -0.555577 -0.831465 -0
    outer loop
      vertex 1.5 0.401923 3
      vertex 1.17372 0.61994 0
      vertex 1.5 0.401923 0
    endloop
  endfacet
  facet normal -0.659426 0.751769 0
    outer loop
      vertex 1.17372 37.3801 0
      vertex 0.878679 37.1213 3
      vertex 1.17372 37.3801 3
    endloop
  endfacet
  facet normal -0.659426 0.751769 0
    outer loop
      vertex 0.878679 37.1213 3
      vertex 1.17372 37.3801 0
      vertex 0.878679 37.1213 0
    endloop
  endfacet
  facet normal 0.321651 0.946858 -0
    outer loop
      vertex 36.148 37.7716 0
      vertex 35.7765 37.8978 3
      vertex 36.148 37.7716 3
    endloop
  endfacet
  facet normal 0.321651 0.946858 0
    outer loop
      vertex 35.7765 37.8978 3
      vertex 36.148 37.7716 0
      vertex 35.7765 37.8978 0
    endloop
  endfacet
  facet normal -0.751801 0.65939 0
    outer loop
      vertex 0.61994 36.8263 0
      vertex 0.878679 37.1213 3
      vertex 0.878679 37.1213 0
    endloop
  endfacet
  facet normal -0.751801 0.65939 0
    outer loop
      vertex 0.878679 37.1213 3
      vertex 0.61994 36.8263 0
      vertex 0.61994 36.8263 3
    endloop
  endfacet
  facet normal 0.0654873 0.997853 -0
    outer loop
      vertex 35.3916 37.9743 0
      vertex 35 38 3
      vertex 35.3916 37.9743 3
    endloop
  endfacet
  facet normal 0.0654873 0.997853 0
    outer loop
      vertex 35 38 3
      vertex 35.3916 37.9743 0
      vertex 35 38 0
    endloop
  endfacet
  facet normal -0.751846 -0.659339 0
    outer loop
      vertex 0.878679 0.878679 0
      vertex 0.61994 1.17372 3
      vertex 0.61994 1.17372 0
    endloop
  endfacet
  facet normal -0.751846 -0.659339 0
    outer loop
      vertex 0.61994 1.17372 3
      vertex 0.878679 0.878679 0
      vertex 0.878679 0.878679 3
    endloop
  endfacet
  facet normal 0.44211 0.896961 -0
    outer loop
      vertex 36.5 37.5981 0
      vertex 36.148 37.7716 3
      vertex 36.5 37.5981 3
    endloop
  endfacet
  facet normal 0.44211 0.896961 0
    outer loop
      vertex 36.148 37.7716 3
      vertex 36.5 37.5981 0
      vertex 36.148 37.7716 0
    endloop
  endfacet
  facet normal 0.831485 -0.555547 0
    outer loop
      vertex 37.3801 1.17372 3
      vertex 37.5981 1.5 0
      vertex 37.5981 1.5 3
    endloop
  endfacet
  facet normal 0.831485 -0.555547 0
    outer loop
      vertex 37.5981 1.5 0
      vertex 37.3801 1.17372 3
      vertex 37.3801 1.17372 0
    endloop
  endfacet
  facet normal -0.321582 0.946882 0
    outer loop
      vertex 2.22354 37.8978 0
      vertex 1.85195 37.7716 3
      vertex 2.22354 37.8978 3
    endloop
  endfacet
  facet normal -0.321582 0.946882 0
    outer loop
      vertex 1.85195 37.7716 3
      vertex 2.22354 37.8978 0
      vertex 1.85195 37.7716 0
    endloop
  endfacet
  facet normal 0.555523 0.831501 -0
    outer loop
      vertex 36.8263 37.3801 0
      vertex 36.5 37.5981 3
      vertex 36.8263 37.3801 3
    endloop
  endfacet
  facet normal 0.555523 0.831501 0
    outer loop
      vertex 36.5 37.5981 3
      vertex 36.8263 37.3801 0
      vertex 36.5 37.5981 0
    endloop
  endfacet
  facet normal 0.555553 -0.831481 0
    outer loop
      vertex 36.5 0.401923 0
      vertex 36.8263 0.61994 3
      vertex 36.5 0.401923 3
    endloop
  endfacet
  facet normal 0.555553 -0.831481 0
    outer loop
      vertex 36.8263 0.61994 3
      vertex 36.5 0.401923 0
      vertex 36.8263 0.61994 0
    endloop
  endfacet
  facet normal 0.65939 -0.751801 0
    outer loop
      vertex 36.8263 0.61994 0
      vertex 37.1213 0.878679 3
      vertex 36.8263 0.61994 3
    endloop
  endfacet
  facet normal 0.65939 -0.751801 0
    outer loop
      vertex 37.1213 0.878679 3
      vertex 36.8263 0.61994 0
      vertex 37.1213 0.878679 0
    endloop
  endfacet
  facet normal 0.19494 0.980815 -0
    outer loop
      vertex 35.7765 37.8978 0
      vertex 35.3916 37.9743 3
      vertex 35.7765 37.8978 3
    endloop
  endfacet
  facet normal 0.19494 0.980815 0
    outer loop
      vertex 35.3916 37.9743 3
      vertex 35.7765 37.8978 0
      vertex 35.3916 37.9743 0
    endloop
  endfacet
  facet normal -0.896873 -0.442288 0
    outer loop
      vertex 0.401923 1.5 0
      vertex 0.228361 1.85195 3
      vertex 0.228361 1.85195 0
    endloop
  endfacet
  facet normal -0.896873 -0.442288 0
    outer loop
      vertex 0.228361 1.85195 3
      vertex 0.401923 1.5 0
      vertex 0.401923 1.5 3
    endloop
  endfacet
  facet normal 0.831501 0.555523 0
    outer loop
      vertex 37.5981 36.5 3
      vertex 37.3801 36.8263 0
      vertex 37.3801 36.8263 3
    endloop
  endfacet
  facet normal 0.831501 0.555523 0
    outer loop
      vertex 37.3801 36.8263 0
      vertex 37.5981 36.5 3
      vertex 37.5981 36.5 0
    endloop
  endfacet
  facet normal 0 0 -1
    outer loop
      vertex 16.75 22.8971 0
      vertex 14.5863 23.7912 0
      vertex 14.6 24 0
    endloop
  endfacet
  facet normal 0 0 -1
    outer loop
      vertex 14.8425 20.7221 0
      vertex 14.5455 23.5859 0
      vertex 14.5863 23.7912 0
    endloop
  endfacet
  facet normal 0 0 -1
    outer loop
      vertex 12.7912 22.4137 0
      vertex 14.6533 20.1647 0
      vertex 14.5385 19.5874 0
    endloop
  endfacet
  facet normal 0 0 -1
    outer loop
      vertex 9.68973 19.1566 0
      vertex 14.5385 19.5874 0
      vertex 14.5 19 0
    endloop
  endfacet
  facet normal 0 0 -1
    outer loop
      vertex 14.8425 20.7221 0
      vertex 14.4782 23.3877 0
      vertex 14.5455 23.5859 0
    endloop
  endfacet
  facet normal 0 0 -1
    outer loop
      vertex 35 0 0
      vertex 38 3 0
      vertex 37.9743 2.60842 0
    endloop
  endfacet
  facet normal 0 0 -1
    outer loop
      vertex 38 3 0
      vertex 30.7 19 0
      vertex 38 35 0
    endloop
  endfacet
  facet normal 0 0 -1
    outer loop
      vertex 35 0 0
      vertex 37.9743 2.60842 0
      vertex 37.8978 2.22354 0
    endloop
  endfacet
  facet normal 0 0 -1
    outer loop
      vertex 30.6897 19.1566 0
      vertex 38 35 0
      vertex 30.7 19 0
    endloop
  endfacet
  facet normal 0 0 -1
    outer loop
      vertex 35 0 0
      vertex 37.8978 2.22354 0
      vertex 37.7716 1.85195 0
    endloop
  endfacet
  facet normal 0 0 -1
    outer loop
      vertex 30.6591 19.3106 0
      vertex 38 35 0
      vertex 30.6897 19.1566 0
    endloop
  endfacet
  facet normal 0 0 -1
    outer loop
      vertex 35 0 0
      vertex 37.7716 1.85195 0
      vertex 37.5981 1.5 0
    endloop
  endfacet
  facet normal 0 0 -1
    outer loop
      vertex 30.6087 19.4592 0
      vertex 38 35 0
      vertex 30.6591 19.3106 0
    endloop
  endfacet
  facet normal 0 0 -1
    outer loop
      vertex 35 0 0
      vertex 37.5981 1.5 0
      vertex 37.3801 1.17372 0
    endloop
  endfacet
  facet normal 0 0 -1
    outer loop
      vertex 30.5392 19.6 0
      vertex 38 35 0
      vertex 30.6087 19.4592 0
    endloop
  endfacet
  facet normal 0 0 -1
    outer loop
      vertex 35 0 0
      vertex 37.3801 1.17372 0
      vertex 37.1213 0.878679 0
    endloop
  endfacet
  facet normal 0 0 -1
    outer loop
      vertex 30.452 19.7305 0
      vertex 38 35 0
      vertex 30.5392 19.6 0
    endloop
  endfacet
  facet normal 0 0 -1
    outer loop
      vertex 35 0 0
      vertex 37.1213 0.878679 0
      vertex 36.8263 0.61994 0
    endloop
  endfacet
  facet normal 0 0 -1
    outer loop
      vertex 30.3485 19.8485 0
      vertex 38 35 0
      vertex 30.452 19.7305 0
    endloop
  endfacet
  facet normal 0 0 -1
    outer loop
      vertex 35 0 0
      vertex 36.8263 0.61994 0
      vertex 36.5 0.401923 0
    endloop
  endfacet
  facet normal 0 0 -1
    outer loop
      vertex 30.2305 19.952 0
      vertex 38 35 0
      vertex 30.3485 19.8485 0
    endloop
  endfacet
  facet normal 0 0 -1
    outer loop
      vertex 35 0 0
      vertex 36.5 0.401923 0
      vertex 36.148 0.228361 0
    endloop
  endfacet
  facet normal 0 0 -1
    outer loop
      vertex 30.1 20.0392 0
      vertex 38 35 0
      vertex 30.2305 19.952 0
    endloop
  endfacet
  facet normal 0 0 -1
    outer loop
      vertex 35 0 0
      vertex 36.148 0.228361 0
      vertex 35.7765 0.102222 0
    endloop
  endfacet
  facet normal 0 0 -1
    outer loop
      vertex 29.9592 20.1087 0
      vertex 38 35 0
      vertex 30.1 20.0392 0
    endloop
  endfacet
  facet normal 0 0 -1
    outer loop
      vertex 35 0 0
      vertex 35.7765 0.102222 0
      vertex 35.3916 0.0256653 0
    endloop
  endfacet
  facet normal 0 0 -1
    outer loop
      vertex 29.8106 20.1591 0
      vertex 38 35 0
      vertex 29.9592 20.1087 0
    endloop
  endfacet
  facet normal 0 0 -1
    outer loop
      vertex 29.5 17.8 0
      vertex 38 3 0
      vertex 35 0 0
    endloop
  endfacet
  facet normal 0 0 -1
    outer loop
      vertex 29.6566 20.1897 0
      vertex 38 35 0
      vertex 29.8106 20.1591 0
    endloop
  endfacet
  facet normal 0 0 -1
    outer loop
      vertex 29.5 20.2 0
      vertex 38 35 0
      vertex 29.6566 20.1897 0
    endloop
  endfacet
  facet normal 0 0 -1
    outer loop
      vertex 38 3 0
      vertex 30.6897 18.8434 0
      vertex 30.7 19 0
    endloop
  endfacet
  facet normal 0 0 -1
    outer loop
      vertex 38 3 0
      vertex 30.6591 18.6894 0
      vertex 30.6897 18.8434 0
    endloop
  endfacet
  facet normal 0 0 -1
    outer loop
      vertex 38 3 0
      vertex 30.6087 18.5408 0
      vertex 30.6591 18.6894 0
    endloop
  endfacet
  facet normal 0 0 -1
    outer loop
      vertex 38 3 0
      vertex 30.5392 18.4 0
      vertex 30.6087 18.5408 0
    endloop
  endfacet
  facet normal 0 0 -1
    outer loop
      vertex 38 3 0
      vertex 30.452 18.2695 0
      vertex 30.5392 18.4 0
    endloop
  endfacet
  facet normal 0 0 -1
    outer loop
      vertex 38 3 0
      vertex 30.3485 18.1515 0
      vertex 30.452 18.2695 0
    endloop
  endfacet
  facet normal 0 0 -1
    outer loop
      vertex 38 3 0
      vertex 30.2305 18.048 0
      vertex 30.3485 18.1515 0
    endloop
  endfacet
  facet normal 0 0 -1
    outer loop
      vertex 38 3 0
      vertex 30.1 17.9608 0
      vertex 30.2305 18.048 0
    endloop
  endfacet
  facet normal 0 0 -1
    outer loop
      vertex 38 3 0
      vertex 29.9592 17.8913 0
      vertex 30.1 17.9608 0
    endloop
  endfacet
  facet normal 0 0 -1
    outer loop
      vertex 38 3 0
      vertex 29.8106 17.8409 0
      vertex 29.9592 17.8913 0
    endloop
  endfacet
  facet normal 0 0 -1
    outer loop
      vertex 38 3 0
      vertex 29.6566 17.8103 0
      vertex 29.8106 17.8409 0
    endloop
  endfacet
  facet normal 0 0 -1
    outer loop
      vertex 38 3 0
      vertex 29.5 17.8 0
      vertex 29.6566 17.8103 0
    endloop
  endfacet
  facet normal 0 0 -1
    outer loop
      vertex 35 0 0
      vertex 29.3434 17.8103 0
      vertex 29.5 17.8 0
    endloop
  endfacet
  facet normal 0 0 -1
    outer loop
      vertex 21.7394 15.4299 0
      vertex 29.3434 17.8103 0
      vertex 35 0 0
    endloop
  endfacet
  facet normal 0 -0 -1
    outer loop
      vertex 22.182 15.818 0
      vertex 29.3434 17.8103 0
      vertex 21.7394 15.4299 0
    endloop
  endfacet
  facet normal -0 0 -1
    outer loop
      vertex 29.3434 17.8103 0
      vertex 22.182 15.818 0
      vertex 29.1894 17.8409 0
    endloop
  endfacet
  facet normal -0 0 -1
    outer loop
      vertex 29.1894 17.8409 0
      vertex 22.182 15.818 0
      vertex 29.0408 17.8913 0
    endloop
  endfacet
  facet normal 0 -0 -1
    outer loop
      vertex 22.5701 16.2606 0
      vertex 29.0408 17.8913 0
      vertex 22.182 15.818 0
    endloop
  endfacet
  facet normal 0 -0 -1
    outer loop
      vertex 22.8971 16.75 0
      vertex 28.9 17.9608 0
      vertex 22.5701 16.2606 0
    endloop
  endfacet
  facet normal -0 0 -1
    outer loop
      vertex 28.9 17.9608 0
      vertex 22.8971 16.75 0
      vertex 28.7695 18.048 0
    endloop
  endfacet
  facet normal -0 0 -1
    outer loop
      vertex 28.7695 18.048 0
      vertex 22.8971 16.75 0
      vertex 28.6515 18.1515 0
    endloop
  endfacet
  facet normal 0 0 -1
    outer loop
      vertex 28.3103 18.8434 0
      vertex 23.5 19 0
      vertex 28.3 19 0
    endloop
  endfacet
  facet normal 0 0 -1
    outer loop
      vertex 23.4615 18.4126 0
      vertex 28.3103 18.8434 0
      vertex 28.3409 18.6894 0
    endloop
  endfacet
  facet normal 0 0 -1
    outer loop
      vertex 23.4615 18.4126 0
      vertex 28.3409 18.6894 0
      vertex 28.3913 18.5408 0
    endloop
  endfacet
  facet normal 0 -0 -1
    outer loop
      vertex 23.1575 17.2779 0
      vertex 28.6515 18.1515 0
      vertex 22.8971 16.75 0
    endloop
  endfacet
  facet normal -0 0 -1
    outer loop
      vertex 28.3103 18.8434 0
      vertex 23.4615 18.4126 0
      vertex 23.5 19 0
    endloop
  endfacet
  facet normal 0 0 -1
    outer loop
      vertex 28.3913 18.5408 0
      vertex 23.3467 17.8353 0
      vertex 23.4615 18.4126 0
    endloop
  endfacet
  facet normal -0 0 -1
    outer loop
      vertex 28.4608 18.4 0
      vertex 23.3467 17.8353 0
      vertex 28.3913 18.5408 0
    endloop
  endfacet
  facet normal -0 0 -1
    outer loop
      vertex 28.548 18.2695 0
      vertex 23.3467 17.8353 0
      vertex 28.4608 18.4 0
    endloop
  endfacet
  facet normal 0 -0 -1
    outer loop
      vertex 23.3467 17.8353 0
      vertex 28.548 18.2695 0
      vertex 23.1575 17.2779 0
    endloop
  endfacet
  facet normal -0 0 -1
    outer loop
      vertex 28.6515 18.1515 0
      vertex 23.1575 17.2779 0
      vertex 28.548 18.2695 0
    endloop
  endfacet
  facet normal -0 0 -1
    outer loop
      vertex 29.0408 17.8913 0
      vertex 22.5701 16.2606 0
      vertex 28.9 17.9608 0
    endloop
  endfacet
  facet normal 0 0 -1
    outer loop
      vertex 35 0 0
      vertex 21.25 15.1029 0
      vertex 21.7394 15.4299 0
    endloop
  endfacet
  facet normal 0 0 -1
    outer loop
      vertex 35 0 0
      vertex 20.7221 14.8425 0
      vertex 21.25 15.1029 0
    endloop
  endfacet
  facet normal 0 0 -1
    outer loop
      vertex 35 0 0
      vertex 20.1647 14.6533 0
      vertex 20.7221 14.8425 0
    endloop
  endfacet
  facet normal 0 0 -1
    outer loop
      vertex 35 0 0
      vertex 19.5874 14.5385 0
      vertex 20.1647 14.6533 0
    endloop
  endfacet
  facet normal 0 0 -1
    outer loop
      vertex 35 0 0
      vertex 19 14.5 0
      vertex 19.5874 14.5385 0
    endloop
  endfacet
  facet normal 0 0 -1
    outer loop
      vertex 3 0 0
      vertex 19 14.5 0
      vertex 35 0 0
    endloop
  endfacet
  facet normal -0 0 -1
    outer loop
      vertex 19 14.5 0
      vertex 3 0 0
      vertex 18.4126 14.5385 0
    endloop
  endfacet
  facet normal -0 0 -1
    outer loop
      vertex 18.4126 14.5385 0
      vertex 3 0 0
      vertex 17.8353 14.6533 0
    endloop
  endfacet
  facet normal -0 0 -1
    outer loop
      vertex 17.8353 14.6533 0
      vertex 3 0 0
      vertex 17.2779 14.8425 0
    endloop
  endfacet
  facet normal -0 0 -1
    outer loop
      vertex 17.2779 14.8425 0
      vertex 3 0 0
      vertex 16.75 15.1029 0
    endloop
  endfacet
  facet normal 0 0 -1
    outer loop
      vertex 14.8425 20.7221 0
      vertex 14.3856 23.2 0
      vertex 14.4782 23.3877 0
    endloop
  endfacet
  facet normal 0 0 -1
    outer loop
      vertex 14.8425 20.7221 0
      vertex 14.2694 23.026 0
      vertex 14.3856 23.2 0
    endloop
  endfacet
  facet normal 0 0 -1
    outer loop
      vertex 14.8425 20.7221 0
      vertex 14.1314 22.8686 0
      vertex 14.2694 23.026 0
    endloop
  endfacet
  facet normal 0 0 -1
    outer loop
      vertex 9.68973 18.8434 0
      vertex 14.5 19 0
      vertex 14.5385 18.4126 0
    endloop
  endfacet
  facet normal 0 0 -1
    outer loop
      vertex 14.8425 20.7221 0
      vertex 13.974 22.7306 0
      vertex 14.1314 22.8686 0
    endloop
  endfacet
  facet normal 0 0 -1
    outer loop
      vertex 14.8425 20.7221 0
      vertex 13.8 22.6144 0
      vertex 13.974 22.7306 0
    endloop
  endfacet
  facet normal 0 0 -1
    outer loop
      vertex 14.8425 20.7221 0
      vertex 13.6123 22.5218 0
      vertex 13.8 22.6144 0
    endloop
  endfacet
  facet normal 0 0 -1
    outer loop
      vertex 9.60865 18.5408 0
      vertex 14.5385 18.4126 0
      vertex 14.6533 17.8353 0
    endloop
  endfacet
  facet normal 0 0 -1
    outer loop
      vertex 14.8425 20.7221 0
      vertex 13.4141 22.4545 0
      vertex 13.6123 22.5218 0
    endloop
  endfacet
  facet normal 0 0 -1
    outer loop
      vertex 14.8425 20.7221 0
      vertex 13.2088 22.4137 0
      vertex 13.4141 22.4545 0
    endloop
  endfacet
  facet normal 0 0 -1
    outer loop
      vertex 14.6533 20.1647 0
      vertex 13 22.4 0
      vertex 13.2088 22.4137 0
    endloop
  endfacet
  facet normal 0 0 -1
    outer loop
      vertex 9.45202 18.2695 0
      vertex 14.6533 17.8353 0
      vertex 14.8425 17.2779 0
    endloop
  endfacet
  facet normal 0 0 -1
    outer loop
      vertex 14.6533 20.1647 0
      vertex 12.7912 22.4137 0
      vertex 13 22.4 0
    endloop
  endfacet
  facet normal 0 0 -1
    outer loop
      vertex 14.5385 19.5874 0
      vertex 9.68973 19.1566 0
      vertex 9.65911 19.3106 0
    endloop
  endfacet
  facet normal -0 0 -1
    outer loop
      vertex 14.5385 19.5874 0
      vertex 9.65911 19.3106 0
      vertex 12.5859 22.4545 0
    endloop
  endfacet
  facet normal 0 0 -1
    outer loop
      vertex 14.5385 19.5874 0
      vertex 12.5859 22.4545 0
      vertex 12.7912 22.4137 0
    endloop
  endfacet
  facet normal 0 0 -1
    outer loop
      vertex 9.34853 18.1515 0
      vertex 14.8425 17.2779 0
      vertex 15.1029 16.75 0
    endloop
  endfacet
  facet normal 0 0 -1
    outer loop
      vertex 9.60865 19.4592 0
      vertex 12.5859 22.4545 0
      vertex 9.65911 19.3106 0
    endloop
  endfacet
  facet normal -0 0 -1
    outer loop
      vertex 12.5859 22.4545 0
      vertex 9.60865 19.4592 0
      vertex 12.3877 22.5218 0
    endloop
  endfacet
  facet normal 0 0 -1
    outer loop
      vertex 9.53923 19.6 0
      vertex 12.3877 22.5218 0
      vertex 9.60865 19.4592 0
    endloop
  endfacet
  facet normal -0 0 -1
    outer loop
      vertex 12.3877 22.5218 0
      vertex 9.53923 19.6 0
      vertex 12.2 22.6144 0
    endloop
  endfacet
  facet normal -0 0 -1
    outer loop
      vertex 12.026 22.7306 0
      vertex 9.34853 19.8485 0
      vertex 11.8686 22.8686 0
    endloop
  endfacet
  facet normal 0 0 -1
    outer loop
      vertex 9.34853 19.8485 0
      vertex 12.026 22.7306 0
      vertex 9.45202 19.7305 0
    endloop
  endfacet
  facet normal -0 0 -1
    outer loop
      vertex 12.2 22.6144 0
      vertex 9.45202 19.7305 0
      vertex 12.026 22.7306 0
    endloop
  endfacet
  facet normal 0 0 -1
    outer loop
      vertex 9.45202 19.7305 0
      vertex 12.2 22.6144 0
      vertex 9.53923 19.6 0
    endloop
  endfacet
  facet normal 0 0 -1
    outer loop
      vertex 14.5 19 0
      vertex 9.7 19 0
      vertex 9.68973 19.1566 0
    endloop
  endfacet
  facet normal 0 0 -1
    outer loop
      vertex 9.1 17.9608 0
      vertex 15.1029 16.75 0
      vertex 15.4299 16.2606 0
    endloop
  endfacet
  facet normal 0 0 -1
    outer loop
      vertex 8.95922 17.8913 0
      vertex 15.4299 16.2606 0
      vertex 15.818 15.818 0
    endloop
  endfacet
  facet normal 0 0 -1
    outer loop
      vertex 8.65663 17.8103 0
      vertex 15.818 15.818 0
      vertex 16.2606 15.4299 0
    endloop
  endfacet
  facet normal -0 0 -1
    outer loop
      vertex 16.75 15.1029 0
      vertex 3 0 0
      vertex 16.2606 15.4299 0
    endloop
  endfacet
  facet normal -0 0 -1
    outer loop
      vertex 14.5 19 0
      vertex 9.68973 18.8434 0
      vertex 9.7 19 0
    endloop
  endfacet
  facet normal 0 0 -1
    outer loop
      vertex 14.5385 18.4126 0
      vertex 9.65911 18.6894 0
      vertex 9.68973 18.8434 0
    endloop
  endfacet
  facet normal 0 0 -1
    outer loop
      vertex 14.5385 18.4126 0
      vertex 9.60865 18.5408 0
      vertex 9.65911 18.6894 0
    endloop
  endfacet
  facet normal 0 0 -1
    outer loop
      vertex 14.6533 17.8353 0
      vertex 9.53923 18.4 0
      vertex 9.60865 18.5408 0
    endloop
  endfacet
  facet normal 0 0 -1
    outer loop
      vertex 14.6533 17.8353 0
      vertex 9.45202 18.2695 0
      vertex 9.53923 18.4 0
    endloop
  endfacet
  facet normal 0 0 -1
    outer loop
      vertex 14.8425 17.2779 0
      vertex 9.34853 18.1515 0
      vertex 9.45202 18.2695 0
    endloop
  endfacet
  facet normal 0 0 -1
    outer loop
      vertex 15.1029 16.75 0
      vertex 9.23051 18.048 0
      vertex 9.34853 18.1515 0
    endloop
  endfacet
  facet normal 0 -0 -1
    outer loop
      vertex 8.65663 17.8103 0
      vertex 16.2606 15.4299 0
      vertex 3 0 0
    endloop
  endfacet
  facet normal 0 0 -1
    outer loop
      vertex 15.1029 16.75 0
      vertex 9.1 17.9608 0
      vertex 9.23051 18.048 0
    endloop
  endfacet
  facet normal 0 0 -1
    outer loop
      vertex 15.4299 16.2606 0
      vertex 8.95922 17.8913 0
      vertex 9.1 17.9608 0
    endloop
  endfacet
  facet normal 0 0 -1
    outer loop
      vertex 15.818 15.818 0
      vertex 8.81058 17.8409 0
      vertex 8.95922 17.8913 0
    endloop
  endfacet
  facet normal 0 0 -1
    outer loop
      vertex 15.818 15.818 0
      vertex 8.65663 17.8103 0
      vertex 8.81058 17.8409 0
    endloop
  endfacet
  facet normal 0 0 -1
    outer loop
      vertex 8.65663 17.8103 0
      vertex 3 0 0
      vertex 8.5 17.8 0
    endloop
  endfacet
  facet normal 0 0 -1
    outer loop
      vertex 0 3 0
      vertex 8.5 17.8 0
      vertex 3 0 0
    endloop
  endfacet
  facet normal -0 0 -1
    outer loop
      vertex 8.5 17.8 0
      vertex 0 3 0
      vertex 8.34337 17.8103 0
    endloop
  endfacet
  facet normal -0 0 -1
    outer loop
      vertex 8.34337 17.8103 0
      vertex 0 3 0
      vertex 8.18942 17.8409 0
    endloop
  endfacet
  facet normal -0 0 -1
    outer loop
      vertex 7.34089 18.6894 0
      vertex 0 3 0
      vertex 7.31027 18.8434 0
    endloop
  endfacet
  facet normal -0 0 -1
    outer loop
      vertex 7.39134 18.5408 0
      vertex 0 3 0
      vertex 7.34089 18.6894 0
    endloop
  endfacet
  facet normal -0 0 -1
    outer loop
      vertex 7.46077 18.4 0
      vertex 0 3 0
      vertex 7.39134 18.5408 0
    endloop
  endfacet
  facet normal -0 0 -1
    outer loop
      vertex 7.54798 18.2695 0
      vertex 0 3 0
      vertex 7.46077 18.4 0
    endloop
  endfacet
  facet normal -0 0 -1
    outer loop
      vertex 7.65147 18.1515 0
      vertex 0 3 0
      vertex 7.54798 18.2695 0
    endloop
  endfacet
  facet normal -0 0 -1
    outer loop
      vertex 7.76949 18.048 0
      vertex 0 3 0
      vertex 7.65147 18.1515 0
    endloop
  endfacet
  facet normal -0 0 -1
    outer loop
      vertex 7.9 17.9608 0
      vertex 0 3 0
      vertex 7.76949 18.048 0
    endloop
  endfacet
  facet normal -0 0 -1
    outer loop
      vertex 8.04078 17.8913 0
      vertex 0 3 0
      vertex 7.9 17.9608 0
    endloop
  endfacet
  facet normal -0 0 -1
    outer loop
      vertex 8.18942 17.8409 0
      vertex 0 3 0
      vertex 8.04078 17.8913 0
    endloop
  endfacet
  facet normal 0 0 -1
    outer loop
      vertex 38 35 0
      vertex 35 38 0
      vertex 37.9743 35.3916 0
    endloop
  endfacet
  facet normal 0 0 -1
    outer loop
      vertex 37.9743 35.3916 0
      vertex 35 38 0
      vertex 37.8978 35.7765 0
    endloop
  endfacet
  facet normal 0 0 -1
    outer loop
      vertex 37.7716 36.148 0
      vertex 35 38 0
      vertex 37.5981 36.5 0
    endloop
  endfacet
  facet normal 0 0 -1
    outer loop
      vertex 37.5981 36.5 0
      vertex 35 38 0
      vertex 37.3801 36.8263 0
    endloop
  endfacet
  facet normal 0 0 -1
    outer loop
      vertex 37.1213 37.1213 0
      vertex 35 38 0
      vertex 36.8263 37.3801 0
    endloop
  endfacet
  facet normal 0 0 -1
    outer loop
      vertex 36.8263 37.3801 0
      vertex 35 38 0
      vertex 36.5 37.5981 0
    endloop
  endfacet
  facet normal 0 0 -1
    outer loop
      vertex 36.148 37.7716 0
      vertex 35 38 0
      vertex 35.7765 37.8978 0
    endloop
  endfacet
  facet normal 0 0 -1
    outer loop
      vertex 35.7765 37.8978 0
      vertex 35 38 0
      vertex 35.3916 37.9743 0
    endloop
  endfacet
  facet normal 0 0 -1
    outer loop
      vertex 36.5 37.5981 0
      vertex 35 38 0
      vertex 36.148 37.7716 0
    endloop
  endfacet
  facet normal 0 0 -1
    outer loop
      vertex 37.3801 36.8263 0
      vertex 35 38 0
      vertex 37.1213 37.1213 0
    endloop
  endfacet
  facet normal 0 0 -1
    outer loop
      vertex 37.8978 35.7765 0
      vertex 35 38 0
      vertex 37.7716 36.148 0
    endloop
  endfacet
  facet normal -0 0 -1
    outer loop
      vertex 38 35 0
      vertex 29.5 20.2 0
      vertex 35 38 0
    endloop
  endfacet
  facet normal 0 0 -1
    outer loop
      vertex 29.3434 20.1897 0
      vertex 35 38 0
      vertex 29.5 20.2 0
    endloop
  endfacet
  facet normal 0 0 -1
    outer loop
      vertex 22.182 22.182 0
      vertex 29.3434 20.1897 0
      vertex 29.1894 20.1591 0
    endloop
  endfacet
  facet normal 0 0 -1
    outer loop
      vertex 22.182 22.182 0
      vertex 29.1894 20.1591 0
      vertex 29.0408 20.1087 0
    endloop
  endfacet
  facet normal 0 0 -1
    outer loop
      vertex 22.5701 21.7394 0
      vertex 29.0408 20.1087 0
      vertex 28.9 20.0392 0
    endloop
  endfacet
  facet normal 0 0 -1
    outer loop
      vertex 22.8971 21.25 0
      vertex 28.9 20.0392 0
      vertex 28.7695 19.952 0
    endloop
  endfacet
  facet normal 0 0 -1
    outer loop
      vertex 22.8971 21.25 0
      vertex 28.7695 19.952 0
      vertex 28.6515 19.8485 0
    endloop
  endfacet
  facet normal 0 0 -1
    outer loop
      vertex 23.1575 20.7221 0
      vertex 28.6515 19.8485 0
      vertex 28.548 19.7305 0
    endloop
  endfacet
  facet normal 0 0 -1
    outer loop
      vertex 23.3467 20.1647 0
      vertex 28.548 19.7305 0
      vertex 28.4608 19.6 0
    endloop
  endfacet
  facet normal 0 0 -1
    outer loop
      vertex 23.3467 20.1647 0
      vertex 28.4608 19.6 0
      vertex 28.3913 19.4592 0
    endloop
  endfacet
  facet normal 0 0 -1
    outer loop
      vertex 23.5 19 0
      vertex 28.3103 19.1566 0
      vertex 28.3 19 0
    endloop
  endfacet
  facet normal 0 0 -1
    outer loop
      vertex 23.4615 19.5874 0
      vertex 28.3103 19.1566 0
      vertex 23.5 19 0
    endloop
  endfacet
  facet normal 0 0 -1
    outer loop
      vertex 28.3103 19.1566 0
      vertex 23.4615 19.5874 0
      vertex 28.3409 19.3106 0
    endloop
  endfacet
  facet normal 0 0 -1
    outer loop
      vertex 28.3409 19.3106 0
      vertex 23.4615 19.5874 0
      vertex 28.3913 19.4592 0
    endloop
  endfacet
  facet normal 0 0 -1
    outer loop
      vertex 23.3467 20.1647 0
      vertex 28.3913 19.4592 0
      vertex 23.4615 19.5874 0
    endloop
  endfacet
  facet normal 0 0 -1
    outer loop
      vertex 28.548 19.7305 0
      vertex 23.3467 20.1647 0
      vertex 23.1575 20.7221 0
    endloop
  endfacet
  facet normal 0 0 -1
    outer loop
      vertex 28.6515 19.8485 0
      vertex 23.1575 20.7221 0
      vertex 22.8971 21.25 0
    endloop
  endfacet
  facet normal 0 0 -1
    outer loop
      vertex 28.9 20.0392 0
      vertex 22.8971 21.25 0
      vertex 22.5701 21.7394 0
    endloop
  endfacet
  facet normal 0 0 -1
    outer loop
      vertex 29.0408 20.1087 0
      vertex 22.5701 21.7394 0
      vertex 22.182 22.182 0
    endloop
  endfacet
  facet normal 0 0 -1
    outer loop
      vertex 29.3434 20.1897 0
      vertex 22.182 22.182 0
      vertex 21.7394 22.5701 0
    endloop
  endfacet
  facet normal 0 0 -1
    outer loop
      vertex 29.3434 20.1897 0
      vertex 21.7394 22.5701 0
      vertex 35 38 0
    endloop
  endfacet
  facet normal 0 0 -1
    outer loop
      vertex 21.25 22.8971 0
      vertex 35 38 0
      vertex 21.7394 22.5701 0
    endloop
  endfacet
  facet normal 0 0 -1
    outer loop
      vertex 20.7221 23.1575 0
      vertex 35 38 0
      vertex 21.25 22.8971 0
    endloop
  endfacet
  facet normal 0 0 -1
    outer loop
      vertex 20.1647 23.3467 0
      vertex 35 38 0
      vertex 20.7221 23.1575 0
    endloop
  endfacet
  facet normal 0 0 -1
    outer loop
      vertex 19.5874 23.4615 0
      vertex 35 38 0
      vertex 20.1647 23.3467 0
    endloop
  endfacet
  facet normal 0 0 -1
    outer loop
      vertex 13.8 25.3856 0
      vertex 19.5874 23.4615 0
      vertex 19 23.5 0
    endloop
  endfacet
  facet normal 0 0 -1
    outer loop
      vertex 14.1314 25.1314 0
      vertex 19 23.5 0
      vertex 18.4126 23.4615 0
    endloop
  endfacet
  facet normal 0 0 -1
    outer loop
      vertex 14.2694 24.974 0
      vertex 18.4126 23.4615 0
      vertex 17.8353 23.3467 0
    endloop
  endfacet
  facet normal 0 0 -1
    outer loop
      vertex 14.4782 24.6123 0
      vertex 17.8353 23.3467 0
      vertex 17.2779 23.1575 0
    endloop
  endfacet
  facet normal 0 0 -1
    outer loop
      vertex 14.5863 24.2088 0
      vertex 17.2779 23.1575 0
      vertex 16.75 22.8971 0
    endloop
  endfacet
  facet normal 0 0 -1
    outer loop
      vertex 14.5863 23.7912 0
      vertex 16.75 22.8971 0
      vertex 16.2606 22.5701 0
    endloop
  endfacet
  facet normal 0 0 -1
    outer loop
      vertex 13.2088 22.4137 0
      vertex 14.8425 20.7221 0
      vertex 14.6533 20.1647 0
    endloop
  endfacet
  facet normal 0 0 -1
    outer loop
      vertex 14.5863 23.7912 0
      vertex 15.1029 21.25 0
      vertex 14.8425 20.7221 0
    endloop
  endfacet
  facet normal 0 0 -1
    outer loop
      vertex 14.5863 23.7912 0
      vertex 15.4299 21.7394 0
      vertex 15.1029 21.25 0
    endloop
  endfacet
  facet normal 0 0 -1
    outer loop
      vertex 14.5863 23.7912 0
      vertex 15.818 22.182 0
      vertex 15.4299 21.7394 0
    endloop
  endfacet
  facet normal 0 0 -1
    outer loop
      vertex 14.5863 23.7912 0
      vertex 16.2606 22.5701 0
      vertex 15.818 22.182 0
    endloop
  endfacet
  facet normal 0 0 -1
    outer loop
      vertex 16.75 22.8971 0
      vertex 14.6 24 0
      vertex 14.5863 24.2088 0
    endloop
  endfacet
  facet normal 0 0 -1
    outer loop
      vertex 17.2779 23.1575 0
      vertex 14.5863 24.2088 0
      vertex 14.5455 24.4141 0
    endloop
  endfacet
  facet normal 0 0 -1
    outer loop
      vertex 17.2779 23.1575 0
      vertex 14.5455 24.4141 0
      vertex 14.4782 24.6123 0
    endloop
  endfacet
  facet normal 0 0 -1
    outer loop
      vertex 17.8353 23.3467 0
      vertex 14.4782 24.6123 0
      vertex 14.3856 24.8 0
    endloop
  endfacet
  facet normal 0 0 -1
    outer loop
      vertex 17.8353 23.3467 0
      vertex 14.3856 24.8 0
      vertex 14.2694 24.974 0
    endloop
  endfacet
  facet normal 0 0 -1
    outer loop
      vertex 18.4126 23.4615 0
      vertex 14.2694 24.974 0
      vertex 14.1314 25.1314 0
    endloop
  endfacet
  facet normal 0 0 -1
    outer loop
      vertex 19 23.5 0
      vertex 14.1314 25.1314 0
      vertex 13.974 25.2694 0
    endloop
  endfacet
  facet normal 0 0 -1
    outer loop
      vertex 19 23.5 0
      vertex 13.974 25.2694 0
      vertex 13.8 25.3856 0
    endloop
  endfacet
  facet normal 0 0 -1
    outer loop
      vertex 19.5874 23.4615 0
      vertex 13.8 25.3856 0
      vertex 35 38 0
    endloop
  endfacet
  facet normal 0 0 -1
    outer loop
      vertex 13.6123 25.4782 0
      vertex 35 38 0
      vertex 13.8 25.3856 0
    endloop
  endfacet
  facet normal 0 0 -1
    outer loop
      vertex 3 38 0
      vertex 13.6123 25.4782 0
      vertex 13.4141 25.5455 0
    endloop
  endfacet
  facet normal 0 0 -1
    outer loop
      vertex 3 38 0
      vertex 13.4141 25.5455 0
      vertex 13.2088 25.5863 0
    endloop
  endfacet
  facet normal 0 0 -1
    outer loop
      vertex 3 38 0
      vertex 13.2088 25.5863 0
      vertex 13 25.6 0
    endloop
  endfacet
  facet normal 0 0 -1
    outer loop
      vertex 3 38 0
      vertex 13 25.6 0
      vertex 12.7912 25.5863 0
    endloop
  endfacet
  facet normal 0 0 -1
    outer loop
      vertex 3 38 0
      vertex 12.7912 25.5863 0
      vertex 12.5859 25.5455 0
    endloop
  endfacet
  facet normal 0 0 -1
    outer loop
      vertex 3 38 0
      vertex 12.5859 25.5455 0
      vertex 12.3877 25.4782 0
    endloop
  endfacet
  facet normal 0 0 -1
    outer loop
      vertex 3 38 0
      vertex 12.3877 25.4782 0
      vertex 12.2 25.3856 0
    endloop
  endfacet
  facet normal 0 0 -1
    outer loop
      vertex 9.23051 19.952 0
      vertex 11.8686 22.8686 0
      vertex 9.34853 19.8485 0
    endloop
  endfacet
  facet normal -0 0 -1
    outer loop
      vertex 11.8686 22.8686 0
      vertex 9.23051 19.952 0
      vertex 11.7306 23.026 0
    endloop
  endfacet
  facet normal 0 0 -1
    outer loop
      vertex 9.1 20.0392 0
      vertex 11.7306 23.026 0
      vertex 9.23051 19.952 0
    endloop
  endfacet
  facet normal -0 0 -1
    outer loop
      vertex 11.7306 23.026 0
      vertex 9.1 20.0392 0
      vertex 11.6144 23.2 0
    endloop
  endfacet
  facet normal 0 0 -1
    outer loop
      vertex 8.95922 20.1087 0
      vertex 11.6144 23.2 0
      vertex 9.1 20.0392 0
    endloop
  endfacet
  facet normal 0 0 -1
    outer loop
      vertex 8.81058 20.1591 0
      vertex 11.6144 23.2 0
      vertex 8.95922 20.1087 0
    endloop
  endfacet
  facet normal -0 0 -1
    outer loop
      vertex 11.6144 23.2 0
      vertex 8.81058 20.1591 0
      vertex 11.5218 23.3877 0
    endloop
  endfacet
  facet normal 0 0 -1
    outer loop
      vertex 8.65663 20.1897 0
      vertex 11.5218 23.3877 0
      vertex 8.81058 20.1591 0
    endloop
  endfacet
  facet normal -0 0 -1
    outer loop
      vertex 11.5218 23.3877 0
      vertex 8.65663 20.1897 0
      vertex 11.4545 23.5859 0
    endloop
  endfacet
  facet normal 0 0 -1
    outer loop
      vertex 8.5 20.2 0
      vertex 11.4545 23.5859 0
      vertex 8.65663 20.1897 0
    endloop
  endfacet
  facet normal -0 0 -1
    outer loop
      vertex 11.4545 23.5859 0
      vertex 8.5 20.2 0
      vertex 11.4137 23.7912 0
    endloop
  endfacet
  facet normal 0 0 -1
    outer loop
      vertex 8.34337 20.1897 0
      vertex 11.4137 23.7912 0
      vertex 8.5 20.2 0
    endloop
  endfacet
  facet normal -0 0 -1
    outer loop
      vertex 11.4137 23.7912 0
      vertex 8.34337 20.1897 0
      vertex 11.4 24 0
    endloop
  endfacet
  facet normal 0 0 -1
    outer loop
      vertex 8.18942 20.1591 0
      vertex 11.4 24 0
      vertex 8.34337 20.1897 0
    endloop
  endfacet
  facet normal -0 0 -1
    outer loop
      vertex 11.4 24 0
      vertex 8.18942 20.1591 0
      vertex 11.4137 24.2088 0
    endloop
  endfacet
  facet normal 0 0 -1
    outer loop
      vertex 8.04078 20.1087 0
      vertex 11.4137 24.2088 0
      vertex 8.18942 20.1591 0
    endloop
  endfacet
  facet normal -0 0 -1
    outer loop
      vertex 11.4137 24.2088 0
      vertex 8.04078 20.1087 0
      vertex 11.4545 24.4141 0
    endloop
  endfacet
  facet normal 0 0 -1
    outer loop
      vertex 7.9 20.0392 0
      vertex 11.4545 24.4141 0
      vertex 8.04078 20.1087 0
    endloop
  endfacet
  facet normal -0 0 -1
    outer loop
      vertex 11.4545 24.4141 0
      vertex 7.9 20.0392 0
      vertex 11.5218 24.6123 0
    endloop
  endfacet
  facet normal 0 0 -1
    outer loop
      vertex 0 35 0
      vertex 11.5218 24.6123 0
      vertex 7.9 20.0392 0
    endloop
  endfacet
  facet normal 0 0 -1
    outer loop
      vertex 11.5218 24.6123 0
      vertex 0 35 0
      vertex 11.6144 24.8 0
    endloop
  endfacet
  facet normal 0 0 -1
    outer loop
      vertex 0 35 0
      vertex 7.9 20.0392 0
      vertex 7.76949 19.952 0
    endloop
  endfacet
  facet normal 0 0 -1
    outer loop
      vertex 0 35 0
      vertex 7.76949 19.952 0
      vertex 7.65147 19.8485 0
    endloop
  endfacet
  facet normal 0 0 -1
    outer loop
      vertex 0 35 0
      vertex 7.65147 19.8485 0
      vertex 7.54798 19.7305 0
    endloop
  endfacet
  facet normal -0 0 -1
    outer loop
      vertex 7.31027 18.8434 0
      vertex 0 3 0
      vertex 7.3 19 0
    endloop
  endfacet
  facet normal 0 0 -1
    outer loop
      vertex 0 35 0
      vertex 7.3 19 0
      vertex 0 3 0
    endloop
  endfacet
  facet normal 0 0 -1
    outer loop
      vertex 13.6123 25.4782 0
      vertex 3 38 0
      vertex 35 38 0
    endloop
  endfacet
  facet normal 0 0 -1
    outer loop
      vertex 12.026 25.2694 0
      vertex 3 38 0
      vertex 12.2 25.3856 0
    endloop
  endfacet
  facet normal 0 0 -1
    outer loop
      vertex 0 35 0
      vertex 12.026 25.2694 0
      vertex 11.8686 25.1314 0
    endloop
  endfacet
  facet normal 0 0 -1
    outer loop
      vertex 0 35 0
      vertex 11.8686 25.1314 0
      vertex 11.7306 24.974 0
    endloop
  endfacet
  facet normal 0 0 -1
    outer loop
      vertex 11.6144 24.8 0
      vertex 0 35 0
      vertex 11.7306 24.974 0
    endloop
  endfacet
  facet normal 0 0 -1
    outer loop
      vertex 0 35 0
      vertex 7.54798 19.7305 0
      vertex 7.46077 19.6 0
    endloop
  endfacet
  facet normal 0 0 -1
    outer loop
      vertex 0 35 0
      vertex 7.46077 19.6 0
      vertex 7.39134 19.4592 0
    endloop
  endfacet
  facet normal 0 0 -1
    outer loop
      vertex 0 35 0
      vertex 7.39134 19.4592 0
      vertex 7.34089 19.3106 0
    endloop
  endfacet
  facet normal 0 0 -1
    outer loop
      vertex 7.3 19 0
      vertex 0 35 0
      vertex 7.31027 19.1566 0
    endloop
  endfacet
  facet normal 0 0 -1
    outer loop
      vertex 0 3 0
      vertex 3 0 0
      vertex 2.60842 0.0256653 0
    endloop
  endfacet
  facet normal 0 0 -1
    outer loop
      vertex 7.31027 19.1566 0
      vertex 0 35 0
      vertex 7.34089 19.3106 0
    endloop
  endfacet
  facet normal 0 0 -1
    outer loop
      vertex 0 3 0
      vertex 2.60842 0.0256653 0
      vertex 2.22354 0.102222 0
    endloop
  endfacet
  facet normal 0 0 -1
    outer loop
      vertex 12.026 25.2694 0
      vertex 0 35 0
      vertex 3 38 0
    endloop
  endfacet
  facet normal 0 0 -1
    outer loop
      vertex 0 3 0
      vertex 2.22354 0.102222 0
      vertex 1.85195 0.228361 0
    endloop
  endfacet
  facet normal 0 0 -1
    outer loop
      vertex 3 38 0
      vertex 0 35 0
      vertex 2.60842 37.9743 0
    endloop
  endfacet
  facet normal 0 0 -1
    outer loop
      vertex 0 3 0
      vertex 1.85195 0.228361 0
      vertex 1.5 0.401923 0
    endloop
  endfacet
  facet normal 0 0 -1
    outer loop
      vertex 2.60842 37.9743 0
      vertex 0 35 0
      vertex 2.22354 37.8978 0
    endloop
  endfacet
  facet normal 0 0 -1
    outer loop
      vertex 0 3 0
      vertex 1.5 0.401923 0
      vertex 1.17372 0.61994 0
    endloop
  endfacet
  facet normal 0 0 -1
    outer loop
      vertex 2.22354 37.8978 0
      vertex 0 35 0
      vertex 1.85195 37.7716 0
    endloop
  endfacet
  facet normal 0 0 -1
    outer loop
      vertex 0 3 0
      vertex 1.17372 0.61994 0
      vertex 0.878679 0.878679 0
    endloop
  endfacet
  facet normal 0 0 -1
    outer loop
      vertex 1.85195 37.7716 0
      vertex 0 35 0
      vertex 1.5 37.5981 0
    endloop
  endfacet
  facet normal 0 0 -1
    outer loop
      vertex 0 3 0
      vertex 0.878679 0.878679 0
      vertex 0.61994 1.17372 0
    endloop
  endfacet
  facet normal 0 0 -1
    outer loop
      vertex 1.5 37.5981 0
      vertex 0 35 0
      vertex 1.17372 37.3801 0
    endloop
  endfacet
  facet normal 0 0 -1
    outer loop
      vertex 0 3 0
      vertex 0.61994 1.17372 0
      vertex 0.401923 1.5 0
    endloop
  endfacet
  facet normal 0 0 -1
    outer loop
      vertex 1.17372 37.3801 0
      vertex 0 35 0
      vertex 0.878679 37.1213 0
    endloop
  endfacet
  facet normal 0 0 -1
    outer loop
      vertex 0 3 0
      vertex 0.401923 1.5 0
      vertex 0.228361 1.85195 0
    endloop
  endfacet
  facet normal 0 0 -1
    outer loop
      vertex 0.878679 37.1213 0
      vertex 0 35 0
      vertex 0.61994 36.8263 0
    endloop
  endfacet
  facet normal 0 0 -1
    outer loop
      vertex 0 3 0
      vertex 0.228361 1.85195 0
      vertex 0.102222 2.22354 0
    endloop
  endfacet
  facet normal 0 0 -1
    outer loop
      vertex 0.61994 36.8263 0
      vertex 0 35 0
      vertex 0.401923 36.5 0
    endloop
  endfacet
  facet normal 0 0 -1
    outer loop
      vertex 0 3 0
      vertex 0.102222 2.22354 0
      vertex 0.0256653 2.60842 0
    endloop
  endfacet
  facet normal 0 0 -1
    outer loop
      vertex 0.401923 36.5 0
      vertex 0 35 0
      vertex 0.228361 36.148 0
    endloop
  endfacet
  facet normal 0 0 -1
    outer loop
      vertex 0.228361 36.148 0
      vertex 0 35 0
      vertex 0.102222 35.7765 0
    endloop
  endfacet
  facet normal 0 0 -1
    outer loop
      vertex 0.102222 35.7765 0
      vertex 0 35 0
      vertex 0.0256653 35.3916 0
    endloop
  endfacet
  facet normal -0.946929 -0.321442 0
    outer loop
      vertex 0.228361 1.85195 0
      vertex 0.102222 2.22354 3
      vertex 0.102222 2.22354 0
    endloop
  endfacet
  facet normal -0.946929 -0.321442 0
    outer loop
      vertex 0.102222 2.22354 3
      vertex 0.228361 1.85195 0
      vertex 0.228361 1.85195 3
    endloop
  endfacet
  facet normal 0.195079 -0.980788 0
    outer loop
      vertex 35.3916 0.0256653 0
      vertex 35.7765 0.102222 3
      vertex 35.3916 0.0256653 3
    endloop
  endfacet
  facet normal 0.195079 -0.980788 0
    outer loop
      vertex 35.7765 0.102222 3
      vertex 35.3916 0.0256653 0
      vertex 35.7765 0.102222 0
    endloop
  endfacet
  facet normal -0.997859 0.0653993 0
    outer loop
      vertex 0 35 0
      vertex 0.0256653 35.3916 3
      vertex 0.0256653 35.3916 0
    endloop
  endfacet
  facet normal -0.997859 0.0653993 0
    outer loop
      vertex 0.0256653 35.3916 3
      vertex 0 35 0
      vertex 0 35 3
    endloop
  endfacet
  facet normal -0.980788 0.195079 0
    outer loop
      vertex 0.0256653 35.3916 0
      vertex 0.102222 35.7765 3
      vertex 0.102222 35.7765 0
    endloop
  endfacet
  facet normal -0.980788 0.195079 0
    outer loop
      vertex 0.102222 35.7765 3
      vertex 0.0256653 35.3916 0
      vertex 0.0256653 35.3916 3
    endloop
  endfacet
  facet normal 0.659478 0.751724 -0
    outer loop
      vertex 37.1213 37.1213 0
      vertex 36.8263 37.3801 3
      vertex 37.1213 37.1213 3
    endloop
  endfacet
  facet normal 0.659478 0.751724 0
    outer loop
      vertex 36.8263 37.3801 3
      vertex 37.1213 37.1213 0
      vertex 36.8263 37.3801 0
    endloop
  endfacet
  facet normal -0.555547 0.831485 0
    outer loop
      vertex 1.5 37.5981 0
      vertex 1.17372 37.3801 3
      vertex 1.5 37.5981 3
    endloop
  endfacet
  facet normal -0.555547 0.831485 0
    outer loop
      vertex 1.17372 37.3801 3
      vertex 1.5 37.5981 0
      vertex 1.17372 37.3801 0
    endloop
  endfacet
  facet normal 0 0 1
    outer loop
      vertex 35 38 3
      vertex 38 35 3
      vertex 37.9743 35.3916 3
    endloop
  endfacet
  facet normal 0 0 1
    outer loop
      vertex 38 35 3
      vertex 30.7 19 3
      vertex 38 3 3
    endloop
  endfacet
  facet normal 0 0 1
    outer loop
      vertex 35 38 3
      vertex 37.9743 35.3916 3
      vertex 37.8978 35.7765 3
    endloop
  endfacet
  facet normal -0 0 1
    outer loop
      vertex 30.6897 18.8434 3
      vertex 38 3 3
      vertex 30.7 19 3
    endloop
  endfacet
  facet normal 0 0 1
    outer loop
      vertex 35 38 3
      vertex 37.8978 35.7765 3
      vertex 37.7716 36.148 3
    endloop
  endfacet
  facet normal -0 0 1
    outer loop
      vertex 30.6591 18.6894 3
      vertex 38 3 3
      vertex 30.6897 18.8434 3
    endloop
  endfacet
  facet normal 0 0 1
    outer loop
      vertex 35 38 3
      vertex 37.7716 36.148 3
      vertex 37.5981 36.5 3
    endloop
  endfacet
  facet normal -0 0 1
    outer loop
      vertex 30.6087 18.5408 3
      vertex 38 3 3
      vertex 30.6591 18.6894 3
    endloop
  endfacet
  facet normal 0 0 1
    outer loop
      vertex 35 38 3
      vertex 37.5981 36.5 3
      vertex 37.3801 36.8263 3
    endloop
  endfacet
  facet normal -0 0 1
    outer loop
      vertex 30.5392 18.4 3
      vertex 38 3 3
      vertex 30.6087 18.5408 3
    endloop
  endfacet
  facet normal 0 0 1
    outer loop
      vertex 35 38 3
      vertex 37.3801 36.8263 3
      vertex 37.1213 37.1213 3
    endloop
  endfacet
  facet normal -0 0 1
    outer loop
      vertex 30.452 18.2695 3
      vertex 38 3 3
      vertex 30.5392 18.4 3
    endloop
  endfacet
  facet normal 0 0 1
    outer loop
      vertex 35 38 3
      vertex 37.1213 37.1213 3
      vertex 36.8263 37.3801 3
    endloop
  endfacet
  facet normal -0 0 1
    outer loop
      vertex 30.3485 18.1515 3
      vertex 38 3 3
      vertex 30.452 18.2695 3
    endloop
  endfacet
  facet normal 0 0 1
    outer loop
      vertex 35 38 3
      vertex 36.8263 37.3801 3
      vertex 36.5 37.5981 3
    endloop
  endfacet
  facet normal -0 0 1
    outer loop
      vertex 30.2305 18.048 3
      vertex 38 3 3
      vertex 30.3485 18.1515 3
    endloop
  endfacet
  facet normal 0 0 1
    outer loop
      vertex 35 38 3
      vertex 36.5 37.5981 3
      vertex 36.148 37.7716 3
    endloop
  endfacet
  facet normal -0 0 1
    outer loop
      vertex 30.1 17.9608 3
      vertex 38 3 3
      vertex 30.2305 18.048 3
    endloop
  endfacet
  facet normal 0 0 1
    outer loop
      vertex 35 38 3
      vertex 36.148 37.7716 3
      vertex 35.7765 37.8978 3
    endloop
  endfacet
  facet normal -0 0 1
    outer loop
      vertex 29.9592 17.8913 3
      vertex 38 3 3
      vertex 30.1 17.9608 3
    endloop
  endfacet
  facet normal 0 0 1
    outer loop
      vertex 35 38 3
      vertex 35.7765 37.8978 3
      vertex 35.3916 37.9743 3
    endloop
  endfacet
  facet normal -0 0 1
    outer loop
      vertex 29.8106 17.8409 3
      vertex 38 3 3
      vertex 29.9592 17.8913 3
    endloop
  endfacet
  facet normal 0 0 1
    outer loop
      vertex 29.5 20.2 3
      vertex 38 35 3
      vertex 35 38 3
    endloop
  endfacet
  facet normal -0 0 1
    outer loop
      vertex 29.6566 17.8103 3
      vertex 38 3 3
      vertex 29.8106 17.8409 3
    endloop
  endfacet
  facet normal -0 0 1
    outer loop
      vertex 29.5 17.8 3
      vertex 38 3 3
      vertex 29.6566 17.8103 3
    endloop
  endfacet
  facet normal 0 0 1
    outer loop
      vertex 38 35 3
      vertex 30.6897 19.1566 3
      vertex 30.7 19 3
    endloop
  endfacet
  facet normal 0 0 1
    outer loop
      vertex 38 35 3
      vertex 30.6591 19.3106 3
      vertex 30.6897 19.1566 3
    endloop
  endfacet
  facet normal 0 0 1
    outer loop
      vertex 38 35 3
      vertex 30.6087 19.4592 3
      vertex 30.6591 19.3106 3
    endloop
  endfacet
  facet normal 0 0 1
    outer loop
      vertex 38 35 3
      vertex 30.5392 19.6 3
      vertex 30.6087 19.4592 3
    endloop
  endfacet
  facet normal 0 0 1
    outer loop
      vertex 38 35 3
      vertex 30.452 19.7305 3
      vertex 30.5392 19.6 3
    endloop
  endfacet
  facet normal 0 0 1
    outer loop
      vertex 38 35 3
      vertex 30.3485 19.8485 3
      vertex 30.452 19.7305 3
    endloop
  endfacet
  facet normal 0 0 1
    outer loop
      vertex 38 35 3
      vertex 30.2305 19.952 3
      vertex 30.3485 19.8485 3
    endloop
  endfacet
  facet normal 0 0 1
    outer loop
      vertex 38 35 3
      vertex 30.1 20.0392 3
      vertex 30.2305 19.952 3
    endloop
  endfacet
  facet normal 0 0 1
    outer loop
      vertex 38 35 3
      vertex 29.9592 20.1087 3
      vertex 30.1 20.0392 3
    endloop
  endfacet
  facet normal 0 0 1
    outer loop
      vertex 38 35 3
      vertex 29.8106 20.1591 3
      vertex 29.9592 20.1087 3
    endloop
  endfacet
  facet normal 0 0 1
    outer loop
      vertex 38 35 3
      vertex 29.6566 20.1897 3
      vertex 29.8106 20.1591 3
    endloop
  endfacet
  facet normal 0 0 1
    outer loop
      vertex 38 35 3
      vertex 29.5 20.2 3
      vertex 29.6566 20.1897 3
    endloop
  endfacet
  facet normal 0 0 1
    outer loop
      vertex 35 38 3
      vertex 29.3434 20.1897 3
      vertex 29.5 20.2 3
    endloop
  endfacet
  facet normal -0 0 1
    outer loop
      vertex 21.7394 22.5701 3
      vertex 29.3434 20.1897 3
      vertex 35 38 3
    endloop
  endfacet
  facet normal -0 -0 1
    outer loop
      vertex 22.182 22.182 3
      vertex 29.3434 20.1897 3
      vertex 21.7394 22.5701 3
    endloop
  endfacet
  facet normal 0 0 1
    outer loop
      vertex 29.3434 20.1897 3
      vertex 22.182 22.182 3
      vertex 29.1894 20.1591 3
    endloop
  endfacet
  facet normal 0 0 1
    outer loop
      vertex 29.1894 20.1591 3
      vertex 22.182 22.182 3
      vertex 29.0408 20.1087 3
    endloop
  endfacet
  facet normal -0 -0 1
    outer loop
      vertex 22.5701 21.7394 3
      vertex 29.0408 20.1087 3
      vertex 22.182 22.182 3
    endloop
  endfacet
  facet normal -0 -0 1
    outer loop
      vertex 22.8971 21.25 3
      vertex 28.9 20.0392 3
      vertex 22.5701 21.7394 3
    endloop
  endfacet
  facet normal 0 0 1
    outer loop
      vertex 28.9 20.0392 3
      vertex 22.8971 21.25 3
      vertex 28.7695 19.952 3
    endloop
  endfacet
  facet normal 0 0 1
    outer loop
      vertex 28.7695 19.952 3
      vertex 22.8971 21.25 3
      vertex 28.6515 19.8485 3
    endloop
  endfacet
  facet normal 0 0 1
    outer loop
      vertex 28.3103 19.1566 3
      vertex 23.5 19 3
      vertex 28.3 19 3
    endloop
  endfacet
  facet normal 0 0 1
    outer loop
      vertex 23.4615 19.5874 3
      vertex 28.3103 19.1566 3
      vertex 28.3409 19.3106 3
    endloop
  endfacet
  facet normal 0 0 1
    outer loop
      vertex 23.4615 19.5874 3
      vertex 28.3409 19.3106 3
      vertex 28.3913 19.4592 3
    endloop
  endfacet
  facet normal -0 -0 1
    outer loop
      vertex 23.1575 20.7221 3
      vertex 28.6515 19.8485 3
      vertex 22.8971 21.25 3
    endloop
  endfacet
  facet normal 0 0 1
    outer loop
      vertex 28.3103 19.1566 3
      vertex 23.4615 19.5874 3
      vertex 23.5 19 3
    endloop
  endfacet
  facet normal 0 0 1
    outer loop
      vertex 28.3913 19.4592 3
      vertex 23.3467 20.1647 3
      vertex 23.4615 19.5874 3
    endloop
  endfacet
  facet normal 0 0 1
    outer loop
      vertex 28.4608 19.6 3
      vertex 23.3467 20.1647 3
      vertex 28.3913 19.4592 3
    endloop
  endfacet
  facet normal 0 0 1
    outer loop
      vertex 28.548 19.7305 3
      vertex 23.3467 20.1647 3
      vertex 28.4608 19.6 3
    endloop
  endfacet
  facet normal -0 -0 1
    outer loop
      vertex 23.3467 20.1647 3
      vertex 28.548 19.7305 3
      vertex 23.1575 20.7221 3
    endloop
  endfacet
  facet normal 0 0 1
    outer loop
      vertex 28.6515 19.8485 3
      vertex 23.1575 20.7221 3
      vertex 28.548 19.7305 3
    endloop
  endfacet
  facet normal 0 0 1
    outer loop
      vertex 29.0408 20.1087 3
      vertex 22.5701 21.7394 3
      vertex 28.9 20.0392 3
    endloop
  endfacet
  facet normal 0 0 1
    outer loop
      vertex 35 38 3
      vertex 21.25 22.8971 3
      vertex 21.7394 22.5701 3
    endloop
  endfacet
  facet normal 0 0 1
    outer loop
      vertex 35 38 3
      vertex 20.7221 23.1575 3
      vertex 21.25 22.8971 3
    endloop
  endfacet
  facet normal 0 0 1
    outer loop
      vertex 35 38 3
      vertex 20.1647 23.3467 3
      vertex 20.7221 23.1575 3
    endloop
  endfacet
  facet normal 0 0 1
    outer loop
      vertex 35 38 3
      vertex 19.5874 23.4615 3
      vertex 20.1647 23.3467 3
    endloop
  endfacet
  facet normal -0 0 1
    outer loop
      vertex 13.8 25.3856 3
      vertex 19.5874 23.4615 3
      vertex 35 38 3
    endloop
  endfacet
  facet normal 0 0 1
    outer loop
      vertex 19.5874 23.4615 3
      vertex 13.8 25.3856 3
      vertex 19 23.5 3
    endloop
  endfacet
  facet normal -0 -0 1
    outer loop
      vertex 13.974 25.2694 3
      vertex 19 23.5 3
      vertex 13.8 25.3856 3
    endloop
  endfacet
  facet normal 0 0 1
    outer loop
      vertex 19 23.5 3
      vertex 14.1314 25.1314 3
      vertex 18.4126 23.4615 3
    endloop
  endfacet
  facet normal 0 0 1
    outer loop
      vertex 18.4126 23.4615 3
      vertex 14.2694 24.974 3
      vertex 17.8353 23.3467 3
    endloop
  endfacet
  facet normal -0 -0 1
    outer loop
      vertex 14.3856 24.8 3
      vertex 17.8353 23.3467 3
      vertex 14.2694 24.974 3
    endloop
  endfacet
  facet normal -0 0 1
    outer loop
      vertex 14.3856 23.2 3
      vertex 15.818 22.182 3
      vertex 14.4782 23.3877 3
    endloop
  endfacet
  facet normal 0 0 1
    outer loop
      vertex 16.2606 22.5701 3
      vertex 14.4782 23.3877 3
      vertex 15.818 22.182 3
    endloop
  endfacet
  facet normal -0 0 1
    outer loop
      vertex 14.4782 23.3877 3
      vertex 16.2606 22.5701 3
      vertex 14.5455 23.5859 3
    endloop
  endfacet
  facet normal -0 0 1
    outer loop
      vertex 14.5455 23.5859 3
      vertex 16.2606 22.5701 3
      vertex 14.5863 23.7912 3
    endloop
  endfacet
  facet normal 0 0 1
    outer loop
      vertex 16.75 22.8971 3
      vertex 14.5863 23.7912 3
      vertex 16.2606 22.5701 3
    endloop
  endfacet
  facet normal -0 -0 1
    outer loop
      vertex 14.5455 24.4141 3
      vertex 17.2779 23.1575 3
      vertex 14.4782 24.6123 3
    endloop
  endfacet
  facet normal -0 0 1
    outer loop
      vertex 14.5863 23.7912 3
      vertex 16.75 22.8971 3
      vertex 14.6 24 3
    endloop
  endfacet
  facet normal -0 -0 1
    outer loop
      vertex 14.6 24 3
      vertex 16.75 22.8971 3
      vertex 14.5863 24.2088 3
    endloop
  endfacet
  facet normal 0 0 1
    outer loop
      vertex 17.2779 23.1575 3
      vertex 14.5863 24.2088 3
      vertex 16.75 22.8971 3
    endloop
  endfacet
  facet normal -0 -0 1
    outer loop
      vertex 14.5863 24.2088 3
      vertex 17.2779 23.1575 3
      vertex 14.5455 24.4141 3
    endloop
  endfacet
  facet normal 0 0 1
    outer loop
      vertex 17.8353 23.3467 3
      vertex 14.4782 24.6123 3
      vertex 17.2779 23.1575 3
    endloop
  endfacet
  facet normal -0 -0 1
    outer loop
      vertex 14.4782 24.6123 3
      vertex 17.8353 23.3467 3
      vertex 14.3856 24.8 3
    endloop
  endfacet
  facet normal -0 -0 1
    outer loop
      vertex 14.2694 24.974 3
      vertex 18.4126 23.4615 3
      vertex 14.1314 25.1314 3
    endloop
  endfacet
  facet normal -0 -0 1
    outer loop
      vertex 14.1314 25.1314 3
      vertex 19 23.5 3
      vertex 13.974 25.2694 3
    endloop
  endfacet
  facet normal 0 0 1
    outer loop
      vertex 35 38 3
      vertex 13.6123 25.4782 3
      vertex 13.8 25.3856 3
    endloop
  endfacet
  facet normal -0 0 1
    outer loop
      vertex 3 38 3
      vertex 13.6123 25.4782 3
      vertex 35 38 3
    endloop
  endfacet
  facet normal 0 0 1
    outer loop
      vertex 13.6123 25.4782 3
      vertex 3 38 3
      vertex 13.4141 25.5455 3
    endloop
  endfacet
  facet normal 0 0 1
    outer loop
      vertex 13.4141 25.5455 3
      vertex 3 38 3
      vertex 13.2088 25.5863 3
    endloop
  endfacet
  facet normal 0 0 1
    outer loop
      vertex 13.2088 25.5863 3
      vertex 3 38 3
      vertex 13 25.6 3
    endloop
  endfacet
  facet normal 0 0 1
    outer loop
      vertex 13 25.6 3
      vertex 3 38 3
      vertex 12.7912 25.5863 3
    endloop
  endfacet
  facet normal 0 0 1
    outer loop
      vertex 12.7912 25.5863 3
      vertex 3 38 3
      vertex 12.5859 25.5455 3
    endloop
  endfacet
  facet normal 0 0 1
    outer loop
      vertex 12.5859 25.5455 3
      vertex 3 38 3
      vertex 12.3877 25.4782 3
    endloop
  endfacet
  facet normal 0 0 1
    outer loop
      vertex 8.18942 20.1591 3
      vertex 11.4 24 3
      vertex 11.4137 24.2088 3
    endloop
  endfacet
  facet normal 0 0 1
    outer loop
      vertex 8.04078 20.1087 3
      vertex 11.4137 24.2088 3
      vertex 11.4545 24.4141 3
    endloop
  endfacet
  facet normal 0 0 1
    outer loop
      vertex 11.4 24 3
      vertex 9.68973 19.1566 3
      vertex 9.7 19 3
    endloop
  endfacet
  facet normal 0 0 1
    outer loop
      vertex 11.4 24 3
      vertex 9.65911 19.3106 3
      vertex 9.68973 19.1566 3
    endloop
  endfacet
  facet normal 0 0 1
    outer loop
      vertex 7.9 20.0392 3
      vertex 11.4545 24.4141 3
      vertex 11.5218 24.6123 3
    endloop
  endfacet
  facet normal 0 0 1
    outer loop
      vertex 11.4 24 3
      vertex 9.60865 19.4592 3
      vertex 9.65911 19.3106 3
    endloop
  endfacet
  facet normal 0 0 1
    outer loop
      vertex 11.4 24 3
      vertex 9.53923 19.6 3
      vertex 9.60865 19.4592 3
    endloop
  endfacet
  facet normal 0 0 1
    outer loop
      vertex 11.4 24 3
      vertex 9.45202 19.7305 3
      vertex 9.53923 19.6 3
    endloop
  endfacet
  facet normal 0 0 1
    outer loop
      vertex 11.4 24 3
      vertex 9.34853 19.8485 3
      vertex 9.45202 19.7305 3
    endloop
  endfacet
  facet normal 0 0 1
    outer loop
      vertex 11.4 24 3
      vertex 9.23051 19.952 3
      vertex 9.34853 19.8485 3
    endloop
  endfacet
  facet normal 0 0 1
    outer loop
      vertex 11.4 24 3
      vertex 9.1 20.0392 3
      vertex 9.23051 19.952 3
    endloop
  endfacet
  facet normal 0 0 1
    outer loop
      vertex 0 35 3
      vertex 11.5218 24.6123 3
      vertex 11.6144 24.8 3
    endloop
  endfacet
  facet normal 0 0 1
    outer loop
      vertex 11.4 24 3
      vertex 8.95922 20.1087 3
      vertex 9.1 20.0392 3
    endloop
  endfacet
  facet normal 0 0 1
    outer loop
      vertex 11.4 24 3
      vertex 8.81058 20.1591 3
      vertex 8.95922 20.1087 3
    endloop
  endfacet
  facet normal 0 0 1
    outer loop
      vertex 11.4 24 3
      vertex 8.65663 20.1897 3
      vertex 8.81058 20.1591 3
    endloop
  endfacet
  facet normal 0 0 1
    outer loop
      vertex 11.4 24 3
      vertex 8.5 20.2 3
      vertex 8.65663 20.1897 3
    endloop
  endfacet
  facet normal 0 0 1
    outer loop
      vertex 0 35 3
      vertex 11.6144 24.8 3
      vertex 11.7306 24.974 3
    endloop
  endfacet
  facet normal 0 0 1
    outer loop
      vertex 11.4 24 3
      vertex 8.34337 20.1897 3
      vertex 8.5 20.2 3
    endloop
  endfacet
  facet normal 0 0 1
    outer loop
      vertex 11.4 24 3
      vertex 8.18942 20.1591 3
      vertex 8.34337 20.1897 3
    endloop
  endfacet
  facet normal 0 0 1
    outer loop
      vertex 11.4137 24.2088 3
      vertex 8.04078 20.1087 3
      vertex 8.18942 20.1591 3
    endloop
  endfacet
  facet normal 0 0 1
    outer loop
      vertex 11.4545 24.4141 3
      vertex 7.9 20.0392 3
      vertex 8.04078 20.1087 3
    endloop
  endfacet
  facet normal 0 0 1
    outer loop
      vertex 11.5218 24.6123 3
      vertex 0 35 3
      vertex 7.9 20.0392 3
    endloop
  endfacet
  facet normal 0 0 1
    outer loop
      vertex 7.9 20.0392 3
      vertex 0 35 3
      vertex 7.76949 19.952 3
    endloop
  endfacet
  facet normal 0 0 1
    outer loop
      vertex 7.76949 19.952 3
      vertex 0 35 3
      vertex 7.65147 19.8485 3
    endloop
  endfacet
  facet normal 0 0 1
    outer loop
      vertex 7.34089 19.3106 3
      vertex 0 35 3
      vertex 7.31027 19.1566 3
    endloop
  endfacet
  facet normal 0 0 1
    outer loop
      vertex 7.39134 19.4592 3
      vertex 0 35 3
      vertex 7.34089 19.3106 3
    endloop
  endfacet
  facet normal 0 0 1
    outer loop
      vertex 7.46077 19.6 3
      vertex 0 35 3
      vertex 7.39134 19.4592 3
    endloop
  endfacet
  facet normal 0 0 1
    outer loop
      vertex 7.54798 19.7305 3
      vertex 0 35 3
      vertex 7.46077 19.6 3
    endloop
  endfacet
  facet normal 0 0 1
    outer loop
      vertex 7.65147 19.8485 3
      vertex 0 35 3
      vertex 7.54798 19.7305 3
    endloop
  endfacet
  facet normal 0 0 1
    outer loop
      vertex 11.8686 25.1314 3
      vertex 0 35 3
      vertex 11.7306 24.974 3
    endloop
  endfacet
  facet normal 0 0 1
    outer loop
      vertex 12.026 25.2694 3
      vertex 0 35 3
      vertex 11.8686 25.1314 3
    endloop
  endfacet
  facet normal -0 0 1
    outer loop
      vertex 0 35 3
      vertex 12.026 25.2694 3
      vertex 3 38 3
    endloop
  endfacet
  facet normal 0 0 1
    outer loop
      vertex 12.2 25.3856 3
      vertex 3 38 3
      vertex 12.026 25.2694 3
    endloop
  endfacet
  facet normal 0 0 1
    outer loop
      vertex 12.3877 25.4782 3
      vertex 3 38 3
      vertex 12.2 25.3856 3
    endloop
  endfacet
  facet normal 0 0 1
    outer loop
      vertex 38 3 3
      vertex 35 0 3
      vertex 37.9743 2.60842 3
    endloop
  endfacet
  facet normal 0 0 1
    outer loop
      vertex 37.9743 2.60842 3
      vertex 35 0 3
      vertex 37.8978 2.22354 3
    endloop
  endfacet
  facet normal 0 0 1
    outer loop
      vertex 37.7716 1.85195 3
      vertex 35 0 3
      vertex 37.5981 1.5 3
    endloop
  endfacet
  facet normal 0 0 1
    outer loop
      vertex 37.5981 1.5 3
      vertex 35 0 3
      vertex 37.3801 1.17372 3
    endloop
  endfacet
  facet normal 0 0 1
    outer loop
      vertex 37.1213 0.878679 3
      vertex 35 0 3
      vertex 36.8263 0.61994 3
    endloop
  endfacet
  facet normal 0 0 1
    outer loop
      vertex 36.8263 0.61994 3
      vertex 35 0 3
      vertex 36.5 0.401923 3
    endloop
  endfacet
  facet normal 0 0 1
    outer loop
      vertex 36.148 0.228361 3
      vertex 35 0 3
      vertex 35.7765 0.102222 3
    endloop
  endfacet
  facet normal 0 0 1
    outer loop
      vertex 35.7765 0.102222 3
      vertex 35 0 3
      vertex 35.3916 0.0256653 3
    endloop
  endfacet
  facet normal 0 0 1
    outer loop
      vertex 36.5 0.401923 3
      vertex 35 0 3
      vertex 36.148 0.228361 3
    endloop
  endfacet
  facet normal 0 0 1
    outer loop
      vertex 37.3801 1.17372 3
      vertex 35 0 3
      vertex 37.1213 0.878679 3
    endloop
  endfacet
  facet normal 0 0 1
    outer loop
      vertex 37.8978 2.22354 3
      vertex 35 0 3
      vertex 37.7716 1.85195 3
    endloop
  endfacet
  facet normal 0 0 1
    outer loop
      vertex 38 3 3
      vertex 29.5 17.8 3
      vertex 35 0 3
    endloop
  endfacet
  facet normal 0 0 1
    outer loop
      vertex 29.3434 17.8103 3
      vertex 35 0 3
      vertex 29.5 17.8 3
    endloop
  endfacet
  facet normal 0 0 1
    outer loop
      vertex 22.182 15.818 3
      vertex 29.3434 17.8103 3
      vertex 29.1894 17.8409 3
    endloop
  endfacet
  facet normal 0 0 1
    outer loop
      vertex 22.182 15.818 3
      vertex 29.1894 17.8409 3
      vertex 29.0408 17.8913 3
    endloop
  endfacet
  facet normal 0 0 1
    outer loop
      vertex 22.5701 16.2606 3
      vertex 29.0408 17.8913 3
      vertex 28.9 17.9608 3
    endloop
  endfacet
  facet normal 0 0 1
    outer loop
      vertex 22.8971 16.75 3
      vertex 28.9 17.9608 3
      vertex 28.7695 18.048 3
    endloop
  endfacet
  facet normal 0 0 1
    outer loop
      vertex 22.8971 16.75 3
      vertex 28.7695 18.048 3
      vertex 28.6515 18.1515 3
    endloop
  endfacet
  facet normal 0 0 1
    outer loop
      vertex 23.1575 17.2779 3
      vertex 28.6515 18.1515 3
      vertex 28.548 18.2695 3
    endloop
  endfacet
  facet normal 0 0 1
    outer loop
      vertex 23.3467 17.8353 3
      vertex 28.548 18.2695 3
      vertex 28.4608 18.4 3
    endloop
  endfacet
  facet normal 0 0 1
    outer loop
      vertex 23.3467 17.8353 3
      vertex 28.4608 18.4 3
      vertex 28.3913 18.5408 3
    endloop
  endfacet
  facet normal -0 0 1
    outer loop
      vertex 23.5 19 3
      vertex 28.3103 18.8434 3
      vertex 28.3 19 3
    endloop
  endfacet
  facet normal 0 0 1
    outer loop
      vertex 23.4615 18.4126 3
      vertex 28.3103 18.8434 3
      vertex 23.5 19 3
    endloop
  endfacet
  facet normal 0 0 1
    outer loop
      vertex 28.3103 18.8434 3
      vertex 23.4615 18.4126 3
      vertex 28.3409 18.6894 3
    endloop
  endfacet
  facet normal 0 0 1
    outer loop
      vertex 28.3409 18.6894 3
      vertex 23.4615 18.4126 3
      vertex 28.3913 18.5408 3
    endloop
  endfacet
  facet normal 0 0 1
    outer loop
      vertex 23.3467 17.8353 3
      vertex 28.3913 18.5408 3
      vertex 23.4615 18.4126 3
    endloop
  endfacet
  facet normal 0 0 1
    outer loop
      vertex 28.548 18.2695 3
      vertex 23.3467 17.8353 3
      vertex 23.1575 17.2779 3
    endloop
  endfacet
  facet normal 0 0 1
    outer loop
      vertex 28.6515 18.1515 3
      vertex 23.1575 17.2779 3
      vertex 22.8971 16.75 3
    endloop
  endfacet
  facet normal 0 0 1
    outer loop
      vertex 28.9 17.9608 3
      vertex 22.8971 16.75 3
      vertex 22.5701 16.2606 3
    endloop
  endfacet
  facet normal 0 0 1
    outer loop
      vertex 29.0408 17.8913 3
      vertex 22.5701 16.2606 3
      vertex 22.182 15.818 3
    endloop
  endfacet
  facet normal 0 0 1
    outer loop
      vertex 29.3434 17.8103 3
      vertex 22.182 15.818 3
      vertex 21.7394 15.4299 3
    endloop
  endfacet
  facet normal 0 0 1
    outer loop
      vertex 29.3434 17.8103 3
      vertex 21.7394 15.4299 3
      vertex 35 0 3
    endloop
  endfacet
  facet normal -0 0 1
    outer loop
      vertex 21.25 15.1029 3
      vertex 35 0 3
      vertex 21.7394 15.4299 3
    endloop
  endfacet
  facet normal -0 0 1
    outer loop
      vertex 20.7221 14.8425 3
      vertex 35 0 3
      vertex 21.25 15.1029 3
    endloop
  endfacet
  facet normal -0 0 1
    outer loop
      vertex 20.1647 14.6533 3
      vertex 35 0 3
      vertex 20.7221 14.8425 3
    endloop
  endfacet
  facet normal -0 0 1
    outer loop
      vertex 19.5874 14.5385 3
      vertex 35 0 3
      vertex 20.1647 14.6533 3
    endloop
  endfacet
  facet normal -0 0 1
    outer loop
      vertex 19 14.5 3
      vertex 35 0 3
      vertex 19.5874 14.5385 3
    endloop
  endfacet
  facet normal 0 0 1
    outer loop
      vertex 3 0 3
      vertex 19 14.5 3
      vertex 18.4126 14.5385 3
    endloop
  endfacet
  facet normal 0 0 1
    outer loop
      vertex 3 0 3
      vertex 18.4126 14.5385 3
      vertex 17.8353 14.6533 3
    endloop
  endfacet
  facet normal 0 0 1
    outer loop
      vertex 3 0 3
      vertex 17.8353 14.6533 3
      vertex 17.2779 14.8425 3
    endloop
  endfacet
  facet normal 0 0 1
    outer loop
      vertex 3 0 3
      vertex 17.2779 14.8425 3
      vertex 16.75 15.1029 3
    endloop
  endfacet
  facet normal 0 0 1
    outer loop
      vertex 3 0 3
      vertex 16.75 15.1029 3
      vertex 16.2606 15.4299 3
    endloop
  endfacet
  facet normal -0 0 1
    outer loop
      vertex 13.8 22.6144 3
      vertex 15.1029 21.25 3
      vertex 13.974 22.7306 3
    endloop
  endfacet
  facet normal -0 0 1
    outer loop
      vertex 13.6123 22.5218 3
      vertex 15.1029 21.25 3
      vertex 13.8 22.6144 3
    endloop
  endfacet
  facet normal 0 0 1
    outer loop
      vertex 15.1029 21.25 3
      vertex 13.6123 22.5218 3
      vertex 14.8425 20.7221 3
    endloop
  endfacet
  facet normal -0 0 1
    outer loop
      vertex 13.4141 22.4545 3
      vertex 14.8425 20.7221 3
      vertex 13.6123 22.5218 3
    endloop
  endfacet
  facet normal -0 0 1
    outer loop
      vertex 13.2088 22.4137 3
      vertex 14.8425 20.7221 3
      vertex 13.4141 22.4545 3
    endloop
  endfacet
  facet normal 0 0 1
    outer loop
      vertex 14.8425 20.7221 3
      vertex 13.2088 22.4137 3
      vertex 14.6533 20.1647 3
    endloop
  endfacet
  facet normal -0 0 1
    outer loop
      vertex 13 22.4 3
      vertex 14.6533 20.1647 3
      vertex 13.2088 22.4137 3
    endloop
  endfacet
  facet normal 0 0 1
    outer loop
      vertex 12.7912 22.4137 3
      vertex 14.6533 20.1647 3
      vertex 13 22.4 3
    endloop
  endfacet
  facet normal 0 0 1
    outer loop
      vertex 14.6533 20.1647 3
      vertex 12.7912 22.4137 3
      vertex 14.5385 19.5874 3
    endloop
  endfacet
  facet normal 0 0 1
    outer loop
      vertex 12.5859 22.4545 3
      vertex 14.5385 19.5874 3
      vertex 12.7912 22.4137 3
    endloop
  endfacet
  facet normal 0 0 1
    outer loop
      vertex 9.7 19 3
      vertex 14.5385 19.5874 3
      vertex 12.5859 22.4545 3
    endloop
  endfacet
  facet normal 0 0 1
    outer loop
      vertex 9.68973 18.8434 3
      vertex 14.5 19 3
      vertex 9.7 19 3
    endloop
  endfacet
  facet normal 0 0 1
    outer loop
      vertex 14.5 19 3
      vertex 9.68973 18.8434 3
      vertex 14.5385 18.4126 3
    endloop
  endfacet
  facet normal 0 0 1
    outer loop
      vertex 14.5385 19.5874 3
      vertex 9.7 19 3
      vertex 14.5 19 3
    endloop
  endfacet
  facet normal 0 0 1
    outer loop
      vertex 9.7 19 3
      vertex 12.5859 22.4545 3
      vertex 12.3877 22.5218 3
    endloop
  endfacet
  facet normal 0 0 1
    outer loop
      vertex 9.7 19 3
      vertex 12.3877 22.5218 3
      vertex 12.2 22.6144 3
    endloop
  endfacet
  facet normal -0 0 1
    outer loop
      vertex 9.65911 18.6894 3
      vertex 14.5385 18.4126 3
      vertex 9.68973 18.8434 3
    endloop
  endfacet
  facet normal 0 0 1
    outer loop
      vertex 9.7 19 3
      vertex 12.2 22.6144 3
      vertex 12.026 22.7306 3
    endloop
  endfacet
  facet normal 0 0 1
    outer loop
      vertex 9.7 19 3
      vertex 12.026 22.7306 3
      vertex 11.8686 22.8686 3
    endloop
  endfacet
  facet normal 0 0 1
    outer loop
      vertex 9.7 19 3
      vertex 11.8686 22.8686 3
      vertex 11.7306 23.026 3
    endloop
  endfacet
  facet normal 0 0 1
    outer loop
      vertex 9.7 19 3
      vertex 11.7306 23.026 3
      vertex 11.6144 23.2 3
    endloop
  endfacet
  facet normal 0 0 1
    outer loop
      vertex 9.7 19 3
      vertex 11.4137 23.7912 3
      vertex 11.4 24 3
    endloop
  endfacet
  facet normal 0 0 1
    outer loop
      vertex 9.7 19 3
      vertex 11.4545 23.5859 3
      vertex 11.4137 23.7912 3
    endloop
  endfacet
  facet normal 0 0 1
    outer loop
      vertex 9.7 19 3
      vertex 11.5218 23.3877 3
      vertex 11.4545 23.5859 3
    endloop
  endfacet
  facet normal 0 0 1
    outer loop
      vertex 9.7 19 3
      vertex 11.6144 23.2 3
      vertex 11.5218 23.3877 3
    endloop
  endfacet
  facet normal -0 0 1
    outer loop
      vertex 9.60865 18.5408 3
      vertex 14.5385 18.4126 3
      vertex 9.65911 18.6894 3
    endloop
  endfacet
  facet normal 0 0 1
    outer loop
      vertex 14.5385 18.4126 3
      vertex 9.60865 18.5408 3
      vertex 14.6533 17.8353 3
    endloop
  endfacet
  facet normal -0 0 1
    outer loop
      vertex 9.53923 18.4 3
      vertex 14.6533 17.8353 3
      vertex 9.60865 18.5408 3
    endloop
  endfacet
  facet normal -0 0 1
    outer loop
      vertex 9.45202 18.2695 3
      vertex 14.6533 17.8353 3
      vertex 9.53923 18.4 3
    endloop
  endfacet
  facet normal 0 0 1
    outer loop
      vertex 14.6533 17.8353 3
      vertex 9.45202 18.2695 3
      vertex 14.8425 17.2779 3
    endloop
  endfacet
  facet normal -0 0 1
    outer loop
      vertex 9.34853 18.1515 3
      vertex 14.8425 17.2779 3
      vertex 9.45202 18.2695 3
    endloop
  endfacet
  facet normal 0 0 1
    outer loop
      vertex 14.8425 17.2779 3
      vertex 9.34853 18.1515 3
      vertex 15.1029 16.75 3
    endloop
  endfacet
  facet normal -0 0 1
    outer loop
      vertex 9.23051 18.048 3
      vertex 15.1029 16.75 3
      vertex 9.34853 18.1515 3
    endloop
  endfacet
  facet normal -0 0 1
    outer loop
      vertex 9.1 17.9608 3
      vertex 15.1029 16.75 3
      vertex 9.23051 18.048 3
    endloop
  endfacet
  facet normal 0 0 1
    outer loop
      vertex 15.1029 16.75 3
      vertex 9.1 17.9608 3
      vertex 15.4299 16.2606 3
    endloop
  endfacet
  facet normal -0 0 1
    outer loop
      vertex 8.95922 17.8913 3
      vertex 15.4299 16.2606 3
      vertex 9.1 17.9608 3
    endloop
  endfacet
  facet normal 0 0 1
    outer loop
      vertex 15.4299 16.2606 3
      vertex 8.95922 17.8913 3
      vertex 15.818 15.818 3
    endloop
  endfacet
  facet normal -0 0 1
    outer loop
      vertex 8.81058 17.8409 3
      vertex 15.818 15.818 3
      vertex 8.95922 17.8913 3
    endloop
  endfacet
  facet normal -0 0 1
    outer loop
      vertex 8.65663 17.8103 3
      vertex 15.818 15.818 3
      vertex 8.81058 17.8409 3
    endloop
  endfacet
  facet normal 0 0 1
    outer loop
      vertex 15.818 15.818 3
      vertex 8.65663 17.8103 3
      vertex 16.2606 15.4299 3
    endloop
  endfacet
  facet normal 0 0 1
    outer loop
      vertex 16.2606 15.4299 3
      vertex 8.65663 17.8103 3
      vertex 3 0 3
    endloop
  endfacet
  facet normal 0 0 1
    outer loop
      vertex 3 0 3
      vertex 8.65663 17.8103 3
      vertex 8.5 17.8 3
    endloop
  endfacet
  facet normal 0 0 1
    outer loop
      vertex 0 3 3
      vertex 8.5 17.8 3
      vertex 8.34337 17.8103 3
    endloop
  endfacet
  facet normal 0 0 1
    outer loop
      vertex 0 3 3
      vertex 8.34337 17.8103 3
      vertex 8.18942 17.8409 3
    endloop
  endfacet
  facet normal 0 0 1
    outer loop
      vertex 0 3 3
      vertex 8.18942 17.8409 3
      vertex 8.04078 17.8913 3
    endloop
  endfacet
  facet normal 0 0 1
    outer loop
      vertex 0 3 3
      vertex 8.04078 17.8913 3
      vertex 7.9 17.9608 3
    endloop
  endfacet
  facet normal 0 0 1
    outer loop
      vertex 7.31027 19.1566 3
      vertex 0 35 3
      vertex 7.3 19 3
    endloop
  endfacet
  facet normal 0 0 1
    outer loop
      vertex 0 3 3
      vertex 7.3 19 3
      vertex 0 35 3
    endloop
  endfacet
  facet normal 0 0 1
    outer loop
      vertex 19 14.5 3
      vertex 3 0 3
      vertex 35 0 3
    endloop
  endfacet
  facet normal 0 0 1
    outer loop
      vertex 0 3 3
      vertex 7.9 17.9608 3
      vertex 7.76949 18.048 3
    endloop
  endfacet
  facet normal 0 0 1
    outer loop
      vertex 0 3 3
      vertex 7.76949 18.048 3
      vertex 7.65147 18.1515 3
    endloop
  endfacet
  facet normal 0 0 1
    outer loop
      vertex 0 3 3
      vertex 7.65147 18.1515 3
      vertex 7.54798 18.2695 3
    endloop
  endfacet
  facet normal 0 0 1
    outer loop
      vertex 0 3 3
      vertex 7.54798 18.2695 3
      vertex 7.46077 18.4 3
    endloop
  endfacet
  facet normal 0 0 1
    outer loop
      vertex 0 3 3
      vertex 7.46077 18.4 3
      vertex 7.39134 18.5408 3
    endloop
  endfacet
  facet normal 0 0 1
    outer loop
      vertex 0 3 3
      vertex 7.39134 18.5408 3
      vertex 7.34089 18.6894 3
    endloop
  endfacet
  facet normal 0 0 1
    outer loop
      vertex 7.3 19 3
      vertex 0 3 3
      vertex 7.31027 18.8434 3
    endloop
  endfacet
  facet normal 0 0 1
    outer loop
      vertex 0 35 3
      vertex 3 38 3
      vertex 2.60842 37.9743 3
    endloop
  endfacet
  facet normal 0 0 1
    outer loop
      vertex 7.31027 18.8434 3
      vertex 0 3 3
      vertex 7.34089 18.6894 3
    endloop
  endfacet
  facet normal 0 0 1
    outer loop
      vertex 0 35 3
      vertex 2.60842 37.9743 3
      vertex 2.22354 37.8978 3
    endloop
  endfacet
  facet normal 0 0 1
    outer loop
      vertex 8.5 17.8 3
      vertex 0 3 3
      vertex 3 0 3
    endloop
  endfacet
  facet normal 0 0 1
    outer loop
      vertex 0 35 3
      vertex 2.22354 37.8978 3
      vertex 1.85195 37.7716 3
    endloop
  endfacet
  facet normal 0 0 1
    outer loop
      vertex 3 0 3
      vertex 0 3 3
      vertex 2.60842 0.0256653 3
    endloop
  endfacet
  facet normal 0 0 1
    outer loop
      vertex 0 35 3
      vertex 1.85195 37.7716 3
      vertex 1.5 37.5981 3
    endloop
  endfacet
  facet normal 0 0 1
    outer loop
      vertex 2.60842 0.0256653 3
      vertex 0 3 3
      vertex 2.22354 0.102222 3
    endloop
  endfacet
  facet normal 0 0 1
    outer loop
      vertex 0 35 3
      vertex 1.5 37.5981 3
      vertex 1.17372 37.3801 3
    endloop
  endfacet
  facet normal 0 0 1
    outer loop
      vertex 2.22354 0.102222 3
      vertex 0 3 3
      vertex 1.85195 0.228361 3
    endloop
  endfacet
  facet normal 0 0 1
    outer loop
      vertex 0 35 3
      vertex 1.17372 37.3801 3
      vertex 0.878679 37.1213 3
    endloop
  endfacet
  facet normal 0 0 1
    outer loop
      vertex 1.85195 0.228361 3
      vertex 0 3 3
      vertex 1.5 0.401923 3
    endloop
  endfacet
  facet normal 0 0 1
    outer loop
      vertex 0 35 3
      vertex 0.878679 37.1213 3
      vertex 0.61994 36.8263 3
    endloop
  endfacet
  facet normal 0 0 1
    outer loop
      vertex 1.5 0.401923 3
      vertex 0 3 3
      vertex 1.17372 0.61994 3
    endloop
  endfacet
  facet normal 0 0 1
    outer loop
      vertex 0 35 3
      vertex 0.61994 36.8263 3
      vertex 0.401923 36.5 3
    endloop
  endfacet
  facet normal 0 0 1
    outer loop
      vertex 1.17372 0.61994 3
      vertex 0 3 3
      vertex 0.878679 0.878679 3
    endloop
  endfacet
  facet normal 0 0 1
    outer loop
      vertex 0 35 3
      vertex 0.401923 36.5 3
      vertex 0.228361 36.148 3
    endloop
  endfacet
  facet normal 0 0 1
    outer loop
      vertex 0.878679 0.878679 3
      vertex 0 3 3
      vertex 0.61994 1.17372 3
    endloop
  endfacet
  facet normal 0 0 1
    outer loop
      vertex 0 35 3
      vertex 0.228361 36.148 3
      vertex 0.102222 35.7765 3
    endloop
  endfacet
  facet normal 0 0 1
    outer loop
      vertex 0.61994 1.17372 3
      vertex 0 3 3
      vertex 0.401923 1.5 3
    endloop
  endfacet
  facet normal 0 0 1
    outer loop
      vertex 0 35 3
      vertex 0.102222 35.7765 3
      vertex 0.0256653 35.3916 3
    endloop
  endfacet
  facet normal 0 0 1
    outer loop
      vertex 0.401923 1.5 3
      vertex 0 3 3
      vertex 0.228361 1.85195 3
    endloop
  endfacet
  facet normal 0 0 1
    outer loop
      vertex 0.228361 1.85195 3
      vertex 0 3 3
      vertex 0.102222 2.22354 3
    endloop
  endfacet
  facet normal 0 0 1
    outer loop
      vertex 0.102222 2.22354 3
      vertex 0 3 3
      vertex 0.0256653 2.60842 3
    endloop
  endfacet
  facet normal -0 0 1
    outer loop
      vertex 14.2694 23.026 3
      vertex 15.818 22.182 3
      vertex 14.3856 23.2 3
    endloop
  endfacet
  facet normal 0 0 1
    outer loop
      vertex 15.818 22.182 3
      vertex 14.2694 23.026 3
      vertex 15.4299 21.7394 3
    endloop
  endfacet
  facet normal -0 0 1
    outer loop
      vertex 14.1314 22.8686 3
      vertex 15.4299 21.7394 3
      vertex 14.2694 23.026 3
    endloop
  endfacet
  facet normal -0 0 1
    outer loop
      vertex 13.974 22.7306 3
      vertex 15.4299 21.7394 3
      vertex 14.1314 22.8686 3
    endloop
  endfacet
  facet normal 0 0 1
    outer loop
      vertex 15.4299 21.7394 3
      vertex 13.974 22.7306 3
      vertex 15.1029 21.25 3
    endloop
  endfacet
  facet normal -0.946905 0.321512 0
    outer loop
      vertex 0.102222 35.7765 0
      vertex 0.228361 36.148 3
      vertex 0.228361 36.148 0
    endloop
  endfacet
  facet normal -0.946905 0.321512 0
    outer loop
      vertex 0.228361 36.148 3
      vertex 0.102222 35.7765 0
      vertex 0.102222 35.7765 3
    endloop
  endfacet
  facet normal -0.321442 -0.946929 0
    outer loop
      vertex 1.85195 0.228361 0
      vertex 2.22354 0.102222 3
      vertex 1.85195 0.228361 3
    endloop
  endfacet
  facet normal -0.321442 -0.946929 -0
    outer loop
      vertex 2.22354 0.102222 3
      vertex 1.85195 0.228361 0
      vertex 2.22354 0.102222 0
    endloop
  endfacet
  facet normal 0.442237 -0.896898 0
    outer loop
      vertex 36.148 0.228361 0
      vertex 36.5 0.401923 3
      vertex 36.148 0.228361 3
    endloop
  endfacet
  facet normal 0.442237 -0.896898 0
    outer loop
      vertex 36.5 0.401923 3
      vertex 36.148 0.228361 0
      vertex 36.5 0.401923 0
    endloop
  endfacet
  facet normal 0.896936 -0.44216 0
    outer loop
      vertex 37.5981 1.5 3
      vertex 37.7716 1.85195 0
      vertex 37.7716 1.85195 3
    endloop
  endfacet
  facet normal 0.896936 -0.44216 0
    outer loop
      vertex 37.7716 1.85195 0
      vertex 37.5981 1.5 3
      vertex 37.5981 1.5 0
    endloop
  endfacet
  facet normal -0.831465 -0.555577 0
    outer loop
      vertex 0.61994 1.17372 0
      vertex 0.401923 1.5 3
      vertex 0.401923 1.5 0
    endloop
  endfacet
  facet normal -0.831465 -0.555577 0
    outer loop
      vertex 0.401923 1.5 3
      vertex 0.61994 1.17372 0
      vertex 0.61994 1.17372 3
    endloop
  endfacet
  facet normal 0.997853 0.0654873 0
    outer loop
      vertex 38 35 3
      vertex 37.9743 35.3916 0
      vertex 37.9743 35.3916 3
    endloop
  endfacet
  facet normal 0.997853 0.0654873 0
    outer loop
      vertex 37.9743 35.3916 0
      vertex 38 35 3
      vertex 38 35 0
    endloop
  endfacet
  facet normal -0.195038 0.980796 0
    outer loop
      vertex 20.1647 14.6533 0
      vertex 19.5874 14.5385 3
      vertex 20.1647 14.6533 3
    endloop
  endfacet
  facet normal -0.195038 0.980796 0
    outer loop
      vertex 19.5874 14.5385 3
      vertex 20.1647 14.6533 0
      vertex 19.5874 14.5385 0
    endloop
  endfacet
  facet normal -0.980796 -0.195038 0
    outer loop
      vertex 23.4615 19.5874 0
      vertex 23.3467 20.1647 3
      vertex 23.3467 20.1647 0
    endloop
  endfacet
  facet normal -0.980796 -0.195038 0
    outer loop
      vertex 23.3467 20.1647 3
      vertex 23.4615 19.5874 0
      vertex 23.4615 19.5874 3
    endloop
  endfacet
  facet normal -0.997859 -0.0654027 0
    outer loop
      vertex 23.5 19 0
      vertex 23.4615 19.5874 3
      vertex 23.4615 19.5874 0
    endloop
  endfacet
  facet normal -0.997859 -0.0654027 0
    outer loop
      vertex 23.4615 19.5874 3
      vertex 23.5 19 0
      vertex 23.5 19 3
    endloop
  endfacet
  facet normal -0.980796 0.195038 0
    outer loop
      vertex 23.3467 17.8353 0
      vertex 23.4615 18.4126 3
      vertex 23.4615 18.4126 0
    endloop
  endfacet
  facet normal -0.980796 0.195038 0
    outer loop
      vertex 23.4615 18.4126 3
      vertex 23.3467 17.8353 0
      vertex 23.3467 17.8353 3
    endloop
  endfacet
  facet normal 0.831475 -0.555562 0
    outer loop
      vertex 15.1029 21.25 3
      vertex 15.4299 21.7394 0
      vertex 15.4299 21.7394 3
    endloop
  endfacet
  facet normal 0.831475 -0.555562 0
    outer loop
      vertex 15.4299 21.7394 0
      vertex 15.1029 21.25 3
      vertex 15.1029 21.25 0
    endloop
  endfacet
  facet normal -0.659298 -0.751882 0
    outer loop
      vertex 21.7394 22.5701 0
      vertex 22.182 22.182 3
      vertex 21.7394 22.5701 3
    endloop
  endfacet
  facet normal -0.659298 -0.751882 -0
    outer loop
      vertex 22.182 22.182 3
      vertex 21.7394 22.5701 0
      vertex 22.182 22.182 0
    endloop
  endfacet
  facet normal -0.195038 -0.980796 0
    outer loop
      vertex 19.5874 23.4615 0
      vertex 20.1647 23.3467 3
      vertex 19.5874 23.4615 3
    endloop
  endfacet
  facet normal -0.195038 -0.980796 -0
    outer loop
      vertex 20.1647 23.3467 3
      vertex 19.5874 23.4615 0
      vertex 20.1647 23.3467 0
    endloop
  endfacet
  facet normal -0.659298 0.751882 0
    outer loop
      vertex 22.182 15.818 0
      vertex 21.7394 15.4299 3
      vertex 22.182 15.818 3
    endloop
  endfacet
  facet normal -0.659298 0.751882 0
    outer loop
      vertex 21.7394 15.4299 3
      vertex 22.182 15.818 0
      vertex 21.7394 15.4299 0
    endloop
  endfacet
  facet normal -0.896827 0.442382 0
    outer loop
      vertex 22.8971 16.75 0
      vertex 23.1575 17.2779 3
      vertex 23.1575 17.2779 0
    endloop
  endfacet
  facet normal -0.896827 0.442382 0
    outer loop
      vertex 23.1575 17.2779 3
      vertex 22.8971 16.75 0
      vertex 22.8971 16.75 3
    endloop
  endfacet
  facet normal -0.946936 0.321421 0
    outer loop
      vertex 23.1575 17.2779 0
      vertex 23.3467 17.8353 3
      vertex 23.3467 17.8353 0
    endloop
  endfacet
  facet normal -0.946936 0.321421 0
    outer loop
      vertex 23.3467 17.8353 3
      vertex 23.1575 17.2779 0
      vertex 23.1575 17.2779 3
    endloop
  endfacet
  facet normal 0.946936 0.321421 0
    outer loop
      vertex 14.8425 17.2779 3
      vertex 14.6533 17.8353 0
      vertex 14.6533 17.8353 3
    endloop
  endfacet
  facet normal 0.946936 0.321421 0
    outer loop
      vertex 14.6533 17.8353 0
      vertex 14.8425 17.2779 3
      vertex 14.8425 17.2779 0
    endloop
  endfacet
  facet normal 0.555562 0.831475 -0
    outer loop
      vertex 16.75 15.1029 0
      vertex 16.2606 15.4299 3
      vertex 16.75 15.1029 3
    endloop
  endfacet
  facet normal 0.555562 0.831475 0
    outer loop
      vertex 16.2606 15.4299 3
      vertex 16.75 15.1029 0
      vertex 16.2606 15.4299 0
    endloop
  endfacet
  facet normal -0.831475 0.555562 0
    outer loop
      vertex 22.5701 16.2606 0
      vertex 22.8971 16.75 3
      vertex 22.8971 16.75 0
    endloop
  endfacet
  facet normal -0.831475 0.555562 0
    outer loop
      vertex 22.8971 16.75 3
      vertex 22.5701 16.2606 0
      vertex 22.5701 16.2606 3
    endloop
  endfacet
  facet normal 0.896827 -0.442382 0
    outer loop
      vertex 14.8425 20.7221 3
      vertex 15.1029 21.25 0
      vertex 15.1029 21.25 3
    endloop
  endfacet
  facet normal 0.896827 -0.442382 0
    outer loop
      vertex 15.1029 21.25 0
      vertex 14.8425 20.7221 3
      vertex 14.8425 20.7221 0
    endloop
  endfacet
  facet normal 0.831475 0.555562 0
    outer loop
      vertex 15.4299 16.2606 3
      vertex 15.1029 16.75 0
      vertex 15.1029 16.75 3
    endloop
  endfacet
  facet normal 0.831475 0.555562 0
    outer loop
      vertex 15.1029 16.75 0
      vertex 15.4299 16.2606 3
      vertex 15.4299 16.2606 0
    endloop
  endfacet
  facet normal 0.997859 -0.0654027 0
    outer loop
      vertex 14.5 19 3
      vertex 14.5385 19.5874 0
      vertex 14.5385 19.5874 3
    endloop
  endfacet
  facet normal 0.997859 -0.0654027 0
    outer loop
      vertex 14.5385 19.5874 0
      vertex 14.5 19 3
      vertex 14.5 19 0
    endloop
  endfacet
  facet normal 0.0654027 -0.997859 0
    outer loop
      vertex 18.4126 23.4615 0
      vertex 19 23.5 3
      vertex 18.4126 23.4615 3
    endloop
  endfacet
  facet normal 0.0654027 -0.997859 0
    outer loop
      vertex 19 23.5 3
      vertex 18.4126 23.4615 0
      vertex 19 23.5 0
    endloop
  endfacet
  facet normal 0.896827 0.442382 0
    outer loop
      vertex 15.1029 16.75 3
      vertex 14.8425 17.2779 0
      vertex 14.8425 17.2779 3
    endloop
  endfacet
  facet normal 0.896827 0.442382 0
    outer loop
      vertex 14.8425 17.2779 0
      vertex 15.1029 16.75 3
      vertex 15.1029 16.75 0
    endloop
  endfacet
  facet normal -0.442382 -0.896827 0
    outer loop
      vertex 20.7221 23.1575 0
      vertex 21.25 22.8971 3
      vertex 20.7221 23.1575 3
    endloop
  endfacet
  facet normal -0.442382 -0.896827 -0
    outer loop
      vertex 21.25 22.8971 3
      vertex 20.7221 23.1575 0
      vertex 21.25 22.8971 0
    endloop
  endfacet
  facet normal -0.0654027 0.997859 0
    outer loop
      vertex 19.5874 14.5385 0
      vertex 19 14.5 3
      vertex 19.5874 14.5385 3
    endloop
  endfacet
  facet normal -0.0654027 0.997859 0
    outer loop
      vertex 19 14.5 3
      vertex 19.5874 14.5385 0
      vertex 19 14.5 0
    endloop
  endfacet
  facet normal 0.751882 0.659298 0
    outer loop
      vertex 15.818 15.818 3
      vertex 15.4299 16.2606 0
      vertex 15.4299 16.2606 3
    endloop
  endfacet
  facet normal 0.751882 0.659298 0
    outer loop
      vertex 15.4299 16.2606 0
      vertex 15.818 15.818 3
      vertex 15.818 15.818 0
    endloop
  endfacet
  facet normal 0.321421 -0.946936 0
    outer loop
      vertex 17.2779 23.1575 0
      vertex 17.8353 23.3467 3
      vertex 17.2779 23.1575 3
    endloop
  endfacet
  facet normal 0.321421 -0.946936 0
    outer loop
      vertex 17.8353 23.3467 3
      vertex 17.2779 23.1575 0
      vertex 17.8353 23.3467 0
    endloop
  endfacet
  facet normal 0.997859 0.0654027 0
    outer loop
      vertex 14.5385 18.4126 3
      vertex 14.5 19 0
      vertex 14.5 19 3
    endloop
  endfacet
  facet normal 0.997859 0.0654027 0
    outer loop
      vertex 14.5 19 0
      vertex 14.5385 18.4126 3
      vertex 14.5385 18.4126 0
    endloop
  endfacet
  facet normal -0.946936 -0.321421 0
    outer loop
      vertex 23.3467 20.1647 0
      vertex 23.1575 20.7221 3
      vertex 23.1575 20.7221 0
    endloop
  endfacet
  facet normal -0.946936 -0.321421 0
    outer loop
      vertex 23.1575 20.7221 3
      vertex 23.3467 20.1647 0
      vertex 23.3467 20.1647 3
    endloop
  endfacet
  facet normal 0.659298 -0.751882 0
    outer loop
      vertex 15.818 22.182 0
      vertex 16.2606 22.5701 3
      vertex 15.818 22.182 3
    endloop
  endfacet
  facet normal 0.659298 -0.751882 0
    outer loop
      vertex 16.2606 22.5701 3
      vertex 15.818 22.182 0
      vertex 16.2606 22.5701 0
    endloop
  endfacet
  facet normal 0.751882 -0.659298 0
    outer loop
      vertex 15.4299 21.7394 3
      vertex 15.818 22.182 0
      vertex 15.818 22.182 3
    endloop
  endfacet
  facet normal 0.751882 -0.659298 0
    outer loop
      vertex 15.818 22.182 0
      vertex 15.4299 21.7394 3
      vertex 15.4299 21.7394 0
    endloop
  endfacet
  facet normal -0.831475 -0.555562 0
    outer loop
      vertex 22.8971 21.25 0
      vertex 22.5701 21.7394 3
      vertex 22.5701 21.7394 0
    endloop
  endfacet
  facet normal -0.831475 -0.555562 0
    outer loop
      vertex 22.5701 21.7394 3
      vertex 22.8971 21.25 0
      vertex 22.8971 21.25 3
    endloop
  endfacet
  facet normal -0.555562 -0.831475 0
    outer loop
      vertex 21.25 22.8971 0
      vertex 21.7394 22.5701 3
      vertex 21.25 22.8971 3
    endloop
  endfacet
  facet normal -0.555562 -0.831475 -0
    outer loop
      vertex 21.7394 22.5701 3
      vertex 21.25 22.8971 0
      vertex 21.7394 22.5701 0
    endloop
  endfacet
  facet normal 0.980796 0.195038 0
    outer loop
      vertex 14.6533 17.8353 3
      vertex 14.5385 18.4126 0
      vertex 14.5385 18.4126 3
    endloop
  endfacet
  facet normal 0.980796 0.195038 0
    outer loop
      vertex 14.5385 18.4126 0
      vertex 14.6533 17.8353 3
      vertex 14.6533 17.8353 0
    endloop
  endfacet
  facet normal 0.442382 -0.896827 0
    outer loop
      vertex 16.75 22.8971 0
      vertex 17.2779 23.1575 3
      vertex 16.75 22.8971 3
    endloop
  endfacet
  facet normal 0.442382 -0.896827 0
    outer loop
      vertex 17.2779 23.1575 3
      vertex 16.75 22.8971 0
      vertex 17.2779 23.1575 0
    endloop
  endfacet
  facet normal -0.321421 -0.946936 0
    outer loop
      vertex 20.1647 23.3467 0
      vertex 20.7221 23.1575 3
      vertex 20.1647 23.3467 3
    endloop
  endfacet
  facet normal -0.321421 -0.946936 -0
    outer loop
      vertex 20.7221 23.1575 3
      vertex 20.1647 23.3467 0
      vertex 20.7221 23.1575 0
    endloop
  endfacet
  facet normal -0.997859 0.0654027 0
    outer loop
      vertex 23.4615 18.4126 0
      vertex 23.5 19 3
      vertex 23.5 19 0
    endloop
  endfacet
  facet normal -0.997859 0.0654027 0
    outer loop
      vertex 23.5 19 3
      vertex 23.4615 18.4126 0
      vertex 23.4615 18.4126 3
    endloop
  endfacet
  facet normal -0.555562 0.831475 0
    outer loop
      vertex 21.7394 15.4299 0
      vertex 21.25 15.1029 3
      vertex 21.7394 15.4299 3
    endloop
  endfacet
  facet normal -0.555562 0.831475 0
    outer loop
      vertex 21.25 15.1029 3
      vertex 21.7394 15.4299 0
      vertex 21.25 15.1029 0
    endloop
  endfacet
  facet normal -0.896827 -0.442382 0
    outer loop
      vertex 23.1575 20.7221 0
      vertex 22.8971 21.25 3
      vertex 22.8971 21.25 0
    endloop
  endfacet
  facet normal -0.896827 -0.442382 0
    outer loop
      vertex 22.8971 21.25 3
      vertex 23.1575 20.7221 0
      vertex 23.1575 20.7221 3
    endloop
  endfacet
  facet normal 0.659298 0.751882 -0
    outer loop
      vertex 16.2606 15.4299 0
      vertex 15.818 15.818 3
      vertex 16.2606 15.4299 3
    endloop
  endfacet
  facet normal 0.659298 0.751882 0
    outer loop
      vertex 15.818 15.818 3
      vertex 16.2606 15.4299 0
      vertex 15.818 15.818 0
    endloop
  endfacet
  facet normal 0.321421 0.946936 -0
    outer loop
      vertex 17.8353 14.6533 0
      vertex 17.2779 14.8425 3
      vertex 17.8353 14.6533 3
    endloop
  endfacet
  facet normal 0.321421 0.946936 0
    outer loop
      vertex 17.2779 14.8425 3
      vertex 17.8353 14.6533 0
      vertex 17.2779 14.8425 0
    endloop
  endfacet
  facet normal 0.980796 -0.195038 0
    outer loop
      vertex 14.5385 19.5874 3
      vertex 14.6533 20.1647 0
      vertex 14.6533 20.1647 3
    endloop
  endfacet
  facet normal 0.980796 -0.195038 0
    outer loop
      vertex 14.6533 20.1647 0
      vertex 14.5385 19.5874 3
      vertex 14.5385 19.5874 0
    endloop
  endfacet
  facet normal -0.751882 0.659298 0
    outer loop
      vertex 22.182 15.818 0
      vertex 22.5701 16.2606 3
      vertex 22.5701 16.2606 0
    endloop
  endfacet
  facet normal -0.751882 0.659298 0
    outer loop
      vertex 22.5701 16.2606 3
      vertex 22.182 15.818 0
      vertex 22.182 15.818 3
    endloop
  endfacet
  facet normal 0.0654027 0.997859 -0
    outer loop
      vertex 19 14.5 0
      vertex 18.4126 14.5385 3
      vertex 19 14.5 3
    endloop
  endfacet
  facet normal 0.0654027 0.997859 0
    outer loop
      vertex 18.4126 14.5385 3
      vertex 19 14.5 0
      vertex 18.4126 14.5385 0
    endloop
  endfacet
  facet normal -0.751882 -0.659298 0
    outer loop
      vertex 22.5701 21.7394 0
      vertex 22.182 22.182 3
      vertex 22.182 22.182 0
    endloop
  endfacet
  facet normal -0.751882 -0.659298 0
    outer loop
      vertex 22.182 22.182 3
      vertex 22.5701 21.7394 0
      vertex 22.5701 21.7394 3
    endloop
  endfacet
  facet normal 0.555562 -0.831475 0
    outer loop
      vertex 16.2606 22.5701 0
      vertex 16.75 22.8971 3
      vertex 16.2606 22.5701 3
    endloop
  endfacet
  facet normal 0.555562 -0.831475 0
    outer loop
      vertex 16.75 22.8971 3
      vertex 16.2606 22.5701 0
      vertex 16.75 22.8971 0
    endloop
  endfacet
  facet normal -0.321421 0.946936 0
    outer loop
      vertex 20.7221 14.8425 0
      vertex 20.1647 14.6533 3
      vertex 20.7221 14.8425 3
    endloop
  endfacet
  facet normal -0.321421 0.946936 0
    outer loop
      vertex 20.1647 14.6533 3
      vertex 20.7221 14.8425 0
      vertex 20.1647 14.6533 0
    endloop
  endfacet
  facet normal -0.442382 0.896827 0
    outer loop
      vertex 21.25 15.1029 0
      vertex 20.7221 14.8425 3
      vertex 21.25 15.1029 3
    endloop
  endfacet
  facet normal -0.442382 0.896827 0
    outer loop
      vertex 20.7221 14.8425 3
      vertex 21.25 15.1029 0
      vertex 20.7221 14.8425 0
    endloop
  endfacet
  facet normal 0.195038 -0.980796 0
    outer loop
      vertex 17.8353 23.3467 0
      vertex 18.4126 23.4615 3
      vertex 17.8353 23.3467 3
    endloop
  endfacet
  facet normal 0.195038 -0.980796 0
    outer loop
      vertex 18.4126 23.4615 3
      vertex 17.8353 23.3467 0
      vertex 18.4126 23.4615 0
    endloop
  endfacet
  facet normal 0.195038 0.980796 -0
    outer loop
      vertex 18.4126 14.5385 0
      vertex 17.8353 14.6533 3
      vertex 18.4126 14.5385 3
    endloop
  endfacet
  facet normal 0.195038 0.980796 0
    outer loop
      vertex 17.8353 14.6533 3
      vertex 18.4126 14.5385 0
      vertex 17.8353 14.6533 0
    endloop
  endfacet
  facet normal -0.0654027 -0.997859 0
    outer loop
      vertex 19 23.5 0
      vertex 19.5874 23.4615 3
      vertex 19 23.5 3
    endloop
  endfacet
  facet normal -0.0654027 -0.997859 -0
    outer loop
      vertex 19.5874 23.4615 3
      vertex 19 23.5 0
      vertex 19.5874 23.4615 0
    endloop
  endfacet
  facet normal 0.442382 0.896827 -0
    outer loop
      vertex 17.2779 14.8425 0
      vertex 16.75 15.1029 3
      vertex 17.2779 14.8425 3
    endloop
  endfacet
  facet normal 0.442382 0.896827 0
    outer loop
      vertex 16.75 15.1029 3
      vertex 17.2779 14.8425 0
      vertex 16.75 15.1029 0
    endloop
  endfacet
  facet normal 0.946936 -0.321421 0
    outer loop
      vertex 14.6533 20.1647 3
      vertex 14.8425 20.7221 0
      vertex 14.8425 20.7221 3
    endloop
  endfacet
  facet normal 0.946936 -0.321421 0
    outer loop
      vertex 14.8425 20.7221 0
      vertex 14.6533 20.1647 3
      vertex 14.6533 20.1647 0
    endloop
  endfacet
endsolid OpenSCAD_Model
