solid OpenSCAD_Model
  facet normal -1 0 0
    outer loop
      vertex 30.8 20.2 0
      vertex 30.8 46.2 2.2
      vertex 30.8 46.2 0
    endloop
  endfacet
  facet normal -1 -0 0
    outer loop
      vertex 30.8 46.2 2.2
      vertex 30.8 20.2 0
      vertex 30.8 20.2 2.2
    endloop
  endfacet
  facet normal 1 -0 0
    outer loop
      vertex 28.8 20.2 2.2
      vertex 28.8 46.2 0
      vertex 28.8 46.2 2.2
    endloop
  endfacet
  facet normal 1 0 0
    outer loop
      vertex 28.8 46.2 0
      vertex 28.8 20.2 2.2
      vertex 28.8 20.2 0
    endloop
  endfacet
  facet normal 0 -1 0
    outer loop
      vertex 28.8 46.2 0
      vertex 30.8 46.2 2.2
      vertex 28.8 46.2 2.2
    endloop
  endfacet
  facet normal 0 -1 -0
    outer loop
      vertex 30.8 46.2 2.2
      vertex 28.8 46.2 0
      vertex 30.8 46.2 0
    endloop
  endfacet
  facet normal 0 1 -0
    outer loop
      vertex 30.8 20.2 0
      vertex 28.8 20.2 2.2
      vertex 30.8 20.2 2.2
    endloop
  endfacet
  facet normal 0 1 0
    outer loop
      vertex 28.8 20.2 2.2
      vertex 30.8 20.2 0
      vertex 28.8 20.2 0
    endloop
  endfacet
  facet normal -1 0 0
    outer loop
      vertex 35 20.2 0
      vertex 35 46.2 2.2
      vertex 35 46.2 0
    endloop
  endfacet
  facet normal -1 -0 0
    outer loop
      vertex 35 46.2 2.2
      vertex 35 20.2 0
      vertex 35 20.2 2.2
    endloop
  endfacet
  facet normal 1 -0 0
    outer loop
      vertex 33 20.2 2.2
      vertex 33 46.2 0
      vertex 33 46.2 2.2
    endloop
  endfacet
  facet normal 1 0 0
    outer loop
      vertex 33 46.2 0
      vertex 33 20.2 2.2
      vertex 33 20.2 0
    endloop
  endfacet
  facet normal 0 -1 0
    outer loop
      vertex 33 46.2 0
      vertex 35 46.2 2.2
      vertex 33 46.2 2.2
    endloop
  endfacet
  facet normal 0 -1 -0
    outer loop
      vertex 35 46.2 2.2
      vertex 33 46.2 0
      vertex 35 46.2 0
    endloop
  endfacet
  facet normal 0 1 -0
    outer loop
      vertex 35 20.2 0
      vertex 33 20.2 2.2
      vertex 35 20.2 2.2
    endloop
  endfacet
  facet normal 0 1 0
    outer loop
      vertex 33 20.2 2.2
      vertex 35 20.2 0
      vertex 33 20.2 0
    endloop
  endfacet
  facet normal -1 0 0
    outer loop
      vertex 39.2 20.2 0
      vertex 39.2 46.2 2.2
      vertex 39.2 46.2 0
    endloop
  endfacet
  facet normal -1 -0 0
    outer loop
      vertex 39.2 46.2 2.2
      vertex 39.2 20.2 0
      vertex 39.2 20.2 2.2
    endloop
  endfacet
  facet normal 1 -0 0
    outer loop
      vertex 37.2 20.2 2.2
      vertex 37.2 46.2 0
      vertex 37.2 46.2 2.2
    endloop
  endfacet
  facet normal 1 0 0
    outer loop
      vertex 37.2 46.2 0
      vertex 37.2 20.2 2.2
      vertex 37.2 20.2 0
    endloop
  endfacet
  facet normal 0 -1 0
    outer loop
      vertex 37.2 46.2 0
      vertex 39.2 46.2 2.2
      vertex 37.2 46.2 2.2
    endloop
  endfacet
  facet normal 0 -1 -0
    outer loop
      vertex 39.2 46.2 2.2
      vertex 37.2 46.2 0
      vertex 39.2 46.2 0
    endloop
  endfacet
  facet normal 0 1 -0
    outer loop
      vertex 39.2 20.2 0
      vertex 37.2 20.2 2.2
      vertex 39.2 20.2 2.2
    endloop
  endfacet
  facet normal 0 1 0
    outer loop
      vertex 37.2 20.2 2.2
      vertex 39.2 20.2 0
      vertex 37.2 20.2 0
    endloop
  endfacet
  facet normal -1 0 0
    outer loop
      vertex 43.4 20.2 0
      vertex 43.4 46.2 2.2
      vertex 43.4 46.2 0
    endloop
  endfacet
  facet normal -1 -0 0
    outer loop
      vertex 43.4 46.2 2.2
      vertex 43.4 20.2 0
      vertex 43.4 20.2 2.2
    endloop
  endfacet
  facet normal 1 -0 0
    outer loop
      vertex 41.4 20.2 2.2
      vertex 41.4 46.2 0
      vertex 41.4 46.2 2.2
    endloop
  endfacet
  facet normal 1 0 0
    outer loop
      vertex 41.4 46.2 0
      vertex 41.4 20.2 2.2
      vertex 41.4 20.2 0
    endloop
  endfacet
  facet normal 0 -1 0
    outer loop
      vertex 41.4 46.2 0
      vertex 43.4 46.2 2.2
      vertex 41.4 46.2 2.2
    endloop
  endfacet
  facet normal 0 -1 -0
    outer loop
      vertex 43.4 46.2 2.2
      vertex 41.4 46.2 0
      vertex 43.4 46.2 0
    endloop
  endfacet
  facet normal 0 1 -0
    outer loop
      vertex 43.4 20.2 0
      vertex 41.4 20.2 2.2
      vertex 43.4 20.2 2.2
    endloop
  endfacet
  facet normal 0 1 0
    outer loop
      vertex 41.4 20.2 2.2
      vertex 43.4 20.2 0
      vertex 41.4 20.2 0
    endloop
  endfacet
  facet normal -1 0 0
    outer loop
      vertex 47.6 20.2 0
      vertex 47.6 46.2 2.2
      vertex 47.6 46.2 0
    endloop
  endfacet
  facet normal -1 -0 0
    outer loop
      vertex 47.6 46.2 2.2
      vertex 47.6 20.2 0
      vertex 47.6 20.2 2.2
    endloop
  endfacet
  facet normal 1 -0 0
    outer loop
      vertex 45.6 20.2 2.2
      vertex 45.6 46.2 0
      vertex 45.6 46.2 2.2
    endloop
  endfacet
  facet normal 1 0 0
    outer loop
      vertex 45.6 46.2 0
      vertex 45.6 20.2 2.2
      vertex 45.6 20.2 0
    endloop
  endfacet
  facet normal 0 -1 0
    outer loop
      vertex 45.6 46.2 0
      vertex 47.6 46.2 2.2
      vertex 45.6 46.2 2.2
    endloop
  endfacet
  facet normal 0 -1 -0
    outer loop
      vertex 47.6 46.2 2.2
      vertex 45.6 46.2 0
      vertex 47.6 46.2 0
    endloop
  endfacet
  facet normal 0 1 -0
    outer loop
      vertex 47.6 20.2 0
      vertex 45.6 20.2 2.2
      vertex 47.6 20.2 2.2
    endloop
  endfacet
  facet normal 0 1 0
    outer loop
      vertex 45.6 20.2 2.2
      vertex 47.6 20.2 0
      vertex 45.6 20.2 0
    endloop
  endfacet
  facet normal -1 0 0
    outer loop
      vertex 51.8 20.2 0
      vertex 51.8 46.2 2.2
      vertex 51.8 46.2 0
    endloop
  endfacet
  facet normal -1 -0 0
    outer loop
      vertex 51.8 46.2 2.2
      vertex 51.8 20.2 0
      vertex 51.8 20.2 2.2
    endloop
  endfacet
  facet normal 1 -0 0
    outer loop
      vertex 49.8 20.2 2.2
      vertex 49.8 46.2 0
      vertex 49.8 46.2 2.2
    endloop
  endfacet
  facet normal 1 0 0
    outer loop
      vertex 49.8 46.2 0
      vertex 49.8 20.2 2.2
      vertex 49.8 20.2 0
    endloop
  endfacet
  facet normal 0 -1 0
    outer loop
      vertex 49.8 46.2 0
      vertex 51.8 46.2 2.2
      vertex 49.8 46.2 2.2
    endloop
  endfacet
  facet normal 0 -1 -0
    outer loop
      vertex 51.8 46.2 2.2
      vertex 49.8 46.2 0
      vertex 51.8 46.2 0
    endloop
  endfacet
  facet normal 0 1 -0
    outer loop
      vertex 51.8 20.2 0
      vertex 49.8 20.2 2.2
      vertex 51.8 20.2 2.2
    endloop
  endfacet
  facet normal 0 1 0
    outer loop
      vertex 49.8 20.2 2.2
      vertex 51.8 20.2 0
      vertex 49.8 20.2 0
    endloop
  endfacet
  facet normal -1 0 0
    outer loop
      vertex 56 20.2 0
      vertex 56 46.2 2.2
      vertex 56 46.2 0
    endloop
  endfacet
  facet normal -1 -0 0
    outer loop
      vertex 56 46.2 2.2
      vertex 56 20.2 0
      vertex 56 20.2 2.2
    endloop
  endfacet
  facet normal 1 -0 0
    outer loop
      vertex 54 20.2 2.2
      vertex 54 46.2 0
      vertex 54 46.2 2.2
    endloop
  endfacet
  facet normal 1 0 0
    outer loop
      vertex 54 46.2 0
      vertex 54 20.2 2.2
      vertex 54 20.2 0
    endloop
  endfacet
  facet normal 0 -1 0
    outer loop
      vertex 54 46.2 0
      vertex 56 46.2 2.2
      vertex 54 46.2 2.2
    endloop
  endfacet
  facet normal 0 -1 -0
    outer loop
      vertex 56 46.2 2.2
      vertex 54 46.2 0
      vertex 56 46.2 0
    endloop
  endfacet
  facet normal 0 1 -0
    outer loop
      vertex 56 20.2 0
      vertex 54 20.2 2.2
      vertex 56 20.2 2.2
    endloop
  endfacet
  facet normal 0 1 0
    outer loop
      vertex 54 20.2 2.2
      vertex 56 20.2 0
      vertex 54 20.2 0
    endloop
  endfacet
  facet normal -1 0 0
    outer loop
      vertex 60.2 20.2 0
      vertex 60.2 46.2 2.2
      vertex 60.2 46.2 0
    endloop
  endfacet
  facet normal -1 -0 0
    outer loop
      vertex 60.2 46.2 2.2
      vertex 60.2 20.2 0
      vertex 60.2 20.2 2.2
    endloop
  endfacet
  facet normal 1 -0 0
    outer loop
      vertex 58.2 20.2 2.2
      vertex 58.2 46.2 0
      vertex 58.2 46.2 2.2
    endloop
  endfacet
  facet normal 1 0 0
    outer loop
      vertex 58.2 46.2 0
      vertex 58.2 20.2 2.2
      vertex 58.2 20.2 0
    endloop
  endfacet
  facet normal 0 -1 0
    outer loop
      vertex 58.2 46.2 0
      vertex 60.2 46.2 2.2
      vertex 58.2 46.2 2.2
    endloop
  endfacet
  facet normal 0 -1 -0
    outer loop
      vertex 60.2 46.2 2.2
      vertex 58.2 46.2 0
      vertex 60.2 46.2 0
    endloop
  endfacet
  facet normal 0 1 -0
    outer loop
      vertex 60.2 20.2 0
      vertex 58.2 20.2 2.2
      vertex 60.2 20.2 2.2
    endloop
  endfacet
  facet normal 0 1 0
    outer loop
      vertex 58.2 20.2 2.2
      vertex 60.2 20.2 0
      vertex 58.2 20.2 0
    endloop
  endfacet
  facet normal -1 0 0
    outer loop
      vertex 64.4 20.2 0
      vertex 64.4 46.2 2.2
      vertex 64.4 46.2 0
    endloop
  endfacet
  facet normal -1 -0 0
    outer loop
      vertex 64.4 46.2 2.2
      vertex 64.4 20.2 0
      vertex 64.4 20.2 2.2
    endloop
  endfacet
  facet normal 1 -0 0
    outer loop
      vertex 62.4 20.2 2.2
      vertex 62.4 46.2 0
      vertex 62.4 46.2 2.2
    endloop
  endfacet
  facet normal 1 0 0
    outer loop
      vertex 62.4 46.2 0
      vertex 62.4 20.2 2.2
      vertex 62.4 20.2 0
    endloop
  endfacet
  facet normal 0 -1 0
    outer loop
      vertex 62.4 46.2 0
      vertex 64.4 46.2 2.2
      vertex 62.4 46.2 2.2
    endloop
  endfacet
  facet normal 0 -1 -0
    outer loop
      vertex 64.4 46.2 2.2
      vertex 62.4 46.2 0
      vertex 64.4 46.2 0
    endloop
  endfacet
  facet normal 0 1 -0
    outer loop
      vertex 64.4 20.2 0
      vertex 62.4 20.2 2.2
      vertex 64.4 20.2 2.2
    endloop
  endfacet
  facet normal 0 1 0
    outer loop
      vertex 62.4 20.2 2.2
      vertex 64.4 20.2 0
      vertex 62.4 20.2 0
    endloop
  endfacet
  facet normal -1 0 0
    outer loop
      vertex 0 2.5 0
      vertex 0 63.9 2.2
      vertex 0 63.9 0
    endloop
  endfacet
  facet normal -1 -0 0
    outer loop
      vertex 0 63.9 2.2
      vertex 0 2.5 0
      vertex 0 2.5 2.2
    endloop
  endfacet
  facet normal 0.997856 0.0654432 0
    outer loop
      vertex 95.4 63.9 2.2
      vertex 95.3786 64.2263 0
      vertex 95.3786 64.2263 2.2
    endloop
  endfacet
  facet normal 0.997856 0.0654432 0
    outer loop
      vertex 95.3786 64.2263 0
      vertex 95.4 63.9 2.2
      vertex 95.4 63.9 0
    endloop
  endfacet
  facet normal 0.896921 0.442191 0
    outer loop
      vertex 95.2097 64.8567 2.2
      vertex 95.0651 65.15 0
      vertex 95.0651 65.15 2.2
    endloop
  endfacet
  facet normal 0.896921 0.442191 0
    outer loop
      vertex 95.0651 65.15 0
      vertex 95.2097 64.8567 2.2
      vertex 95.2097 64.8567 0
    endloop
  endfacet
  facet normal 0 1 -0
    outer loop
      vertex 92.9 66.4 0
      vertex 2.5 66.4 2.2
      vertex 92.9 66.4 2.2
    endloop
  endfacet
  facet normal 0 1 0
    outer loop
      vertex 2.5 66.4 2.2
      vertex 92.9 66.4 0
      vertex 2.5 66.4 0
    endloop
  endfacet
  facet normal -0.946942 0.321404 0
    outer loop
      vertex 0.0851851 64.547 0
      vertex 0.190301 64.8567 2.2
      vertex 0.190301 64.8567 0
    endloop
  endfacet
  facet normal -0.946942 0.321404 0
    outer loop
      vertex 0.190301 64.8567 2.2
      vertex 0.0851851 64.547 0
      vertex 0.0851851 64.547 2.2
    endloop
  endfacet
  facet normal -0.980785 -0.195093 0
    outer loop
      vertex 0.0851851 1.85295 0
      vertex 0.0213871 2.17368 2.2
      vertex 0.0213871 2.17368 0
    endloop
  endfacet
  facet normal -0.980785 -0.195093 0
    outer loop
      vertex 0.0213871 2.17368 2.2
      vertex 0.0851851 1.85295 0
      vertex 0.0851851 1.85295 2.2
    endloop
  endfacet
  facet normal -0.83147 -0.555569 0
    outer loop
      vertex 0.516616 0.978096 0
      vertex 0.334936 1.25 2.2
      vertex 0.334936 1.25 0
    endloop
  endfacet
  facet normal -0.83147 -0.555569 0
    outer loop
      vertex 0.334936 1.25 2.2
      vertex 0.516616 0.978096 0
      vertex 0.516616 0.978096 2.2
    endloop
  endfacet
  facet normal 0.0654432 0.997856 -0
    outer loop
      vertex 93.2263 66.3786 0
      vertex 92.9 66.4 2.2
      vertex 93.2263 66.3786 2.2
    endloop
  endfacet
  facet normal 0.0654432 0.997856 0
    outer loop
      vertex 92.9 66.4 2.2
      vertex 93.2263 66.3786 0
      vertex 92.9 66.4 0
    endloop
  endfacet
  facet normal 1 -0 0
    outer loop
      vertex 95.4 2.5 2.2
      vertex 95.4 63.9 0
      vertex 95.4 63.9 2.2
    endloop
  endfacet
  facet normal 1 0 0
    outer loop
      vertex 95.4 63.9 0
      vertex 95.4 2.5 2.2
      vertex 95.4 2.5 0
    endloop
  endfacet
  facet normal 0.65929 -0.751889 0
    outer loop
      vertex 94.4219 0.516616 0
      vertex 94.6678 0.732232 2.2
      vertex 94.4219 0.516616 2.2
    endloop
  endfacet
  facet normal 0.65929 -0.751889 0
    outer loop
      vertex 94.6678 0.732232 2.2
      vertex 94.4219 0.516616 0
      vertex 94.6678 0.732232 0
    endloop
  endfacet
  facet normal -0.0654392 0.997857 0
    outer loop
      vertex 2.5 66.4 0
      vertex 2.17368 66.3786 2.2
      vertex 2.5 66.4 2.2
    endloop
  endfacet
  facet normal -0.0654392 0.997857 0
    outer loop
      vertex 2.17368 66.3786 2.2
      vertex 2.5 66.4 0
      vertex 2.17368 66.3786 0
    endloop
  endfacet
  facet normal -0.0654 -0.997859 0
    outer loop
      vertex 2.17368 0.0213871 0
      vertex 2.5 0 2.2
      vertex 2.17368 0.0213871 2.2
    endloop
  endfacet
  facet normal -0.0654 -0.997859 -0
    outer loop
      vertex 2.5 0 2.2
      vertex 2.17368 0.0213871 0
      vertex 2.5 0 0
    endloop
  endfacet
  facet normal 0.946957 0.32136 0
    outer loop
      vertex 95.3148 64.547 2.2
      vertex 95.2097 64.8567 0
      vertex 95.2097 64.8567 2.2
    endloop
  endfacet
  facet normal 0.946957 0.32136 0
    outer loop
      vertex 95.2097 64.8567 0
      vertex 95.3148 64.547 2.2
      vertex 95.3148 64.547 0
    endloop
  endfacet
  facet normal -0.659344 -0.751841 0
    outer loop
      vertex 0.732232 0.732232 0
      vertex 0.978096 0.516616 2.2
      vertex 0.732232 0.732232 2.2
    endloop
  endfacet
  facet normal -0.659344 -0.751841 -0
    outer loop
      vertex 0.978096 0.516616 2.2
      vertex 0.732232 0.732232 0
      vertex 0.978096 0.516616 0
    endloop
  endfacet
  facet normal -0.44229 -0.896872 0
    outer loop
      vertex 1.25 0.334936 0
      vertex 1.54329 0.190301 2.2
      vertex 1.25 0.334936 2.2
    endloop
  endfacet
  facet normal -0.44229 -0.896872 -0
    outer loop
      vertex 1.54329 0.190301 2.2
      vertex 1.25 0.334936 0
      vertex 1.54329 0.190301 0
    endloop
  endfacet
  facet normal 0.997857 -0.0654392 0
    outer loop
      vertex 95.3786 2.17368 2.2
      vertex 95.4 2.5 0
      vertex 95.4 2.5 2.2
    endloop
  endfacet
  facet normal 0.997857 -0.0654392 0
    outer loop
      vertex 95.4 2.5 0
      vertex 95.3786 2.17368 2.2
      vertex 95.3786 2.17368 0
    endloop
  endfacet
  facet normal 0.0654039 -0.997859 0
    outer loop
      vertex 92.9 0 0
      vertex 93.2263 0.0213871 2.2
      vertex 92.9 0 2.2
    endloop
  endfacet
  facet normal 0.0654039 -0.997859 0
    outer loop
      vertex 93.2263 0.0213871 2.2
      vertex 92.9 0 0
      vertex 93.2263 0.0213871 0
    endloop
  endfacet
  facet normal 0 -1 0
    outer loop
      vertex 2.5 0 0
      vertex 92.9 0 2.2
      vertex 2.5 0 2.2
    endloop
  endfacet
  facet normal 0 -1 -0
    outer loop
      vertex 92.9 0 2.2
      vertex 2.5 0 0
      vertex 92.9 0 0
    endloop
  endfacet
  facet normal 0.555575 -0.831466 0
    outer loop
      vertex 94.15 0.334936 0
      vertex 94.4219 0.516616 2.2
      vertex 94.15 0.334936 2.2
    endloop
  endfacet
  facet normal 0.555575 -0.831466 0
    outer loop
      vertex 94.4219 0.516616 2.2
      vertex 94.15 0.334936 0
      vertex 94.4219 0.516616 0
    endloop
  endfacet
  facet normal -0.659317 0.751865 0
    outer loop
      vertex 0.978096 65.8834 0
      vertex 0.732232 65.6678 2.2
      vertex 0.978096 65.8834 2.2
    endloop
  endfacet
  facet normal -0.659317 0.751865 0
    outer loop
      vertex 0.732232 65.6678 2.2
      vertex 0.978096 65.8834 0
      vertex 0.732232 65.6678 0
    endloop
  endfacet
  facet normal -0.94693 -0.321441 0
    outer loop
      vertex 0.190301 1.54329 0
      vertex 0.0851851 1.85295 2.2
      vertex 0.0851851 1.85295 0
    endloop
  endfacet
  facet normal -0.94693 -0.321441 0
    outer loop
      vertex 0.0851851 1.85295 2.2
      vertex 0.190301 1.54329 0
      vertex 0.190301 1.54329 2.2
    endloop
  endfacet
  facet normal -0.751841 -0.659344 0
    outer loop
      vertex 0.732232 0.732232 0
      vertex 0.516616 0.978096 2.2
      vertex 0.516616 0.978096 0
    endloop
  endfacet
  facet normal -0.751841 -0.659344 0
    outer loop
      vertex 0.516616 0.978096 2.2
      vertex 0.732232 0.732232 0
      vertex 0.732232 0.732232 2.2
    endloop
  endfacet
  facet normal 0.32136 0.946957 -0
    outer loop
      vertex 93.8567 66.2097 0
      vertex 93.547 66.3148 2.2
      vertex 93.8567 66.2097 2.2
    endloop
  endfacet
  facet normal 0.32136 0.946957 0
    outer loop
      vertex 93.547 66.3148 2.2
      vertex 93.8567 66.2097 0
      vertex 93.547 66.3148 0
    endloop
  endfacet
  facet normal -0.980781 0.19511 0
    outer loop
      vertex 0.0213871 64.2263 0
      vertex 0.0851851 64.547 2.2
      vertex 0.0851851 64.547 0
    endloop
  endfacet
  facet normal -0.980781 0.19511 0
    outer loop
      vertex 0.0851851 64.547 2.2
      vertex 0.0213871 64.2263 0
      vertex 0.0213871 64.2263 2.2
    endloop
  endfacet
  facet normal 0.659262 0.751913 -0
    outer loop
      vertex 94.6678 65.6678 0
      vertex 94.4219 65.8834 2.2
      vertex 94.6678 65.6678 2.2
    endloop
  endfacet
  facet normal 0.659262 0.751913 0
    outer loop
      vertex 94.4219 65.8834 2.2
      vertex 94.6678 65.6678 0
      vertex 94.4219 65.8834 0
    endloop
  endfacet
  facet normal 0.896915 -0.442204 0
    outer loop
      vertex 95.0651 1.25 2.2
      vertex 95.2097 1.54329 0
      vertex 95.2097 1.54329 2.2
    endloop
  endfacet
  facet normal 0.896915 -0.442204 0
    outer loop
      vertex 95.2097 1.54329 0
      vertex 95.0651 1.25 2.2
      vertex 95.0651 1.25 0
    endloop
  endfacet
  facet normal -0.442204 0.896915 0
    outer loop
      vertex 1.54329 66.2097 0
      vertex 1.25 66.0651 2.2
      vertex 1.54329 66.2097 2.2
    endloop
  endfacet
  facet normal -0.442204 0.896915 0
    outer loop
      vertex 1.25 66.0651 2.2
      vertex 1.54329 66.2097 0
      vertex 1.25 66.0651 0
    endloop
  endfacet
  facet normal -0.997859 -0.0654 0
    outer loop
      vertex 0.0213871 2.17368 0
      vertex 0 2.5 2.2
      vertex 0 2.5 0
    endloop
  endfacet
  facet normal -0.997859 -0.0654 0
    outer loop
      vertex 0 2.5 2.2
      vertex 0.0213871 2.17368 0
      vertex 0.0213871 2.17368 2.2
    endloop
  endfacet
  facet normal 0.442191 0.896921 -0
    outer loop
      vertex 94.15 66.0651 0
      vertex 93.8567 66.2097 2.2
      vertex 94.15 66.0651 2.2
    endloop
  endfacet
  facet normal 0.442191 0.896921 0
    outer loop
      vertex 93.8567 66.2097 2.2
      vertex 94.15 66.0651 0
      vertex 93.8567 66.2097 0
    endloop
  endfacet
  facet normal 0.555617 0.831438 -0
    outer loop
      vertex 94.4219 65.8834 0
      vertex 94.15 66.0651 2.2
      vertex 94.4219 65.8834 2.2
    endloop
  endfacet
  facet normal 0.555617 0.831438 0
    outer loop
      vertex 94.15 66.0651 2.2
      vertex 94.4219 65.8834 0
      vertex 94.15 66.0651 0
    endloop
  endfacet
  facet normal 0.98078 0.195116 0
    outer loop
      vertex 95.3786 64.2263 2.2
      vertex 95.3148 64.547 0
      vertex 95.3148 64.547 2.2
    endloop
  endfacet
  facet normal 0.98078 0.195116 0
    outer loop
      vertex 95.3148 64.547 0
      vertex 95.3786 64.2263 2.2
      vertex 95.3786 64.2263 0
    endloop
  endfacet
  facet normal 0.751913 0.659262 0
    outer loop
      vertex 94.8834 65.4219 2.2
      vertex 94.6678 65.6678 0
      vertex 94.6678 65.6678 2.2
    endloop
  endfacet
  facet normal 0.751913 0.659262 0
    outer loop
      vertex 94.6678 65.6678 0
      vertex 94.8834 65.4219 2.2
      vertex 94.8834 65.4219 0
    endloop
  endfacet
  facet normal -0.896878 0.442277 0
    outer loop
      vertex 0.190301 64.8567 0
      vertex 0.334936 65.15 2.2
      vertex 0.334936 65.15 0
    endloop
  endfacet
  facet normal -0.896878 0.442277 0
    outer loop
      vertex 0.334936 65.15 2.2
      vertex 0.190301 64.8567 0
      vertex 0.190301 64.8567 2.2
    endloop
  endfacet
  facet normal -0.321397 0.946944 0
    outer loop
      vertex 1.85295 66.3148 0
      vertex 1.54329 66.2097 2.2
      vertex 1.85295 66.3148 2.2
    endloop
  endfacet
  facet normal -0.321397 0.946944 0
    outer loop
      vertex 1.54329 66.2097 2.2
      vertex 1.85295 66.3148 0
      vertex 1.54329 66.2097 0
    endloop
  endfacet
  facet normal -0.195093 -0.980785 0
    outer loop
      vertex 1.85295 0.0851851 0
      vertex 2.17368 0.0213871 2.2
      vertex 1.85295 0.0851851 2.2
    endloop
  endfacet
  facet normal -0.195093 -0.980785 -0
    outer loop
      vertex 2.17368 0.0213871 2.2
      vertex 1.85295 0.0851851 0
      vertex 2.17368 0.0213871 0
    endloop
  endfacet
  facet normal -0.555612 0.831442 0
    outer loop
      vertex 1.25 66.0651 0
      vertex 0.978096 65.8834 2.2
      vertex 1.25 66.0651 2.2
    endloop
  endfacet
  facet normal -0.555612 0.831442 0
    outer loop
      vertex 0.978096 65.8834 2.2
      vertex 1.25 66.0651 0
      vertex 0.978096 65.8834 0
    endloop
  endfacet
  facet normal -0.896872 -0.44229 0
    outer loop
      vertex 0.334936 1.25 0
      vertex 0.190301 1.54329 2.2
      vertex 0.190301 1.54329 0
    endloop
  endfacet
  facet normal -0.896872 -0.44229 0
    outer loop
      vertex 0.190301 1.54329 2.2
      vertex 0.334936 1.25 0
      vertex 0.334936 1.25 2.2
    endloop
  endfacet
  facet normal -0.321441 -0.94693 0
    outer loop
      vertex 1.54329 0.190301 0
      vertex 1.85295 0.0851851 2.2
      vertex 1.54329 0.190301 2.2
    endloop
  endfacet
  facet normal -0.321441 -0.94693 -0
    outer loop
      vertex 1.85295 0.0851851 2.2
      vertex 1.54329 0.190301 0
      vertex 1.85295 0.0851851 0
    endloop
  endfacet
  facet normal -0.555569 -0.83147 0
    outer loop
      vertex 0.978096 0.516616 0
      vertex 1.25 0.334936 2.2
      vertex 0.978096 0.516616 2.2
    endloop
  endfacet
  facet normal -0.555569 -0.83147 -0
    outer loop
      vertex 1.25 0.334936 2.2
      vertex 0.978096 0.516616 0
      vertex 1.25 0.334936 0
    endloop
  endfacet
  facet normal -0.195099 0.980784 0
    outer loop
      vertex 2.17368 66.3786 0
      vertex 1.85295 66.3148 2.2
      vertex 2.17368 66.3786 2.2
    endloop
  endfacet
  facet normal -0.195099 0.980784 0
    outer loop
      vertex 1.85295 66.3148 2.2
      vertex 2.17368 66.3786 0
      vertex 1.85295 66.3148 0
    endloop
  endfacet
  facet normal -0.997859 0.0654039 0
    outer loop
      vertex 0 63.9 0
      vertex 0.0213871 64.2263 2.2
      vertex 0.0213871 64.2263 0
    endloop
  endfacet
  facet normal -0.997859 0.0654039 0
    outer loop
      vertex 0.0213871 64.2263 2.2
      vertex 0 63.9 0
      vertex 0 63.9 2.2
    endloop
  endfacet
  facet normal 0.321404 -0.946942 0
    outer loop
      vertex 93.547 0.0851851 0
      vertex 93.8567 0.190301 2.2
      vertex 93.547 0.0851851 2.2
    endloop
  endfacet
  facet normal 0.321404 -0.946942 0
    outer loop
      vertex 93.8567 0.190301 2.2
      vertex 93.547 0.0851851 0
      vertex 93.8567 0.190301 0
    endloop
  endfacet
  facet normal 0.19511 -0.980781 0
    outer loop
      vertex 93.2263 0.0213871 0
      vertex 93.547 0.0851851 2.2
      vertex 93.2263 0.0213871 2.2
    endloop
  endfacet
  facet normal 0.19511 -0.980781 0
    outer loop
      vertex 93.547 0.0851851 2.2
      vertex 93.2263 0.0213871 0
      vertex 93.547 0.0851851 0
    endloop
  endfacet
  facet normal -0.831466 0.555575 0
    outer loop
      vertex 0.334936 65.15 0
      vertex 0.516616 65.4219 2.2
      vertex 0.516616 65.4219 0
    endloop
  endfacet
  facet normal -0.831466 0.555575 0
    outer loop
      vertex 0.516616 65.4219 2.2
      vertex 0.334936 65.15 0
      vertex 0.334936 65.15 2.2
    endloop
  endfacet
  facet normal 0.831438 0.555617 0
    outer loop
      vertex 95.0651 65.15 2.2
      vertex 94.8834 65.4219 0
      vertex 94.8834 65.4219 2.2
    endloop
  endfacet
  facet normal 0.831438 0.555617 0
    outer loop
      vertex 94.8834 65.4219 0
      vertex 95.0651 65.15 2.2
      vertex 95.0651 65.15 0
    endloop
  endfacet
  facet normal 0.751865 -0.659317 0
    outer loop
      vertex 94.6678 0.732232 2.2
      vertex 94.8834 0.978096 0
      vertex 94.8834 0.978096 2.2
    endloop
  endfacet
  facet normal 0.751865 -0.659317 0
    outer loop
      vertex 94.8834 0.978096 0
      vertex 94.6678 0.732232 2.2
      vertex 94.6678 0.732232 0
    endloop
  endfacet
  facet normal 0.831442 -0.555612 0
    outer loop
      vertex 94.8834 0.978096 2.2
      vertex 95.0651 1.25 0
      vertex 95.0651 1.25 2.2
    endloop
  endfacet
  facet normal 0.831442 -0.555612 0
    outer loop
      vertex 95.0651 1.25 0
      vertex 94.8834 0.978096 2.2
      vertex 94.8834 0.978096 0
    endloop
  endfacet
  facet normal 0.442277 -0.896878 0
    outer loop
      vertex 93.8567 0.190301 0
      vertex 94.15 0.334936 2.2
      vertex 93.8567 0.190301 2.2
    endloop
  endfacet
  facet normal 0.442277 -0.896878 0
    outer loop
      vertex 94.15 0.334936 2.2
      vertex 93.8567 0.190301 0
      vertex 94.15 0.334936 0
    endloop
  endfacet
  facet normal 0.946944 -0.321397 0
    outer loop
      vertex 95.2097 1.54329 2.2
      vertex 95.3148 1.85295 0
      vertex 95.3148 1.85295 2.2
    endloop
  endfacet
  facet normal 0.946944 -0.321397 0
    outer loop
      vertex 95.3148 1.85295 0
      vertex 95.2097 1.54329 2.2
      vertex 95.2097 1.54329 0
    endloop
  endfacet
  facet normal 0.195116 0.98078 -0
    outer loop
      vertex 93.547 66.3148 0
      vertex 93.2263 66.3786 2.2
      vertex 93.547 66.3148 2.2
    endloop
  endfacet
  facet normal 0.195116 0.98078 0
    outer loop
      vertex 93.2263 66.3786 2.2
      vertex 93.547 66.3148 0
      vertex 93.2263 66.3786 0
    endloop
  endfacet
  facet normal -0.751889 0.65929 0
    outer loop
      vertex 0.516616 65.4219 0
      vertex 0.732232 65.6678 2.2
      vertex 0.732232 65.6678 0
    endloop
  endfacet
  facet normal -0.751889 0.65929 0
    outer loop
      vertex 0.732232 65.6678 2.2
      vertex 0.516616 65.4219 0
      vertex 0.516616 65.4219 2.2
    endloop
  endfacet
  facet normal 0.980784 -0.195099 0
    outer loop
      vertex 95.3148 1.85295 2.2
      vertex 95.3786 2.17368 0
      vertex 95.3786 2.17368 2.2
    endloop
  endfacet
  facet normal 0.980784 -0.195099 0
    outer loop
      vertex 95.3786 2.17368 0
      vertex 95.3148 1.85295 2.2
      vertex 95.3148 1.85295 0
    endloop
  endfacet
  facet normal 0 0 1
    outer loop
      vertex 92.9 66.4 2.2
      vertex 95.4 63.9 2.2
      vertex 95.3786 64.2263 2.2
    endloop
  endfacet
  facet normal 0 0 1
    outer loop
      vertex 95.4 63.9 2.2
      vertex 64.4 46.2 2.2
      vertex 95.4 2.5 2.2
    endloop
  endfacet
  facet normal 0 0 1
    outer loop
      vertex 92.9 66.4 2.2
      vertex 95.3786 64.2263 2.2
      vertex 95.3148 64.547 2.2
    endloop
  endfacet
  facet normal -0 0 1
    outer loop
      vertex 64.4 20.2 2.2
      vertex 95.4 2.5 2.2
      vertex 64.4 46.2 2.2
    endloop
  endfacet
  facet normal 0 0 1
    outer loop
      vertex 92.9 66.4 2.2
      vertex 95.3148 64.547 2.2
      vertex 95.2097 64.8567 2.2
    endloop
  endfacet
  facet normal 0 -0 1
    outer loop
      vertex 92.9 0 2.2
      vertex 95.4 2.5 2.2
      vertex 64.4 20.2 2.2
    endloop
  endfacet
  facet normal 0 0 1
    outer loop
      vertex 92.9 66.4 2.2
      vertex 95.2097 64.8567 2.2
      vertex 95.0651 65.15 2.2
    endloop
  endfacet
  facet normal 0 0 1
    outer loop
      vertex 95.4 2.5 2.2
      vertex 92.9 0 2.2
      vertex 95.3786 2.17368 2.2
    endloop
  endfacet
  facet normal 0 0 1
    outer loop
      vertex 92.9 66.4 2.2
      vertex 95.0651 65.15 2.2
      vertex 94.8834 65.4219 2.2
    endloop
  endfacet
  facet normal 0 0 1
    outer loop
      vertex 95.3786 2.17368 2.2
      vertex 92.9 0 2.2
      vertex 95.3148 1.85295 2.2
    endloop
  endfacet
  facet normal 0 0 1
    outer loop
      vertex 92.9 66.4 2.2
      vertex 94.8834 65.4219 2.2
      vertex 94.6678 65.6678 2.2
    endloop
  endfacet
  facet normal 0 0 1
    outer loop
      vertex 95.3148 1.85295 2.2
      vertex 92.9 0 2.2
      vertex 95.2097 1.54329 2.2
    endloop
  endfacet
  facet normal 0 0 1
    outer loop
      vertex 92.9 66.4 2.2
      vertex 94.6678 65.6678 2.2
      vertex 94.4219 65.8834 2.2
    endloop
  endfacet
  facet normal 0 0 1
    outer loop
      vertex 95.2097 1.54329 2.2
      vertex 92.9 0 2.2
      vertex 95.0651 1.25 2.2
    endloop
  endfacet
  facet normal 0 0 1
    outer loop
      vertex 92.9 66.4 2.2
      vertex 94.4219 65.8834 2.2
      vertex 94.15 66.0651 2.2
    endloop
  endfacet
  facet normal 0 0 1
    outer loop
      vertex 95.0651 1.25 2.2
      vertex 92.9 0 2.2
      vertex 94.8834 0.978096 2.2
    endloop
  endfacet
  facet normal 0 0 1
    outer loop
      vertex 92.9 66.4 2.2
      vertex 94.15 66.0651 2.2
      vertex 93.8567 66.2097 2.2
    endloop
  endfacet
  facet normal 0 0 1
    outer loop
      vertex 94.8834 0.978096 2.2
      vertex 92.9 0 2.2
      vertex 94.6678 0.732232 2.2
    endloop
  endfacet
  facet normal 0 0 1
    outer loop
      vertex 92.9 66.4 2.2
      vertex 93.8567 66.2097 2.2
      vertex 93.547 66.3148 2.2
    endloop
  endfacet
  facet normal 0 0 1
    outer loop
      vertex 94.6678 0.732232 2.2
      vertex 92.9 0 2.2
      vertex 94.4219 0.516616 2.2
    endloop
  endfacet
  facet normal 0 0 1
    outer loop
      vertex 92.9 66.4 2.2
      vertex 93.547 66.3148 2.2
      vertex 93.2263 66.3786 2.2
    endloop
  endfacet
  facet normal 0 0 1
    outer loop
      vertex 94.4219 0.516616 2.2
      vertex 92.9 0 2.2
      vertex 94.15 0.334936 2.2
    endloop
  endfacet
  facet normal 0 0 1
    outer loop
      vertex 95.4 63.9 2.2
      vertex 92.9 66.4 2.2
      vertex 64.4 46.2 2.2
    endloop
  endfacet
  facet normal 0 0 1
    outer loop
      vertex 94.15 0.334936 2.2
      vertex 92.9 0 2.2
      vertex 93.8567 0.190301 2.2
    endloop
  endfacet
  facet normal 0 0 1
    outer loop
      vertex 93.8567 0.190301 2.2
      vertex 92.9 0 2.2
      vertex 93.547 0.0851851 2.2
    endloop
  endfacet
  facet normal 0 0 1
    outer loop
      vertex 92.9 66.4 2.2
      vertex 62.4 46.2 2.2
      vertex 64.4 46.2 2.2
    endloop
  endfacet
  facet normal 0 0 1
    outer loop
      vertex 62.4 46.2 2.2
      vertex 60.2 46.2 2.2
      vertex 62.4 20.2 2.2
    endloop
  endfacet
  facet normal 0 0 1
    outer loop
      vertex 92.9 66.4 2.2
      vertex 60.2 46.2 2.2
      vertex 62.4 46.2 2.2
    endloop
  endfacet
  facet normal 0 0 1
    outer loop
      vertex 92.9 66.4 2.2
      vertex 58.2 46.2 2.2
      vertex 60.2 46.2 2.2
    endloop
  endfacet
  facet normal 0 0 1
    outer loop
      vertex 58.2 46.2 2.2
      vertex 56 46.2 2.2
      vertex 58.2 20.2 2.2
    endloop
  endfacet
  facet normal 0 0 1
    outer loop
      vertex 92.9 66.4 2.2
      vertex 56 46.2 2.2
      vertex 58.2 46.2 2.2
    endloop
  endfacet
  facet normal 0 0 1
    outer loop
      vertex 92.9 66.4 2.2
      vertex 54 46.2 2.2
      vertex 56 46.2 2.2
    endloop
  endfacet
  facet normal 0 0 1
    outer loop
      vertex 54 46.2 2.2
      vertex 51.8 46.2 2.2
      vertex 54 20.2 2.2
    endloop
  endfacet
  facet normal 0 0 1
    outer loop
      vertex 92.9 66.4 2.2
      vertex 51.8 46.2 2.2
      vertex 54 46.2 2.2
    endloop
  endfacet
  facet normal 0 0 1
    outer loop
      vertex 92.9 66.4 2.2
      vertex 49.8 46.2 2.2
      vertex 51.8 46.2 2.2
    endloop
  endfacet
  facet normal 0 0 1
    outer loop
      vertex 49.8 46.2 2.2
      vertex 47.6 46.2 2.2
      vertex 49.8 20.2 2.2
    endloop
  endfacet
  facet normal 0 0 1
    outer loop
      vertex 92.9 66.4 2.2
      vertex 47.6 46.2 2.2
      vertex 49.8 46.2 2.2
    endloop
  endfacet
  facet normal -0 0 1
    outer loop
      vertex 2.5 66.4 2.2
      vertex 47.6 46.2 2.2
      vertex 92.9 66.4 2.2
    endloop
  endfacet
  facet normal 0 0 1
    outer loop
      vertex 45.6 46.2 2.2
      vertex 43.4 46.2 2.2
      vertex 45.6 20.2 2.2
    endloop
  endfacet
  facet normal 0 0 1
    outer loop
      vertex 47.6 46.2 2.2
      vertex 2.5 66.4 2.2
      vertex 45.6 46.2 2.2
    endloop
  endfacet
  facet normal 0 0 1
    outer loop
      vertex 45.6 46.2 2.2
      vertex 2.5 66.4 2.2
      vertex 43.4 46.2 2.2
    endloop
  endfacet
  facet normal 0 0 1
    outer loop
      vertex 41.4 46.2 2.2
      vertex 39.2 46.2 2.2
      vertex 41.4 20.2 2.2
    endloop
  endfacet
  facet normal 0 0 1
    outer loop
      vertex 43.4 46.2 2.2
      vertex 2.5 66.4 2.2
      vertex 41.4 46.2 2.2
    endloop
  endfacet
  facet normal 0 0 1
    outer loop
      vertex 41.4 46.2 2.2
      vertex 2.5 66.4 2.2
      vertex 39.2 46.2 2.2
    endloop
  endfacet
  facet normal 0 0 1
    outer loop
      vertex 37.2 46.2 2.2
      vertex 35 46.2 2.2
      vertex 37.2 20.2 2.2
    endloop
  endfacet
  facet normal 0 0 1
    outer loop
      vertex 39.2 46.2 2.2
      vertex 2.5 66.4 2.2
      vertex 37.2 46.2 2.2
    endloop
  endfacet
  facet normal 0 0 1
    outer loop
      vertex 37.2 46.2 2.2
      vertex 2.5 66.4 2.2
      vertex 35 46.2 2.2
    endloop
  endfacet
  facet normal 0 0 1
    outer loop
      vertex 33 46.2 2.2
      vertex 30.8 46.2 2.2
      vertex 33 20.2 2.2
    endloop
  endfacet
  facet normal 0 0 1
    outer loop
      vertex 35 46.2 2.2
      vertex 2.5 66.4 2.2
      vertex 33 46.2 2.2
    endloop
  endfacet
  facet normal 0 0 1
    outer loop
      vertex 33 46.2 2.2
      vertex 2.5 66.4 2.2
      vertex 30.8 46.2 2.2
    endloop
  endfacet
  facet normal -0 0 1
    outer loop
      vertex 0 63.9 2.2
      vertex 28.8 46.2 2.2
      vertex 2.5 66.4 2.2
    endloop
  endfacet
  facet normal 0 0 1
    outer loop
      vertex 30.8 46.2 2.2
      vertex 2.5 66.4 2.2
      vertex 28.8 46.2 2.2
    endloop
  endfacet
  facet normal 0 0 1
    outer loop
      vertex 93.547 0.0851851 2.2
      vertex 92.9 0 2.2
      vertex 93.2263 0.0213871 2.2
    endloop
  endfacet
  facet normal -0 0 1
    outer loop
      vertex 62.4 20.2 2.2
      vertex 92.9 0 2.2
      vertex 64.4 20.2 2.2
    endloop
  endfacet
  facet normal 0 0 1
    outer loop
      vertex 60.2 20.2 2.2
      vertex 62.4 20.2 2.2
      vertex 60.2 46.2 2.2
    endloop
  endfacet
  facet normal -0 0 1
    outer loop
      vertex 60.2 20.2 2.2
      vertex 92.9 0 2.2
      vertex 62.4 20.2 2.2
    endloop
  endfacet
  facet normal -0 0 1
    outer loop
      vertex 58.2 20.2 2.2
      vertex 92.9 0 2.2
      vertex 60.2 20.2 2.2
    endloop
  endfacet
  facet normal 0 0 1
    outer loop
      vertex 56 20.2 2.2
      vertex 58.2 20.2 2.2
      vertex 56 46.2 2.2
    endloop
  endfacet
  facet normal -0 0 1
    outer loop
      vertex 56 20.2 2.2
      vertex 92.9 0 2.2
      vertex 58.2 20.2 2.2
    endloop
  endfacet
  facet normal -0 0 1
    outer loop
      vertex 54 20.2 2.2
      vertex 92.9 0 2.2
      vertex 56 20.2 2.2
    endloop
  endfacet
  facet normal 0 0 1
    outer loop
      vertex 51.8 20.2 2.2
      vertex 54 20.2 2.2
      vertex 51.8 46.2 2.2
    endloop
  endfacet
  facet normal -0 0 1
    outer loop
      vertex 51.8 20.2 2.2
      vertex 92.9 0 2.2
      vertex 54 20.2 2.2
    endloop
  endfacet
  facet normal -0 0 1
    outer loop
      vertex 49.8 20.2 2.2
      vertex 92.9 0 2.2
      vertex 51.8 20.2 2.2
    endloop
  endfacet
  facet normal 0 0 1
    outer loop
      vertex 47.6 20.2 2.2
      vertex 49.8 20.2 2.2
      vertex 47.6 46.2 2.2
    endloop
  endfacet
  facet normal -0 0 1
    outer loop
      vertex 47.6 20.2 2.2
      vertex 92.9 0 2.2
      vertex 49.8 20.2 2.2
    endloop
  endfacet
  facet normal 0 0 1
    outer loop
      vertex 2.5 0 2.2
      vertex 47.6 20.2 2.2
      vertex 45.6 20.2 2.2
    endloop
  endfacet
  facet normal 0 0 1
    outer loop
      vertex 43.4 20.2 2.2
      vertex 45.6 20.2 2.2
      vertex 43.4 46.2 2.2
    endloop
  endfacet
  facet normal 0 0 1
    outer loop
      vertex 2.5 0 2.2
      vertex 45.6 20.2 2.2
      vertex 43.4 20.2 2.2
    endloop
  endfacet
  facet normal 0 0 1
    outer loop
      vertex 2.5 0 2.2
      vertex 43.4 20.2 2.2
      vertex 41.4 20.2 2.2
    endloop
  endfacet
  facet normal 0 0 1
    outer loop
      vertex 39.2 20.2 2.2
      vertex 41.4 20.2 2.2
      vertex 39.2 46.2 2.2
    endloop
  endfacet
  facet normal 0 0 1
    outer loop
      vertex 2.5 0 2.2
      vertex 41.4 20.2 2.2
      vertex 39.2 20.2 2.2
    endloop
  endfacet
  facet normal 0 0 1
    outer loop
      vertex 2.5 0 2.2
      vertex 39.2 20.2 2.2
      vertex 37.2 20.2 2.2
    endloop
  endfacet
  facet normal 0 0 1
    outer loop
      vertex 35 20.2 2.2
      vertex 37.2 20.2 2.2
      vertex 35 46.2 2.2
    endloop
  endfacet
  facet normal 0 0 1
    outer loop
      vertex 2.5 0 2.2
      vertex 37.2 20.2 2.2
      vertex 35 20.2 2.2
    endloop
  endfacet
  facet normal 0 0 1
    outer loop
      vertex 2.5 0 2.2
      vertex 35 20.2 2.2
      vertex 33 20.2 2.2
    endloop
  endfacet
  facet normal 0 0 1
    outer loop
      vertex 30.8 20.2 2.2
      vertex 33 20.2 2.2
      vertex 30.8 46.2 2.2
    endloop
  endfacet
  facet normal 0 0 1
    outer loop
      vertex 2.5 0 2.2
      vertex 33 20.2 2.2
      vertex 30.8 20.2 2.2
    endloop
  endfacet
  facet normal 0 0 1
    outer loop
      vertex 2.5 0 2.2
      vertex 30.8 20.2 2.2
      vertex 28.8 20.2 2.2
    endloop
  endfacet
  facet normal 0 0 1
    outer loop
      vertex 47.6 20.2 2.2
      vertex 2.5 0 2.2
      vertex 92.9 0 2.2
    endloop
  endfacet
  facet normal 0 0 1
    outer loop
      vertex 28.8 46.2 2.2
      vertex 0 63.9 2.2
      vertex 28.8 20.2 2.2
    endloop
  endfacet
  facet normal 0 0 1
    outer loop
      vertex 0 63.9 2.2
      vertex 2.5 66.4 2.2
      vertex 2.17368 66.3786 2.2
    endloop
  endfacet
  facet normal 0 0 1
    outer loop
      vertex 0 2.5 2.2
      vertex 28.8 20.2 2.2
      vertex 0 63.9 2.2
    endloop
  endfacet
  facet normal 0 0 1
    outer loop
      vertex 0 63.9 2.2
      vertex 2.17368 66.3786 2.2
      vertex 1.85295 66.3148 2.2
    endloop
  endfacet
  facet normal 0 0 1
    outer loop
      vertex 28.8 20.2 2.2
      vertex 0 2.5 2.2
      vertex 2.5 0 2.2
    endloop
  endfacet
  facet normal 0 0 1
    outer loop
      vertex 0 63.9 2.2
      vertex 1.85295 66.3148 2.2
      vertex 1.54329 66.2097 2.2
    endloop
  endfacet
  facet normal 0 0 1
    outer loop
      vertex 2.5 0 2.2
      vertex 0 2.5 2.2
      vertex 2.17368 0.0213871 2.2
    endloop
  endfacet
  facet normal 0 0 1
    outer loop
      vertex 0 63.9 2.2
      vertex 1.54329 66.2097 2.2
      vertex 1.25 66.0651 2.2
    endloop
  endfacet
  facet normal 0 0 1
    outer loop
      vertex 2.17368 0.0213871 2.2
      vertex 0 2.5 2.2
      vertex 1.85295 0.0851851 2.2
    endloop
  endfacet
  facet normal 0 0 1
    outer loop
      vertex 0 63.9 2.2
      vertex 1.25 66.0651 2.2
      vertex 0.978096 65.8834 2.2
    endloop
  endfacet
  facet normal 0 0 1
    outer loop
      vertex 1.85295 0.0851851 2.2
      vertex 0 2.5 2.2
      vertex 1.54329 0.190301 2.2
    endloop
  endfacet
  facet normal 0 0 1
    outer loop
      vertex 0 63.9 2.2
      vertex 0.978096 65.8834 2.2
      vertex 0.732232 65.6678 2.2
    endloop
  endfacet
  facet normal 0 0 1
    outer loop
      vertex 1.54329 0.190301 2.2
      vertex 0 2.5 2.2
      vertex 1.25 0.334936 2.2
    endloop
  endfacet
  facet normal 0 0 1
    outer loop
      vertex 0 63.9 2.2
      vertex 0.732232 65.6678 2.2
      vertex 0.516616 65.4219 2.2
    endloop
  endfacet
  facet normal 0 0 1
    outer loop
      vertex 1.25 0.334936 2.2
      vertex 0 2.5 2.2
      vertex 0.978096 0.516616 2.2
    endloop
  endfacet
  facet normal 0 0 1
    outer loop
      vertex 0 63.9 2.2
      vertex 0.516616 65.4219 2.2
      vertex 0.334936 65.15 2.2
    endloop
  endfacet
  facet normal 0 0 1
    outer loop
      vertex 0.978096 0.516616 2.2
      vertex 0 2.5 2.2
      vertex 0.732232 0.732232 2.2
    endloop
  endfacet
  facet normal 0 0 1
    outer loop
      vertex 0 63.9 2.2
      vertex 0.334936 65.15 2.2
      vertex 0.190301 64.8567 2.2
    endloop
  endfacet
  facet normal 0 0 1
    outer loop
      vertex 0.732232 0.732232 2.2
      vertex 0 2.5 2.2
      vertex 0.516616 0.978096 2.2
    endloop
  endfacet
  facet normal 0 0 1
    outer loop
      vertex 0 63.9 2.2
      vertex 0.190301 64.8567 2.2
      vertex 0.0851851 64.547 2.2
    endloop
  endfacet
  facet normal 0 0 1
    outer loop
      vertex 0.516616 0.978096 2.2
      vertex 0 2.5 2.2
      vertex 0.334936 1.25 2.2
    endloop
  endfacet
  facet normal 0 0 1
    outer loop
      vertex 0 63.9 2.2
      vertex 0.0851851 64.547 2.2
      vertex 0.0213871 64.2263 2.2
    endloop
  endfacet
  facet normal 0 0 1
    outer loop
      vertex 0.334936 1.25 2.2
      vertex 0 2.5 2.2
      vertex 0.190301 1.54329 2.2
    endloop
  endfacet
  facet normal 0 0 1
    outer loop
      vertex 0.190301 1.54329 2.2
      vertex 0 2.5 2.2
      vertex 0.0851851 1.85295 2.2
    endloop
  endfacet
  facet normal 0 0 1
    outer loop
      vertex 0.0851851 1.85295 2.2
      vertex 0 2.5 2.2
      vertex 0.0213871 2.17368 2.2
    endloop
  endfacet
  facet normal 0 0 -1
    outer loop
      vertex 91.69 3.98686 0
      vertex 95.4 2.5 0
      vertex 95.3786 2.17368 0
    endloop
  endfacet
  facet normal 0 0 -1
    outer loop
      vertex 95.4 2.5 0
      vertex 92 4.9 0
      vertex 95.4 63.9 0
    endloop
  endfacet
  facet normal 0 0 -1
    outer loop
      vertex 91.5607 3.83934 0
      vertex 95.3786 2.17368 0
      vertex 95.3148 1.85295 0
    endloop
  endfacet
  facet normal 0 0 -1
    outer loop
      vertex 92 61.5 0
      vertex 95.4 63.9 0
      vertex 92 4.9 0
    endloop
  endfacet
  facet normal 0 0 -1
    outer loop
      vertex 91.5607 3.83934 0
      vertex 95.3148 1.85295 0
      vertex 95.2097 1.54329 0
    endloop
  endfacet
  facet normal 0 0 -1
    outer loop
      vertex 91.9872 61.6958 0
      vertex 95.4 63.9 0
      vertex 92 61.5 0
    endloop
  endfacet
  facet normal 0 0 -1
    outer loop
      vertex 91.5607 3.83934 0
      vertex 95.2097 1.54329 0
      vertex 95.0651 1.25 0
    endloop
  endfacet
  facet normal 0 0 -1
    outer loop
      vertex 91.9489 61.8882 0
      vertex 95.4 63.9 0
      vertex 91.9872 61.6958 0
    endloop
  endfacet
  facet normal 0 0 -1
    outer loop
      vertex 91.5607 3.83934 0
      vertex 95.0651 1.25 0
      vertex 94.8834 0.978096 0
    endloop
  endfacet
  facet normal 0 0 -1
    outer loop
      vertex 91.8858 62.074 0
      vertex 95.4 63.9 0
      vertex 91.9489 61.8882 0
    endloop
  endfacet
  facet normal 0 0 -1
    outer loop
      vertex 91.5607 3.83934 0
      vertex 94.8834 0.978096 0
      vertex 94.6678 0.732232 0
    endloop
  endfacet
  facet normal 0 0 -1
    outer loop
      vertex 91.799 62.25 0
      vertex 95.4 63.9 0
      vertex 91.8858 62.074 0
    endloop
  endfacet
  facet normal 0 0 -1
    outer loop
      vertex 91.5607 3.83934 0
      vertex 94.6678 0.732232 0
      vertex 94.4219 0.516616 0
    endloop
  endfacet
  facet normal 0 0 -1
    outer loop
      vertex 91.69 62.4131 0
      vertex 95.4 63.9 0
      vertex 91.799 62.25 0
    endloop
  endfacet
  facet normal 0 0 -1
    outer loop
      vertex 91.5607 3.83934 0
      vertex 94.4219 0.516616 0
      vertex 94.15 0.334936 0
    endloop
  endfacet
  facet normal -0 0 -1
    outer loop
      vertex 95.4 63.9 0
      vertex 91.69 62.4131 0
      vertex 95.3786 64.2263 0
    endloop
  endfacet
  facet normal 0 0 -1
    outer loop
      vertex 91.5607 3.83934 0
      vertex 94.15 0.334936 0
      vertex 93.8567 0.190301 0
    endloop
  endfacet
  facet normal 0 0 -1
    outer loop
      vertex 91.5607 62.5607 0
      vertex 95.3786 64.2263 0
      vertex 91.69 62.4131 0
    endloop
  endfacet
  facet normal 0 0 -1
    outer loop
      vertex 91.5607 3.83934 0
      vertex 93.8567 0.190301 0
      vertex 93.547 0.0851851 0
    endloop
  endfacet
  facet normal -0 0 -1
    outer loop
      vertex 95.3786 64.2263 0
      vertex 91.5607 62.5607 0
      vertex 95.3148 64.547 0
    endloop
  endfacet
  facet normal 0 0 -1
    outer loop
      vertex 91.5607 3.83934 0
      vertex 93.547 0.0851851 0
      vertex 93.2263 0.0213871 0
    endloop
  endfacet
  facet normal -0 0 -1
    outer loop
      vertex 95.3148 64.547 0
      vertex 91.5607 62.5607 0
      vertex 95.2097 64.8567 0
    endloop
  endfacet
  facet normal 0 0 -1
    outer loop
      vertex 91.5607 3.83934 0
      vertex 93.2263 0.0213871 0
      vertex 92.9 0 0
    endloop
  endfacet
  facet normal -0 0 -1
    outer loop
      vertex 95.2097 64.8567 0
      vertex 91.5607 62.5607 0
      vertex 95.0651 65.15 0
    endloop
  endfacet
  facet normal -0 0 -1
    outer loop
      vertex 95.0651 65.15 0
      vertex 91.5607 62.5607 0
      vertex 94.8834 65.4219 0
    endloop
  endfacet
  facet normal 0 0 -1
    outer loop
      vertex 95.4 2.5 0
      vertex 91.9872 4.70421 0
      vertex 92 4.9 0
    endloop
  endfacet
  facet normal 0 0 -1
    outer loop
      vertex 95.4 2.5 0
      vertex 91.9489 4.51177 0
      vertex 91.9872 4.70421 0
    endloop
  endfacet
  facet normal 0 0 -1
    outer loop
      vertex 95.4 2.5 0
      vertex 91.8858 4.32597 0
      vertex 91.9489 4.51177 0
    endloop
  endfacet
  facet normal 0 0 -1
    outer loop
      vertex 95.4 2.5 0
      vertex 91.799 4.15 0
      vertex 91.8858 4.32597 0
    endloop
  endfacet
  facet normal 0 0 -1
    outer loop
      vertex 95.4 2.5 0
      vertex 91.69 3.98686 0
      vertex 91.799 4.15 0
    endloop
  endfacet
  facet normal 0 0 -1
    outer loop
      vertex 95.3786 2.17368 0
      vertex 91.5607 3.83934 0
      vertex 91.69 3.98686 0
    endloop
  endfacet
  facet normal 0 0 -1
    outer loop
      vertex 92.9 0 0
      vertex 91.4131 3.70997 0
      vertex 91.5607 3.83934 0
    endloop
  endfacet
  facet normal 0 0 -1
    outer loop
      vertex 92.9 0 0
      vertex 91.25 3.60096 0
      vertex 91.4131 3.70997 0
    endloop
  endfacet
  facet normal 0 0 -1
    outer loop
      vertex 92.9 0 0
      vertex 91.074 3.51418 0
      vertex 91.25 3.60096 0
    endloop
  endfacet
  facet normal 0 0 -1
    outer loop
      vertex 92.9 0 0
      vertex 90.8882 3.45111 0
      vertex 91.074 3.51418 0
    endloop
  endfacet
  facet normal 0 0 -1
    outer loop
      vertex 92.9 0 0
      vertex 90.6958 3.41283 0
      vertex 90.8882 3.45111 0
    endloop
  endfacet
  facet normal 0 0 -1
    outer loop
      vertex 92.9 0 0
      vertex 90.5 3.4 0
      vertex 90.6958 3.41283 0
    endloop
  endfacet
  facet normal 0 0 -1
    outer loop
      vertex 92.9 0 0
      vertex 4.9 3.4 0
      vertex 90.5 3.4 0
    endloop
  endfacet
  facet normal -0 0 -1
    outer loop
      vertex 3.41283 4.70421 0
      vertex 0 2.5 0
      vertex 3.4 4.9 0
    endloop
  endfacet
  facet normal -0 0 -1
    outer loop
      vertex 3.45111 4.51177 0
      vertex 0 2.5 0
      vertex 3.41283 4.70421 0
    endloop
  endfacet
  facet normal -0 0 -1
    outer loop
      vertex 3.51418 4.32597 0
      vertex 0 2.5 0
      vertex 3.45111 4.51177 0
    endloop
  endfacet
  facet normal -0 0 -1
    outer loop
      vertex 3.60096 4.15 0
      vertex 0 2.5 0
      vertex 3.51418 4.32597 0
    endloop
  endfacet
  facet normal -0 0 -1
    outer loop
      vertex 3.70997 3.98686 0
      vertex 0 2.5 0
      vertex 3.60096 4.15 0
    endloop
  endfacet
  facet normal -0 0 -1
    outer loop
      vertex 3.83934 3.83934 0
      vertex 0 2.5 0
      vertex 3.70997 3.98686 0
    endloop
  endfacet
  facet normal 0 0 -1
    outer loop
      vertex 0 2.5 0
      vertex 3.83934 3.83934 0
      vertex 2.5 0 0
    endloop
  endfacet
  facet normal -0 0 -1
    outer loop
      vertex 3.98686 3.70997 0
      vertex 2.5 0 0
      vertex 3.83934 3.83934 0
    endloop
  endfacet
  facet normal -0 0 -1
    outer loop
      vertex 4.15 3.60096 0
      vertex 2.5 0 0
      vertex 3.98686 3.70997 0
    endloop
  endfacet
  facet normal -0 0 -1
    outer loop
      vertex 4.32597 3.51418 0
      vertex 2.5 0 0
      vertex 4.15 3.60096 0
    endloop
  endfacet
  facet normal -0 0 -1
    outer loop
      vertex 4.51177 3.45111 0
      vertex 2.5 0 0
      vertex 4.32597 3.51418 0
    endloop
  endfacet
  facet normal -0 0 -1
    outer loop
      vertex 4.70421 3.41283 0
      vertex 2.5 0 0
      vertex 4.51177 3.45111 0
    endloop
  endfacet
  facet normal -0 0 -1
    outer loop
      vertex 4.9 3.4 0
      vertex 2.5 0 0
      vertex 4.70421 3.41283 0
    endloop
  endfacet
  facet normal 0 0 -1
    outer loop
      vertex 2.5 0 0
      vertex 4.9 3.4 0
      vertex 92.9 0 0
    endloop
  endfacet
  facet normal -0 0 -1
    outer loop
      vertex 94.8834 65.4219 0
      vertex 91.5607 62.5607 0
      vertex 94.6678 65.6678 0
    endloop
  endfacet
  facet normal -0 0 -1
    outer loop
      vertex 94.6678 65.6678 0
      vertex 91.5607 62.5607 0
      vertex 94.4219 65.8834 0
    endloop
  endfacet
  facet normal -0 0 -1
    outer loop
      vertex 94.4219 65.8834 0
      vertex 91.5607 62.5607 0
      vertex 94.15 66.0651 0
    endloop
  endfacet
  facet normal -0 0 -1
    outer loop
      vertex 94.15 66.0651 0
      vertex 91.5607 62.5607 0
      vertex 93.8567 66.2097 0
    endloop
  endfacet
  facet normal -0 0 -1
    outer loop
      vertex 93.8567 66.2097 0
      vertex 91.5607 62.5607 0
      vertex 93.547 66.3148 0
    endloop
  endfacet
  facet normal -0 0 -1
    outer loop
      vertex 93.547 66.3148 0
      vertex 91.5607 62.5607 0
      vertex 93.2263 66.3786 0
    endloop
  endfacet
  facet normal -0 0 -1
    outer loop
      vertex 93.2263 66.3786 0
      vertex 91.5607 62.5607 0
      vertex 92.9 66.4 0
    endloop
  endfacet
  facet normal 0 0 -1
    outer loop
      vertex 91.4131 62.69 0
      vertex 92.9 66.4 0
      vertex 91.5607 62.5607 0
    endloop
  endfacet
  facet normal 0 0 -1
    outer loop
      vertex 91.25 62.799 0
      vertex 92.9 66.4 0
      vertex 91.4131 62.69 0
    endloop
  endfacet
  facet normal 0 0 -1
    outer loop
      vertex 91.074 62.8858 0
      vertex 92.9 66.4 0
      vertex 91.25 62.799 0
    endloop
  endfacet
  facet normal 0 0 -1
    outer loop
      vertex 90.8882 62.9489 0
      vertex 92.9 66.4 0
      vertex 91.074 62.8858 0
    endloop
  endfacet
  facet normal 0 0 -1
    outer loop
      vertex 90.6958 62.9872 0
      vertex 92.9 66.4 0
      vertex 90.8882 62.9489 0
    endloop
  endfacet
  facet normal 0 0 -1
    outer loop
      vertex 90.5 63 0
      vertex 92.9 66.4 0
      vertex 90.6958 62.9872 0
    endloop
  endfacet
  facet normal 0 0 -1
    outer loop
      vertex 4.9 63 0
      vertex 92.9 66.4 0
      vertex 90.5 63 0
    endloop
  endfacet
  facet normal 0 0 -1
    outer loop
      vertex 4.9 63 0
      vertex 2.5 66.4 0
      vertex 92.9 66.4 0
    endloop
  endfacet
  facet normal 0 0 -1
    outer loop
      vertex 4.70421 62.9872 0
      vertex 2.5 66.4 0
      vertex 4.9 63 0
    endloop
  endfacet
  facet normal 0 0 -1
    outer loop
      vertex 4.51177 62.9489 0
      vertex 2.5 66.4 0
      vertex 4.70421 62.9872 0
    endloop
  endfacet
  facet normal 0 0 -1
    outer loop
      vertex 4.32597 62.8858 0
      vertex 2.5 66.4 0
      vertex 4.51177 62.9489 0
    endloop
  endfacet
  facet normal 0 0 -1
    outer loop
      vertex 4.15 62.799 0
      vertex 2.5 66.4 0
      vertex 4.32597 62.8858 0
    endloop
  endfacet
  facet normal 0 0 -1
    outer loop
      vertex 3.98686 62.69 0
      vertex 2.5 66.4 0
      vertex 4.15 62.799 0
    endloop
  endfacet
  facet normal 0 0 -1
    outer loop
      vertex 3.83934 62.5607 0
      vertex 2.5 66.4 0
      vertex 3.98686 62.69 0
    endloop
  endfacet
  facet normal 0 0 -1
    outer loop
      vertex 0.0213871 64.2263 0
      vertex 3.83934 62.5607 0
      vertex 3.70997 62.4131 0
    endloop
  endfacet
  facet normal 0 0 -1
    outer loop
      vertex 0 63.9 0
      vertex 3.70997 62.4131 0
      vertex 3.60096 62.25 0
    endloop
  endfacet
  facet normal 0 0 -1
    outer loop
      vertex 0 63.9 0
      vertex 3.60096 62.25 0
      vertex 3.51418 62.074 0
    endloop
  endfacet
  facet normal 0 0 -1
    outer loop
      vertex 0 63.9 0
      vertex 3.51418 62.074 0
      vertex 3.45111 61.8882 0
    endloop
  endfacet
  facet normal 0 0 -1
    outer loop
      vertex 0 63.9 0
      vertex 3.45111 61.8882 0
      vertex 3.41283 61.6958 0
    endloop
  endfacet
  facet normal 0 0 -1
    outer loop
      vertex 0 63.9 0
      vertex 3.41283 61.6958 0
      vertex 3.4 61.5 0
    endloop
  endfacet
  facet normal -0 0 -1
    outer loop
      vertex 3.4 4.9 0
      vertex 0 2.5 0
      vertex 3.4 61.5 0
    endloop
  endfacet
  facet normal 0 0 -1
    outer loop
      vertex 0 2.5 0
      vertex 2.5 0 0
      vertex 2.17368 0.0213871 0
    endloop
  endfacet
  facet normal 0 0 -1
    outer loop
      vertex 0 63.9 0
      vertex 3.4 61.5 0
      vertex 0 2.5 0
    endloop
  endfacet
  facet normal 0 0 -1
    outer loop
      vertex 0 2.5 0
      vertex 2.17368 0.0213871 0
      vertex 1.85295 0.0851851 0
    endloop
  endfacet
  facet normal 0 0 -1
    outer loop
      vertex 3.70997 62.4131 0
      vertex 0 63.9 0
      vertex 0.0213871 64.2263 0
    endloop
  endfacet
  facet normal 0 0 -1
    outer loop
      vertex 0 2.5 0
      vertex 1.85295 0.0851851 0
      vertex 1.54329 0.190301 0
    endloop
  endfacet
  facet normal 0 0 -1
    outer loop
      vertex 3.83934 62.5607 0
      vertex 2.17368 66.3786 0
      vertex 2.5 66.4 0
    endloop
  endfacet
  facet normal 0 0 -1
    outer loop
      vertex 0 2.5 0
      vertex 1.54329 0.190301 0
      vertex 1.25 0.334936 0
    endloop
  endfacet
  facet normal 0 0 -1
    outer loop
      vertex 3.83934 62.5607 0
      vertex 1.85295 66.3148 0
      vertex 2.17368 66.3786 0
    endloop
  endfacet
  facet normal 0 0 -1
    outer loop
      vertex 0 2.5 0
      vertex 1.25 0.334936 0
      vertex 0.978096 0.516616 0
    endloop
  endfacet
  facet normal 0 0 -1
    outer loop
      vertex 3.83934 62.5607 0
      vertex 1.54329 66.2097 0
      vertex 1.85295 66.3148 0
    endloop
  endfacet
  facet normal 0 0 -1
    outer loop
      vertex 0 2.5 0
      vertex 0.978096 0.516616 0
      vertex 0.732232 0.732232 0
    endloop
  endfacet
  facet normal 0 0 -1
    outer loop
      vertex 3.83934 62.5607 0
      vertex 1.25 66.0651 0
      vertex 1.54329 66.2097 0
    endloop
  endfacet
  facet normal 0 0 -1
    outer loop
      vertex 0 2.5 0
      vertex 0.732232 0.732232 0
      vertex 0.516616 0.978096 0
    endloop
  endfacet
  facet normal 0 0 -1
    outer loop
      vertex 3.83934 62.5607 0
      vertex 0.978096 65.8834 0
      vertex 1.25 66.0651 0
    endloop
  endfacet
  facet normal 0 0 -1
    outer loop
      vertex 0 2.5 0
      vertex 0.516616 0.978096 0
      vertex 0.334936 1.25 0
    endloop
  endfacet
  facet normal 0 0 -1
    outer loop
      vertex 3.83934 62.5607 0
      vertex 0.732232 65.6678 0
      vertex 0.978096 65.8834 0
    endloop
  endfacet
  facet normal 0 0 -1
    outer loop
      vertex 0 2.5 0
      vertex 0.334936 1.25 0
      vertex 0.190301 1.54329 0
    endloop
  endfacet
  facet normal 0 0 -1
    outer loop
      vertex 3.83934 62.5607 0
      vertex 0.516616 65.4219 0
      vertex 0.732232 65.6678 0
    endloop
  endfacet
  facet normal 0 0 -1
    outer loop
      vertex 0 2.5 0
      vertex 0.190301 1.54329 0
      vertex 0.0851851 1.85295 0
    endloop
  endfacet
  facet normal 0 0 -1
    outer loop
      vertex 3.83934 62.5607 0
      vertex 0.334936 65.15 0
      vertex 0.516616 65.4219 0
    endloop
  endfacet
  facet normal 0 0 -1
    outer loop
      vertex 0 2.5 0
      vertex 0.0851851 1.85295 0
      vertex 0.0213871 2.17368 0
    endloop
  endfacet
  facet normal 0 0 -1
    outer loop
      vertex 3.83934 62.5607 0
      vertex 0.190301 64.8567 0
      vertex 0.334936 65.15 0
    endloop
  endfacet
  facet normal 0 0 -1
    outer loop
      vertex 3.83934 62.5607 0
      vertex 0.0851851 64.547 0
      vertex 0.190301 64.8567 0
    endloop
  endfacet
  facet normal 0 0 -1
    outer loop
      vertex 3.83934 62.5607 0
      vertex 0.0213871 64.2263 0
      vertex 0.0851851 64.547 0
    endloop
  endfacet
  facet normal 0 0 -1
    outer loop
      vertex 89.6 4.8 0
      vertex 90.6 5.8 0
      vertex 90.5914 5.66947 0
    endloop
  endfacet
  facet normal 0 0 -1
    outer loop
      vertex 90.6 5.8 0
      vertex 64.4 20.2 0
      vertex 90.6 60.6 0
    endloop
  endfacet
  facet normal 0 0 -1
    outer loop
      vertex 89.6 4.8 0
      vertex 90.5914 5.66947 0
      vertex 90.5659 5.54118 0
    endloop
  endfacet
  facet normal 0 0 -1
    outer loop
      vertex 64.4 46.2 0
      vertex 90.6 60.6 0
      vertex 64.4 20.2 0
    endloop
  endfacet
  facet normal 0 0 -1
    outer loop
      vertex 89.6 4.8 0
      vertex 90.5659 5.54118 0
      vertex 90.5239 5.41732 0
    endloop
  endfacet
  facet normal 0 -0 -1
    outer loop
      vertex 89.6 61.6 0
      vertex 90.6 60.6 0
      vertex 64.4 46.2 0
    endloop
  endfacet
  facet normal 0 0 -1
    outer loop
      vertex 89.6 4.8 0
      vertex 90.5239 5.41732 0
      vertex 90.466 5.3 0
    endloop
  endfacet
  facet normal 0 0 -1
    outer loop
      vertex 90.6 60.6 0
      vertex 89.6 61.6 0
      vertex 90.5914 60.7305 0
    endloop
  endfacet
  facet normal 0 0 -1
    outer loop
      vertex 89.6 4.8 0
      vertex 90.466 5.3 0
      vertex 90.3934 5.19124 0
    endloop
  endfacet
  facet normal 0 0 -1
    outer loop
      vertex 90.5914 60.7305 0
      vertex 89.6 61.6 0
      vertex 90.5659 60.8588 0
    endloop
  endfacet
  facet normal 0 0 -1
    outer loop
      vertex 89.6 4.8 0
      vertex 90.3934 5.19124 0
      vertex 90.3071 5.09289 0
    endloop
  endfacet
  facet normal 0 0 -1
    outer loop
      vertex 90.5659 60.8588 0
      vertex 89.6 61.6 0
      vertex 90.5239 60.9827 0
    endloop
  endfacet
  facet normal 0 0 -1
    outer loop
      vertex 89.6 4.8 0
      vertex 90.3071 5.09289 0
      vertex 90.2088 5.00665 0
    endloop
  endfacet
  facet normal 0 0 -1
    outer loop
      vertex 90.5239 60.9827 0
      vertex 89.6 61.6 0
      vertex 90.466 61.1 0
    endloop
  endfacet
  facet normal 0 0 -1
    outer loop
      vertex 89.6 4.8 0
      vertex 90.2088 5.00665 0
      vertex 90.1 4.93397 0
    endloop
  endfacet
  facet normal 0 0 -1
    outer loop
      vertex 90.466 61.1 0
      vertex 89.6 61.6 0
      vertex 90.3934 61.2088 0
    endloop
  endfacet
  facet normal 0 0 -1
    outer loop
      vertex 89.6 4.8 0
      vertex 90.1 4.93397 0
      vertex 89.9827 4.87612 0
    endloop
  endfacet
  facet normal 0 0 -1
    outer loop
      vertex 90.3934 61.2088 0
      vertex 89.6 61.6 0
      vertex 90.3071 61.3071 0
    endloop
  endfacet
  facet normal 0 0 -1
    outer loop
      vertex 89.6 4.8 0
      vertex 89.9827 4.87612 0
      vertex 89.8588 4.83407 0
    endloop
  endfacet
  facet normal 0 0 -1
    outer loop
      vertex 90.3071 61.3071 0
      vertex 89.6 61.6 0
      vertex 90.2088 61.3934 0
    endloop
  endfacet
  facet normal 0 0 -1
    outer loop
      vertex 89.6 4.8 0
      vertex 89.8588 4.83407 0
      vertex 89.7305 4.80855 0
    endloop
  endfacet
  facet normal 0 0 -1
    outer loop
      vertex 90.2088 61.3934 0
      vertex 89.6 61.6 0
      vertex 90.1 61.466 0
    endloop
  endfacet
  facet normal -0 0 -1
    outer loop
      vertex 90.6 5.8 0
      vertex 89.6 4.8 0
      vertex 64.4 20.2 0
    endloop
  endfacet
  facet normal 0 0 -1
    outer loop
      vertex 90.1 61.466 0
      vertex 89.6 61.6 0
      vertex 89.9827 61.5239 0
    endloop
  endfacet
  facet normal 0 0 -1
    outer loop
      vertex 89.9827 61.5239 0
      vertex 89.6 61.6 0
      vertex 89.8588 61.5659 0
    endloop
  endfacet
  facet normal 0 0 -1
    outer loop
      vertex 89.6 4.8 0
      vertex 62.4 20.2 0
      vertex 64.4 20.2 0
    endloop
  endfacet
  facet normal 0 0 -1
    outer loop
      vertex 62.4 20.2 0
      vertex 60.2 20.2 0
      vertex 62.4 46.2 0
    endloop
  endfacet
  facet normal 0 0 -1
    outer loop
      vertex 89.6 4.8 0
      vertex 60.2 20.2 0
      vertex 62.4 20.2 0
    endloop
  endfacet
  facet normal 0 0 -1
    outer loop
      vertex 89.6 4.8 0
      vertex 58.2 20.2 0
      vertex 60.2 20.2 0
    endloop
  endfacet
  facet normal 0 0 -1
    outer loop
      vertex 58.2 20.2 0
      vertex 56 20.2 0
      vertex 58.2 46.2 0
    endloop
  endfacet
  facet normal 0 0 -1
    outer loop
      vertex 89.6 4.8 0
      vertex 56 20.2 0
      vertex 58.2 20.2 0
    endloop
  endfacet
  facet normal 0 0 -1
    outer loop
      vertex 89.6 4.8 0
      vertex 54 20.2 0
      vertex 56 20.2 0
    endloop
  endfacet
  facet normal 0 0 -1
    outer loop
      vertex 54 20.2 0
      vertex 51.8 20.2 0
      vertex 54 46.2 0
    endloop
  endfacet
  facet normal 0 0 -1
    outer loop
      vertex 89.6 4.8 0
      vertex 51.8 20.2 0
      vertex 54 20.2 0
    endloop
  endfacet
  facet normal 0 0 -1
    outer loop
      vertex 89.6 4.8 0
      vertex 49.8 20.2 0
      vertex 51.8 20.2 0
    endloop
  endfacet
  facet normal 0 0 -1
    outer loop
      vertex 49.8 20.2 0
      vertex 47.6 20.2 0
      vertex 49.8 46.2 0
    endloop
  endfacet
  facet normal 0 0 -1
    outer loop
      vertex 89.6 4.8 0
      vertex 47.6 20.2 0
      vertex 49.8 20.2 0
    endloop
  endfacet
  facet normal 0 0 -1
    outer loop
      vertex 5.8 4.8 0
      vertex 47.6 20.2 0
      vertex 89.6 4.8 0
    endloop
  endfacet
  facet normal 0 0 -1
    outer loop
      vertex 45.6 20.2 0
      vertex 43.4 20.2 0
      vertex 45.6 46.2 0
    endloop
  endfacet
  facet normal -0 0 -1
    outer loop
      vertex 47.6 20.2 0
      vertex 5.8 4.8 0
      vertex 45.6 20.2 0
    endloop
  endfacet
  facet normal -0 0 -1
    outer loop
      vertex 45.6 20.2 0
      vertex 5.8 4.8 0
      vertex 43.4 20.2 0
    endloop
  endfacet
  facet normal 0 0 -1
    outer loop
      vertex 41.4 20.2 0
      vertex 39.2 20.2 0
      vertex 41.4 46.2 0
    endloop
  endfacet
  facet normal -0 0 -1
    outer loop
      vertex 43.4 20.2 0
      vertex 5.8 4.8 0
      vertex 41.4 20.2 0
    endloop
  endfacet
  facet normal -0 0 -1
    outer loop
      vertex 41.4 20.2 0
      vertex 5.8 4.8 0
      vertex 39.2 20.2 0
    endloop
  endfacet
  facet normal 0 0 -1
    outer loop
      vertex 37.2 20.2 0
      vertex 35 20.2 0
      vertex 37.2 46.2 0
    endloop
  endfacet
  facet normal -0 0 -1
    outer loop
      vertex 39.2 20.2 0
      vertex 5.8 4.8 0
      vertex 37.2 20.2 0
    endloop
  endfacet
  facet normal -0 0 -1
    outer loop
      vertex 37.2 20.2 0
      vertex 5.8 4.8 0
      vertex 35 20.2 0
    endloop
  endfacet
  facet normal 0 0 -1
    outer loop
      vertex 33 20.2 0
      vertex 30.8 20.2 0
      vertex 33 46.2 0
    endloop
  endfacet
  facet normal -0 0 -1
    outer loop
      vertex 35 20.2 0
      vertex 5.8 4.8 0
      vertex 33 20.2 0
    endloop
  endfacet
  facet normal -0 0 -1
    outer loop
      vertex 33 20.2 0
      vertex 5.8 4.8 0
      vertex 30.8 20.2 0
    endloop
  endfacet
  facet normal 0 0 -1
    outer loop
      vertex 4.8 5.8 0
      vertex 28.8 20.2 0
      vertex 5.8 4.8 0
    endloop
  endfacet
  facet normal -0 0 -1
    outer loop
      vertex 30.8 20.2 0
      vertex 5.8 4.8 0
      vertex 28.8 20.2 0
    endloop
  endfacet
  facet normal 0 0 -1
    outer loop
      vertex 89.8588 61.5659 0
      vertex 89.6 61.6 0
      vertex 89.7305 61.5914 0
    endloop
  endfacet
  facet normal 0 0 -1
    outer loop
      vertex 62.4 46.2 0
      vertex 89.6 61.6 0
      vertex 64.4 46.2 0
    endloop
  endfacet
  facet normal 0 0 -1
    outer loop
      vertex 60.2 46.2 0
      vertex 62.4 46.2 0
      vertex 60.2 20.2 0
    endloop
  endfacet
  facet normal 0 0 -1
    outer loop
      vertex 60.2 46.2 0
      vertex 89.6 61.6 0
      vertex 62.4 46.2 0
    endloop
  endfacet
  facet normal 0 0 -1
    outer loop
      vertex 58.2 46.2 0
      vertex 89.6 61.6 0
      vertex 60.2 46.2 0
    endloop
  endfacet
  facet normal 0 0 -1
    outer loop
      vertex 56 46.2 0
      vertex 58.2 46.2 0
      vertex 56 20.2 0
    endloop
  endfacet
  facet normal 0 0 -1
    outer loop
      vertex 56 46.2 0
      vertex 89.6 61.6 0
      vertex 58.2 46.2 0
    endloop
  endfacet
  facet normal 0 0 -1
    outer loop
      vertex 54 46.2 0
      vertex 89.6 61.6 0
      vertex 56 46.2 0
    endloop
  endfacet
  facet normal 0 0 -1
    outer loop
      vertex 51.8 46.2 0
      vertex 54 46.2 0
      vertex 51.8 20.2 0
    endloop
  endfacet
  facet normal 0 0 -1
    outer loop
      vertex 51.8 46.2 0
      vertex 89.6 61.6 0
      vertex 54 46.2 0
    endloop
  endfacet
  facet normal 0 0 -1
    outer loop
      vertex 49.8 46.2 0
      vertex 89.6 61.6 0
      vertex 51.8 46.2 0
    endloop
  endfacet
  facet normal 0 0 -1
    outer loop
      vertex 47.6 46.2 0
      vertex 49.8 46.2 0
      vertex 47.6 20.2 0
    endloop
  endfacet
  facet normal 0 0 -1
    outer loop
      vertex 47.6 46.2 0
      vertex 89.6 61.6 0
      vertex 49.8 46.2 0
    endloop
  endfacet
  facet normal 0 0 -1
    outer loop
      vertex 5.8 61.6 0
      vertex 47.6 46.2 0
      vertex 45.6 46.2 0
    endloop
  endfacet
  facet normal 0 0 -1
    outer loop
      vertex 43.4 46.2 0
      vertex 45.6 46.2 0
      vertex 43.4 20.2 0
    endloop
  endfacet
  facet normal 0 0 -1
    outer loop
      vertex 5.8 61.6 0
      vertex 45.6 46.2 0
      vertex 43.4 46.2 0
    endloop
  endfacet
  facet normal 0 0 -1
    outer loop
      vertex 5.8 61.6 0
      vertex 43.4 46.2 0
      vertex 41.4 46.2 0
    endloop
  endfacet
  facet normal 0 0 -1
    outer loop
      vertex 39.2 46.2 0
      vertex 41.4 46.2 0
      vertex 39.2 20.2 0
    endloop
  endfacet
  facet normal 0 0 -1
    outer loop
      vertex 5.8 61.6 0
      vertex 41.4 46.2 0
      vertex 39.2 46.2 0
    endloop
  endfacet
  facet normal 0 0 -1
    outer loop
      vertex 5.8 61.6 0
      vertex 39.2 46.2 0
      vertex 37.2 46.2 0
    endloop
  endfacet
  facet normal 0 0 -1
    outer loop
      vertex 35 46.2 0
      vertex 37.2 46.2 0
      vertex 35 20.2 0
    endloop
  endfacet
  facet normal 0 0 -1
    outer loop
      vertex 5.8 61.6 0
      vertex 37.2 46.2 0
      vertex 35 46.2 0
    endloop
  endfacet
  facet normal 0 0 -1
    outer loop
      vertex 5.8 61.6 0
      vertex 35 46.2 0
      vertex 33 46.2 0
    endloop
  endfacet
  facet normal 0 0 -1
    outer loop
      vertex 30.8 46.2 0
      vertex 33 46.2 0
      vertex 30.8 20.2 0
    endloop
  endfacet
  facet normal 0 0 -1
    outer loop
      vertex 5.8 61.6 0
      vertex 33 46.2 0
      vertex 30.8 46.2 0
    endloop
  endfacet
  facet normal 0 0 -1
    outer loop
      vertex 5.8 61.6 0
      vertex 30.8 46.2 0
      vertex 28.8 46.2 0
    endloop
  endfacet
  facet normal 0 0 -1
    outer loop
      vertex 47.6 46.2 0
      vertex 5.8 61.6 0
      vertex 89.6 61.6 0
    endloop
  endfacet
  facet normal -0 0 -1
    outer loop
      vertex 28.8 20.2 0
      vertex 4.8 5.8 0
      vertex 28.8 46.2 0
    endloop
  endfacet
  facet normal 0 0 -1
    outer loop
      vertex 4.8 5.8 0
      vertex 5.8 4.8 0
      vertex 5.66947 4.80855 0
    endloop
  endfacet
  facet normal 0 0 -1
    outer loop
      vertex 4.8 60.6 0
      vertex 28.8 46.2 0
      vertex 4.8 5.8 0
    endloop
  endfacet
  facet normal 0 0 -1
    outer loop
      vertex 4.8 5.8 0
      vertex 5.66947 4.80855 0
      vertex 5.54118 4.83407 0
    endloop
  endfacet
  facet normal 0 0 -1
    outer loop
      vertex 28.8 46.2 0
      vertex 4.8 60.6 0
      vertex 5.8 61.6 0
    endloop
  endfacet
  facet normal 0 0 -1
    outer loop
      vertex 4.8 5.8 0
      vertex 5.54118 4.83407 0
      vertex 5.41732 4.87612 0
    endloop
  endfacet
  facet normal 0 0 -1
    outer loop
      vertex 5.8 61.6 0
      vertex 4.8 60.6 0
      vertex 5.66947 61.5914 0
    endloop
  endfacet
  facet normal 0 0 -1
    outer loop
      vertex 4.8 5.8 0
      vertex 5.41732 4.87612 0
      vertex 5.3 4.93397 0
    endloop
  endfacet
  facet normal 0 0 -1
    outer loop
      vertex 5.66947 61.5914 0
      vertex 4.8 60.6 0
      vertex 5.54118 61.5659 0
    endloop
  endfacet
  facet normal 0 0 -1
    outer loop
      vertex 4.8 5.8 0
      vertex 5.3 4.93397 0
      vertex 5.19124 5.00665 0
    endloop
  endfacet
  facet normal 0 0 -1
    outer loop
      vertex 5.54118 61.5659 0
      vertex 4.8 60.6 0
      vertex 5.41732 61.5239 0
    endloop
  endfacet
  facet normal 0 0 -1
    outer loop
      vertex 4.8 5.8 0
      vertex 5.19124 5.00665 0
      vertex 5.09289 5.09289 0
    endloop
  endfacet
  facet normal 0 0 -1
    outer loop
      vertex 5.41732 61.5239 0
      vertex 4.8 60.6 0
      vertex 5.3 61.466 0
    endloop
  endfacet
  facet normal 0 0 -1
    outer loop
      vertex 4.8 5.8 0
      vertex 5.09289 5.09289 0
      vertex 5.00665 5.19124 0
    endloop
  endfacet
  facet normal 0 0 -1
    outer loop
      vertex 5.3 61.466 0
      vertex 4.8 60.6 0
      vertex 5.19124 61.3934 0
    endloop
  endfacet
  facet normal 0 0 -1
    outer loop
      vertex 4.8 5.8 0
      vertex 5.00665 5.19124 0
      vertex 4.93397 5.3 0
    endloop
  endfacet
  facet normal 0 0 -1
    outer loop
      vertex 5.19124 61.3934 0
      vertex 4.8 60.6 0
      vertex 5.09289 61.3071 0
    endloop
  endfacet
  facet normal 0 0 -1
    outer loop
      vertex 4.8 5.8 0
      vertex 4.93397 5.3 0
      vertex 4.87612 5.41732 0
    endloop
  endfacet
  facet normal 0 0 -1
    outer loop
      vertex 5.09289 61.3071 0
      vertex 4.8 60.6 0
      vertex 5.00665 61.2088 0
    endloop
  endfacet
  facet normal 0 0 -1
    outer loop
      vertex 4.8 5.8 0
      vertex 4.87612 5.41732 0
      vertex 4.83407 5.54118 0
    endloop
  endfacet
  facet normal 0 0 -1
    outer loop
      vertex 5.00665 61.2088 0
      vertex 4.8 60.6 0
      vertex 4.93397 61.1 0
    endloop
  endfacet
  facet normal 0 0 -1
    outer loop
      vertex 4.8 5.8 0
      vertex 4.83407 5.54118 0
      vertex 4.80855 5.66947 0
    endloop
  endfacet
  facet normal 0 0 -1
    outer loop
      vertex 4.93397 61.1 0
      vertex 4.8 60.6 0
      vertex 4.87612 60.9827 0
    endloop
  endfacet
  facet normal 0 0 -1
    outer loop
      vertex 4.87612 60.9827 0
      vertex 4.8 60.6 0
      vertex 4.83407 60.8588 0
    endloop
  endfacet
  facet normal 0 0 -1
    outer loop
      vertex 4.83407 60.8588 0
      vertex 4.8 60.6 0
      vertex 4.80855 60.7305 0
    endloop
  endfacet
  facet normal 0.831485 -0.555547 0
    outer loop
      vertex 91.69 3.98686 0
      vertex 91.799 4.15 -20
      vertex 91.799 4.15 0
    endloop
  endfacet
  facet normal 0.831485 -0.555547 0
    outer loop
      vertex 91.799 4.15 -20
      vertex 91.69 3.98686 0
      vertex 91.69 3.98686 -20
    endloop
  endfacet
  facet normal 0.89683 -0.442376 0
    outer loop
      vertex 91.799 4.15 0
      vertex 91.8858 4.32597 -20
      vertex 91.8858 4.32597 0
    endloop
  endfacet
  facet normal 0.89683 -0.442376 0
    outer loop
      vertex 91.8858 4.32597 -20
      vertex 91.799 4.15 0
      vertex 91.799 4.15 -20
    endloop
  endfacet
  facet normal -0.0653892 -0.99786 0
    outer loop
      vertex 4.70421 3.41283 -20
      vertex 4.9 3.4 0
      vertex 4.70421 3.41283 0
    endloop
  endfacet
  facet normal -0.0653892 -0.99786 -0
    outer loop
      vertex 4.9 3.4 0
      vertex 4.70421 3.41283 -20
      vertex 4.9 3.4 -20
    endloop
  endfacet
  facet normal 0.752198 0.658937 0
    outer loop
      vertex 91.69 62.4131 0
      vertex 91.5607 62.5607 -20
      vertex 91.5607 62.5607 0
    endloop
  endfacet
  facet normal 0.752198 0.658937 0
    outer loop
      vertex 91.5607 62.5607 -20
      vertex 91.69 62.4131 0
      vertex 91.69 62.4131 -20
    endloop
  endfacet
  facet normal 1 -0 0
    outer loop
      vertex 92 4.9 0
      vertex 92 61.5 -20
      vertex 92 61.5 0
    endloop
  endfacet
  facet normal 1 0 0
    outer loop
      vertex 92 61.5 -20
      vertex 92 4.9 0
      vertex 92 4.9 -20
    endloop
  endfacet
  facet normal -0.752021 0.659139 0
    outer loop
      vertex 3.70997 62.4131 -20
      vertex 3.83934 62.5607 0
      vertex 3.83934 62.5607 -20
    endloop
  endfacet
  facet normal -0.752021 0.659139 0
    outer loop
      vertex 3.83934 62.5607 0
      vertex 3.70997 62.4131 -20
      vertex 3.70997 62.4131 0
    endloop
  endfacet
  facet normal -0.659341 -0.751844 0
    outer loop
      vertex 3.83934 3.83934 -20
      vertex 3.98686 3.70997 0
      vertex 3.83934 3.83934 0
    endloop
  endfacet
  facet normal -0.659341 -0.751844 -0
    outer loop
      vertex 3.98686 3.70997 0
      vertex 3.83934 3.83934 -20
      vertex 3.98686 3.70997 -20
    endloop
  endfacet
  facet normal 0 1 -0
    outer loop
      vertex 90.5 63 -20
      vertex 4.9 63 0
      vertex 90.5 63 0
    endloop
  endfacet
  facet normal 0 1 0
    outer loop
      vertex 4.9 63 0
      vertex 90.5 63 -20
      vertex 4.9 63 -20
    endloop
  endfacet
  facet normal -0.321437 -0.946931 0
    outer loop
      vertex 4.32597 3.51418 -20
      vertex 4.51177 3.45111 0
      vertex 4.32597 3.51418 0
    endloop
  endfacet
  facet normal -0.321437 -0.946931 -0
    outer loop
      vertex 4.51177 3.45111 0
      vertex 4.32597 3.51418 -20
      vertex 4.51177 3.45111 -20
    endloop
  endfacet
  facet normal -0.0652369 0.99787 0
    outer loop
      vertex 4.9 63 -20
      vertex 4.70421 62.9872 0
      vertex 4.9 63 0
    endloop
  endfacet
  facet normal -0.0652369 0.99787 0
    outer loop
      vertex 4.70421 62.9872 0
      vertex 4.9 63 -20
      vertex 4.70421 62.9872 -20
    endloop
  endfacet
  facet normal 0.99787 0.0652336 0
    outer loop
      vertex 92 61.5 0
      vertex 91.9872 61.6958 -20
      vertex 91.9872 61.6958 0
    endloop
  endfacet
  facet normal 0.99787 0.0652336 0
    outer loop
      vertex 91.9872 61.6958 -20
      vertex 92 61.5 0
      vertex 92 61.5 -20
    endloop
  endfacet
  facet normal -1 0 0
    outer loop
      vertex 3.4 4.9 -20
      vertex 3.4 61.5 0
      vertex 3.4 61.5 -20
    endloop
  endfacet
  facet normal -1 -0 0
    outer loop
      vertex 3.4 61.5 0
      vertex 3.4 4.9 -20
      vertex 3.4 4.9 0
    endloop
  endfacet
  facet normal -0.195195 0.980764 0
    outer loop
      vertex 4.70421 62.9872 -20
      vertex 4.51177 62.9489 0
      vertex 4.70421 62.9872 0
    endloop
  endfacet
  facet normal -0.195195 0.980764 0
    outer loop
      vertex 4.51177 62.9489 0
      vertex 4.70421 62.9872 -20
      vertex 4.51177 62.9489 -20
    endloop
  endfacet
  facet normal 0.195234 0.980757 -0
    outer loop
      vertex 90.8882 62.9489 -20
      vertex 90.6958 62.9872 0
      vertex 90.8882 62.9489 0
    endloop
  endfacet
  facet normal 0.195234 0.980757 0
    outer loop
      vertex 90.6958 62.9872 0
      vertex 90.8882 62.9489 -20
      vertex 90.6958 62.9872 -20
    endloop
  endfacet
  facet normal 0 -1 0
    outer loop
      vertex 4.9 3.4 -20
      vertex 90.5 3.4 0
      vertex 4.9 3.4 0
    endloop
  endfacet
  facet normal 0 -1 -0
    outer loop
      vertex 90.5 3.4 0
      vertex 4.9 3.4 -20
      vertex 90.5 3.4 -20
    endloop
  endfacet
  facet normal -0.99786 -0.0653892 0
    outer loop
      vertex 3.41283 4.70421 -20
      vertex 3.4 4.9 0
      vertex 3.4 4.9 -20
    endloop
  endfacet
  facet normal -0.99786 -0.0653892 0
    outer loop
      vertex 3.4 4.9 0
      vertex 3.41283 4.70421 -20
      vertex 3.41283 4.70421 0
    endloop
  endfacet
  facet normal -0.946931 0.321437 0
    outer loop
      vertex 3.45111 61.8882 -20
      vertex 3.51418 62.074 0
      vertex 3.51418 62.074 -20
    endloop
  endfacet
  facet normal -0.946931 0.321437 0
    outer loop
      vertex 3.51418 62.074 0
      vertex 3.45111 61.8882 -20
      vertex 3.45111 61.8882 0
    endloop
  endfacet
  facet normal 0.0652336 0.99787 -0
    outer loop
      vertex 90.6958 62.9872 -20
      vertex 90.5 63 0
      vertex 90.6958 62.9872 0
    endloop
  endfacet
  facet normal 0.0652336 0.99787 0
    outer loop
      vertex 90.5 63 0
      vertex 90.6958 62.9872 -20
      vertex 90.5 63 -20
    endloop
  endfacet
  facet normal -0.442376 0.89683 0
    outer loop
      vertex 4.32597 62.8858 -20
      vertex 4.15 62.799 0
      vertex 4.32597 62.8858 0
    endloop
  endfacet
  facet normal -0.442376 0.89683 0
    outer loop
      vertex 4.15 62.799 0
      vertex 4.32597 62.8858 -20
      vertex 4.15 62.799 -20
    endloop
  endfacet
  facet normal -0.99786 0.0653858 0
    outer loop
      vertex 3.4 61.5 -20
      vertex 3.41283 61.6958 0
      vertex 3.41283 61.6958 -20
    endloop
  endfacet
  facet normal -0.99786 0.0653858 0
    outer loop
      vertex 3.41283 61.6958 0
      vertex 3.4 61.5 -20
      vertex 3.4 61.5 0
    endloop
  endfacet
  facet normal 0.442233 -0.8969 0
    outer loop
      vertex 91.074 3.51418 -20
      vertex 91.25 3.60096 0
      vertex 91.074 3.51418 0
    endloop
  endfacet
  facet normal 0.442233 -0.8969 0
    outer loop
      vertex 91.25 3.60096 0
      vertex 91.074 3.51418 -20
      vertex 91.25 3.60096 -20
    endloop
  endfacet
  facet normal -0.980776 0.195136 0
    outer loop
      vertex 3.41283 61.6958 -20
      vertex 3.45111 61.8882 0
      vertex 3.45111 61.8882 -20
    endloop
  endfacet
  facet normal -0.980776 0.195136 0
    outer loop
      vertex 3.45111 61.8882 0
      vertex 3.41283 61.6958 -20
      vertex 3.41283 61.6958 0
    endloop
  endfacet
  facet normal -0.195097 -0.980784 0
    outer loop
      vertex 4.51177 3.45111 -20
      vertex 4.70421 3.41283 0
      vertex 4.51177 3.45111 0
    endloop
  endfacet
  facet normal -0.195097 -0.980784 -0
    outer loop
      vertex 4.70421 3.41283 0
      vertex 4.51177 3.45111 -20
      vertex 4.70421 3.41283 -20
    endloop
  endfacet
  facet normal -0.980784 -0.195097 0
    outer loop
      vertex 3.45111 4.51177 -20
      vertex 3.41283 4.70421 0
      vertex 3.41283 4.70421 -20
    endloop
  endfacet
  facet normal -0.980784 -0.195097 0
    outer loop
      vertex 3.41283 4.70421 0
      vertex 3.45111 4.51177 -20
      vertex 3.45111 4.51177 0
    endloop
  endfacet
  facet normal 0.946885 -0.321574 0
    outer loop
      vertex 91.8858 4.32597 0
      vertex 91.9489 4.51177 -20
      vertex 91.9489 4.51177 0
    endloop
  endfacet
  facet normal 0.946885 -0.321574 0
    outer loop
      vertex 91.9489 4.51177 -20
      vertex 91.8858 4.32597 0
      vertex 91.8858 4.32597 -20
    endloop
  endfacet
  facet normal -0.831462 -0.555582 0
    outer loop
      vertex 3.70997 3.98686 -20
      vertex 3.60096 4.15 0
      vertex 3.60096 4.15 -20
    endloop
  endfacet
  facet normal -0.831462 -0.555582 0
    outer loop
      vertex 3.60096 4.15 0
      vertex 3.70997 3.98686 -20
      vertex 3.70997 3.98686 0
    endloop
  endfacet
  facet normal 0.980764 -0.195195 0
    outer loop
      vertex 91.9489 4.51177 0
      vertex 91.9872 4.70421 -20
      vertex 91.9872 4.70421 0
    endloop
  endfacet
  facet normal 0.980764 -0.195195 0
    outer loop
      vertex 91.9872 4.70421 -20
      vertex 91.9489 4.51177 0
      vertex 91.9489 4.51177 -20
    endloop
  endfacet
  facet normal 0.99787 -0.0652369 0
    outer loop
      vertex 91.9872 4.70421 0
      vertex 92 4.9 -20
      vertex 92 4.9 0
    endloop
  endfacet
  facet normal 0.99787 -0.0652369 0
    outer loop
      vertex 92 4.9 -20
      vertex 91.9872 4.70421 0
      vertex 91.9872 4.70421 -20
    endloop
  endfacet
  facet normal -0.65914 0.752021 0
    outer loop
      vertex 3.98686 62.69 -20
      vertex 3.83934 62.5607 0
      vertex 3.98686 62.69 0
    endloop
  endfacet
  facet normal -0.65914 0.752021 0
    outer loop
      vertex 3.83934 62.5607 0
      vertex 3.98686 62.69 -20
      vertex 3.83934 62.5607 -20
    endloop
  endfacet
  facet normal -0.555582 -0.831462 0
    outer loop
      vertex 3.98686 3.70997 -20
      vertex 4.15 3.60096 0
      vertex 3.98686 3.70997 0
    endloop
  endfacet
  facet normal -0.555582 -0.831462 -0
    outer loop
      vertex 4.15 3.60096 0
      vertex 3.98686 3.70997 -20
      vertex 4.15 3.60096 -20
    endloop
  endfacet
  facet normal 0.321574 0.946885 -0
    outer loop
      vertex 91.074 62.8858 -20
      vertex 90.8882 62.9489 0
      vertex 91.074 62.8858 0
    endloop
  endfacet
  facet normal 0.321574 0.946885 0
    outer loop
      vertex 90.8882 62.9489 0
      vertex 91.074 62.8858 -20
      vertex 90.8882 62.9489 -20
    endloop
  endfacet
  facet normal 0.752021 -0.65914 0
    outer loop
      vertex 91.5607 3.83934 0
      vertex 91.69 3.98686 -20
      vertex 91.69 3.98686 0
    endloop
  endfacet
  facet normal 0.752021 -0.65914 0
    outer loop
      vertex 91.69 3.98686 -20
      vertex 91.5607 3.83934 0
      vertex 91.5607 3.83934 -20
    endloop
  endfacet
  facet normal -0.831399 0.555676 0
    outer loop
      vertex 3.60096 62.25 -20
      vertex 3.70997 62.4131 0
      vertex 3.70997 62.4131 -20
    endloop
  endfacet
  facet normal -0.831399 0.555676 0
    outer loop
      vertex 3.70997 62.4131 0
      vertex 3.60096 62.25 -20
      vertex 3.60096 62.25 0
    endloop
  endfacet
  facet normal -0.8969 0.442233 0
    outer loop
      vertex 3.51418 62.074 -20
      vertex 3.60096 62.25 0
      vertex 3.60096 62.25 -20
    endloop
  endfacet
  facet normal -0.8969 0.442233 0
    outer loop
      vertex 3.60096 62.25 0
      vertex 3.51418 62.074 -20
      vertex 3.51418 62.074 0
    endloop
  endfacet
  facet normal -0.946931 -0.321437 0
    outer loop
      vertex 3.51418 4.32597 -20
      vertex 3.45111 4.51177 0
      vertex 3.45111 4.51177 -20
    endloop
  endfacet
  facet normal -0.946931 -0.321437 0
    outer loop
      vertex 3.45111 4.51177 0
      vertex 3.51418 4.32597 -20
      vertex 3.51418 4.32597 0
    endloop
  endfacet
  facet normal -0.321574 0.946885 0
    outer loop
      vertex 4.51177 62.9489 -20
      vertex 4.32597 62.8858 0
      vertex 4.51177 62.9489 0
    endloop
  endfacet
  facet normal -0.321574 0.946885 0
    outer loop
      vertex 4.32597 62.8858 0
      vertex 4.51177 62.9489 -20
      vertex 4.32597 62.8858 -20
    endloop
  endfacet
  facet normal 0.658937 0.752198 -0
    outer loop
      vertex 91.5607 62.5607 -20
      vertex 91.4131 62.69 0
      vertex 91.5607 62.5607 0
    endloop
  endfacet
  facet normal 0.658937 0.752198 0
    outer loop
      vertex 91.4131 62.69 0
      vertex 91.5607 62.5607 -20
      vertex 91.4131 62.69 -20
    endloop
  endfacet
  facet normal 0.0653858 -0.99786 0
    outer loop
      vertex 90.5 3.4 -20
      vertex 90.6958 3.41283 0
      vertex 90.5 3.4 0
    endloop
  endfacet
  facet normal 0.0653858 -0.99786 0
    outer loop
      vertex 90.6958 3.41283 0
      vertex 90.5 3.4 -20
      vertex 90.6958 3.41283 -20
    endloop
  endfacet
  facet normal 0.555676 -0.831399 0
    outer loop
      vertex 91.25 3.60096 -20
      vertex 91.4131 3.70997 0
      vertex 91.25 3.60096 0
    endloop
  endfacet
  facet normal 0.555676 -0.831399 0
    outer loop
      vertex 91.4131 3.70997 0
      vertex 91.25 3.60096 -20
      vertex 91.4131 3.70997 -20
    endloop
  endfacet
  facet normal 0.831422 0.555641 0
    outer loop
      vertex 91.799 62.25 0
      vertex 91.69 62.4131 -20
      vertex 91.69 62.4131 0
    endloop
  endfacet
  facet normal 0.831422 0.555641 0
    outer loop
      vertex 91.69 62.4131 -20
      vertex 91.799 62.25 0
      vertex 91.799 62.25 -20
    endloop
  endfacet
  facet normal -0.751844 -0.659341 0
    outer loop
      vertex 3.83934 3.83934 -20
      vertex 3.70997 3.98686 0
      vertex 3.70997 3.98686 -20
    endloop
  endfacet
  facet normal -0.751844 -0.659341 0
    outer loop
      vertex 3.70997 3.98686 0
      vertex 3.83934 3.83934 -20
      vertex 3.83934 3.83934 0
    endloop
  endfacet
  facet normal 0.555641 0.831422 -0
    outer loop
      vertex 91.4131 62.69 -20
      vertex 91.25 62.799 0
      vertex 91.4131 62.69 0
    endloop
  endfacet
  facet normal 0.555641 0.831422 0
    outer loop
      vertex 91.25 62.799 0
      vertex 91.4131 62.69 -20
      vertex 91.25 62.799 -20
    endloop
  endfacet
  facet normal -0.442294 -0.89687 0
    outer loop
      vertex 4.15 3.60096 -20
      vertex 4.32597 3.51418 0
      vertex 4.15 3.60096 0
    endloop
  endfacet
  facet normal -0.442294 -0.89687 -0
    outer loop
      vertex 4.32597 3.51418 0
      vertex 4.15 3.60096 -20
      vertex 4.32597 3.51418 -20
    endloop
  endfacet
  facet normal 0.321437 -0.946931 0
    outer loop
      vertex 90.8882 3.45111 -20
      vertex 91.074 3.51418 0
      vertex 90.8882 3.45111 0
    endloop
  endfacet
  facet normal 0.321437 -0.946931 0
    outer loop
      vertex 91.074 3.51418 0
      vertex 90.8882 3.45111 -20
      vertex 91.074 3.51418 -20
    endloop
  endfacet
  facet normal 0.946885 0.321574 0
    outer loop
      vertex 91.9489 61.8882 0
      vertex 91.8858 62.074 -20
      vertex 91.8858 62.074 0
    endloop
  endfacet
  facet normal 0.946885 0.321574 0
    outer loop
      vertex 91.8858 62.074 -20
      vertex 91.9489 61.8882 0
      vertex 91.9489 61.8882 -20
    endloop
  endfacet
  facet normal 0.89686 0.442315 0
    outer loop
      vertex 91.8858 62.074 0
      vertex 91.799 62.25 -20
      vertex 91.799 62.25 0
    endloop
  endfacet
  facet normal 0.89686 0.442315 0
    outer loop
      vertex 91.799 62.25 -20
      vertex 91.8858 62.074 0
      vertex 91.8858 62.074 -20
    endloop
  endfacet
  facet normal 0.980757 0.195234 0
    outer loop
      vertex 91.9872 61.6958 0
      vertex 91.9489 61.8882 -20
      vertex 91.9489 61.8882 0
    endloop
  endfacet
  facet normal 0.980757 0.195234 0
    outer loop
      vertex 91.9489 61.8882 -20
      vertex 91.9872 61.6958 0
      vertex 91.9872 61.6958 -20
    endloop
  endfacet
  facet normal -0.89687 -0.442294 0
    outer loop
      vertex 3.60096 4.15 -20
      vertex 3.51418 4.32597 0
      vertex 3.51418 4.32597 -20
    endloop
  endfacet
  facet normal -0.89687 -0.442294 0
    outer loop
      vertex 3.51418 4.32597 0
      vertex 3.60096 4.15 -20
      vertex 3.60096 4.15 0
    endloop
  endfacet
  facet normal -0.555547 0.831485 0
    outer loop
      vertex 4.15 62.799 -20
      vertex 3.98686 62.69 0
      vertex 4.15 62.799 0
    endloop
  endfacet
  facet normal -0.555547 0.831485 0
    outer loop
      vertex 3.98686 62.69 0
      vertex 4.15 62.799 -20
      vertex 3.98686 62.69 -20
    endloop
  endfacet
  facet normal 0.659139 -0.752021 0
    outer loop
      vertex 91.4131 3.70997 -20
      vertex 91.5607 3.83934 0
      vertex 91.4131 3.70997 0
    endloop
  endfacet
  facet normal 0.659139 -0.752021 0
    outer loop
      vertex 91.5607 3.83934 0
      vertex 91.4131 3.70997 -20
      vertex 91.5607 3.83934 -20
    endloop
  endfacet
  facet normal 0.442315 0.89686 -0
    outer loop
      vertex 91.25 62.799 -20
      vertex 91.074 62.8858 0
      vertex 91.25 62.799 0
    endloop
  endfacet
  facet normal 0.442315 0.89686 0
    outer loop
      vertex 91.074 62.8858 0
      vertex 91.25 62.799 -20
      vertex 91.074 62.8858 -20
    endloop
  endfacet
  facet normal 0.195136 -0.980776 0
    outer loop
      vertex 90.6958 3.41283 -20
      vertex 90.8882 3.45111 0
      vertex 90.6958 3.41283 0
    endloop
  endfacet
  facet normal 0.195136 -0.980776 0
    outer loop
      vertex 90.8882 3.45111 0
      vertex 90.6958 3.41283 -20
      vertex 90.8882 3.45111 -20
    endloop
  endfacet
  facet normal 0 0 -1
    outer loop
      vertex 90.466 5.3 -20
      vertex 92 4.9 -20
      vertex 91.9872 4.70421 -20
    endloop
  endfacet
  facet normal 0 0 -1
    outer loop
      vertex 92 4.9 -20
      vertex 90.6 5.8 -20
      vertex 92 61.5 -20
    endloop
  endfacet
  facet normal 0 0 -1
    outer loop
      vertex 90.466 5.3 -20
      vertex 91.9872 4.70421 -20
      vertex 91.9489 4.51177 -20
    endloop
  endfacet
  facet normal 0 0 -1
    outer loop
      vertex 90.6 60.6 -20
      vertex 92 61.5 -20
      vertex 90.6 5.8 -20
    endloop
  endfacet
  facet normal 0 0 -1
    outer loop
      vertex 90.3934 5.19124 -20
      vertex 91.9489 4.51177 -20
      vertex 91.8858 4.32597 -20
    endloop
  endfacet
  facet normal 0 0 -1
    outer loop
      vertex 90.5914 60.7305 -20
      vertex 92 61.5 -20
      vertex 90.6 60.6 -20
    endloop
  endfacet
  facet normal 0 0 -1
    outer loop
      vertex 90.3934 5.19124 -20
      vertex 91.8858 4.32597 -20
      vertex 91.799 4.15 -20
    endloop
  endfacet
  facet normal 0 0 -1
    outer loop
      vertex 90.5659 60.8588 -20
      vertex 92 61.5 -20
      vertex 90.5914 60.7305 -20
    endloop
  endfacet
  facet normal 0 0 -1
    outer loop
      vertex 90.3934 5.19124 -20
      vertex 91.799 4.15 -20
      vertex 91.69 3.98686 -20
    endloop
  endfacet
  facet normal 0 0 -1
    outer loop
      vertex 90.5239 60.9827 -20
      vertex 92 61.5 -20
      vertex 90.5659 60.8588 -20
    endloop
  endfacet
  facet normal 0 0 -1
    outer loop
      vertex 90.3071 5.09289 -20
      vertex 91.69 3.98686 -20
      vertex 91.5607 3.83934 -20
    endloop
  endfacet
  facet normal 0 0 -1
    outer loop
      vertex 90.466 61.1 -20
      vertex 92 61.5 -20
      vertex 90.5239 60.9827 -20
    endloop
  endfacet
  facet normal 0 0 -1
    outer loop
      vertex 90.3071 5.09289 -20
      vertex 91.5607 3.83934 -20
      vertex 91.4131 3.70997 -20
    endloop
  endfacet
  facet normal -0 0 -1
    outer loop
      vertex 92 61.5 -20
      vertex 90.466 61.1 -20
      vertex 91.9872 61.6958 -20
    endloop
  endfacet
  facet normal 0 0 -1
    outer loop
      vertex 90.3071 5.09289 -20
      vertex 91.4131 3.70997 -20
      vertex 91.25 3.60096 -20
    endloop
  endfacet
  facet normal -0 0 -1
    outer loop
      vertex 91.9872 61.6958 -20
      vertex 90.466 61.1 -20
      vertex 91.9489 61.8882 -20
    endloop
  endfacet
  facet normal 0 0 -1
    outer loop
      vertex 90.2088 5.00665 -20
      vertex 91.25 3.60096 -20
      vertex 91.074 3.51418 -20
    endloop
  endfacet
  facet normal 0 0 -1
    outer loop
      vertex 90.3934 61.2088 -20
      vertex 91.9489 61.8882 -20
      vertex 90.466 61.1 -20
    endloop
  endfacet
  facet normal 0 0 -1
    outer loop
      vertex 90.2088 5.00665 -20
      vertex 91.074 3.51418 -20
      vertex 90.8882 3.45111 -20
    endloop
  endfacet
  facet normal -0 0 -1
    outer loop
      vertex 91.9489 61.8882 -20
      vertex 90.3934 61.2088 -20
      vertex 91.8858 62.074 -20
    endloop
  endfacet
  facet normal 0 0 -1
    outer loop
      vertex 90.2088 5.00665 -20
      vertex 90.8882 3.45111 -20
      vertex 90.6958 3.41283 -20
    endloop
  endfacet
  facet normal -0 0 -1
    outer loop
      vertex 91.8858 62.074 -20
      vertex 90.3934 61.2088 -20
      vertex 91.799 62.25 -20
    endloop
  endfacet
  facet normal -0 0 -1
    outer loop
      vertex 91.799 62.25 -20
      vertex 90.3934 61.2088 -20
      vertex 91.69 62.4131 -20
    endloop
  endfacet
  facet normal 0 0 -1
    outer loop
      vertex 92 4.9 -20
      vertex 90.5914 5.66947 -20
      vertex 90.6 5.8 -20
    endloop
  endfacet
  facet normal 0 0 -1
    outer loop
      vertex 92 4.9 -20
      vertex 90.5659 5.54118 -20
      vertex 90.5914 5.66947 -20
    endloop
  endfacet
  facet normal 0 0 -1
    outer loop
      vertex 92 4.9 -20
      vertex 90.5239 5.41732 -20
      vertex 90.5659 5.54118 -20
    endloop
  endfacet
  facet normal 0 0 -1
    outer loop
      vertex 90.1 4.93397 -20
      vertex 90.6958 3.41283 -20
      vertex 90.5 3.4 -20
    endloop
  endfacet
  facet normal 0 0 -1
    outer loop
      vertex 92 4.9 -20
      vertex 90.466 5.3 -20
      vertex 90.5239 5.41732 -20
    endloop
  endfacet
  facet normal 0 0 -1
    outer loop
      vertex 91.9489 4.51177 -20
      vertex 90.3934 5.19124 -20
      vertex 90.466 5.3 -20
    endloop
  endfacet
  facet normal 0 0 -1
    outer loop
      vertex 91.69 3.98686 -20
      vertex 90.3071 5.09289 -20
      vertex 90.3934 5.19124 -20
    endloop
  endfacet
  facet normal 0 0 -1
    outer loop
      vertex 91.25 3.60096 -20
      vertex 90.2088 5.00665 -20
      vertex 90.3071 5.09289 -20
    endloop
  endfacet
  facet normal 0 0 -1
    outer loop
      vertex 90.6958 3.41283 -20
      vertex 90.1 4.93397 -20
      vertex 90.2088 5.00665 -20
    endloop
  endfacet
  facet normal 0 0 -1
    outer loop
      vertex 90.5 3.4 -20
      vertex 89.9827 4.87612 -20
      vertex 90.1 4.93397 -20
    endloop
  endfacet
  facet normal 0 0 -1
    outer loop
      vertex 90.5 3.4 -20
      vertex 89.8588 4.83407 -20
      vertex 89.9827 4.87612 -20
    endloop
  endfacet
  facet normal 0 0 -1
    outer loop
      vertex 90.5 3.4 -20
      vertex 89.7305 4.80855 -20
      vertex 89.8588 4.83407 -20
    endloop
  endfacet
  facet normal 0 0 -1
    outer loop
      vertex 90.5 3.4 -20
      vertex 89.6 4.8 -20
      vertex 89.7305 4.80855 -20
    endloop
  endfacet
  facet normal 0 0 -1
    outer loop
      vertex 90.5 3.4 -20
      vertex 5.8 4.8 -20
      vertex 89.6 4.8 -20
    endloop
  endfacet
  facet normal 0 0 -1
    outer loop
      vertex 4.9 3.4 -20
      vertex 5.8 4.8 -20
      vertex 90.5 3.4 -20
    endloop
  endfacet
  facet normal 0 0 -1
    outer loop
      vertex 4.9 3.4 -20
      vertex 5.66947 4.80855 -20
      vertex 5.8 4.8 -20
    endloop
  endfacet
  facet normal 0 0 -1
    outer loop
      vertex 4.9 3.4 -20
      vertex 5.54118 4.83407 -20
      vertex 5.66947 4.80855 -20
    endloop
  endfacet
  facet normal 0 0 -1
    outer loop
      vertex 4.9 3.4 -20
      vertex 5.41732 4.87612 -20
      vertex 5.54118 4.83407 -20
    endloop
  endfacet
  facet normal 0 0 -1
    outer loop
      vertex 4.9 3.4 -20
      vertex 5.3 4.93397 -20
      vertex 5.41732 4.87612 -20
    endloop
  endfacet
  facet normal 0 0 -1
    outer loop
      vertex 4.70421 3.41283 -20
      vertex 5.3 4.93397 -20
      vertex 4.9 3.4 -20
    endloop
  endfacet
  facet normal -0 0 -1
    outer loop
      vertex 5.3 4.93397 -20
      vertex 4.70421 3.41283 -20
      vertex 5.19124 5.00665 -20
    endloop
  endfacet
  facet normal 0 0 -1
    outer loop
      vertex 4.51177 3.45111 -20
      vertex 5.19124 5.00665 -20
      vertex 4.70421 3.41283 -20
    endloop
  endfacet
  facet normal 0 0 -1
    outer loop
      vertex 4.32597 3.51418 -20
      vertex 5.19124 5.00665 -20
      vertex 4.51177 3.45111 -20
    endloop
  endfacet
  facet normal 0 0 -1
    outer loop
      vertex 4.15 3.60096 -20
      vertex 5.19124 5.00665 -20
      vertex 4.32597 3.51418 -20
    endloop
  endfacet
  facet normal -0 0 -1
    outer loop
      vertex 5.19124 5.00665 -20
      vertex 4.15 3.60096 -20
      vertex 5.09289 5.09289 -20
    endloop
  endfacet
  facet normal 0 0 -1
    outer loop
      vertex 3.98686 3.70997 -20
      vertex 5.09289 5.09289 -20
      vertex 4.15 3.60096 -20
    endloop
  endfacet
  facet normal 0 0 -1
    outer loop
      vertex 3.83934 3.83934 -20
      vertex 5.09289 5.09289 -20
      vertex 3.98686 3.70997 -20
    endloop
  endfacet
  facet normal -0 0 -1
    outer loop
      vertex 5.09289 5.09289 -20
      vertex 3.70997 3.98686 -20
      vertex 5.00665 5.19124 -20
    endloop
  endfacet
  facet normal 0 0 -1
    outer loop
      vertex 3.70997 3.98686 -20
      vertex 5.09289 5.09289 -20
      vertex 3.83934 3.83934 -20
    endloop
  endfacet
  facet normal 0 0 -1
    outer loop
      vertex 90.3071 61.3071 -20
      vertex 91.69 62.4131 -20
      vertex 90.3934 61.2088 -20
    endloop
  endfacet
  facet normal -0 0 -1
    outer loop
      vertex 91.69 62.4131 -20
      vertex 90.3071 61.3071 -20
      vertex 91.5607 62.5607 -20
    endloop
  endfacet
  facet normal -0 0 -1
    outer loop
      vertex 91.5607 62.5607 -20
      vertex 90.3071 61.3071 -20
      vertex 91.4131 62.69 -20
    endloop
  endfacet
  facet normal -0 0 -1
    outer loop
      vertex 91.4131 62.69 -20
      vertex 90.3071 61.3071 -20
      vertex 91.25 62.799 -20
    endloop
  endfacet
  facet normal 0 0 -1
    outer loop
      vertex 90.2088 61.3934 -20
      vertex 91.25 62.799 -20
      vertex 90.3071 61.3071 -20
    endloop
  endfacet
  facet normal -0 0 -1
    outer loop
      vertex 91.25 62.799 -20
      vertex 90.2088 61.3934 -20
      vertex 91.074 62.8858 -20
    endloop
  endfacet
  facet normal -0 0 -1
    outer loop
      vertex 91.074 62.8858 -20
      vertex 90.2088 61.3934 -20
      vertex 90.8882 62.9489 -20
    endloop
  endfacet
  facet normal -0 0 -1
    outer loop
      vertex 90.8882 62.9489 -20
      vertex 90.2088 61.3934 -20
      vertex 90.6958 62.9872 -20
    endloop
  endfacet
  facet normal 0 0 -1
    outer loop
      vertex 90.1 61.466 -20
      vertex 90.6958 62.9872 -20
      vertex 90.2088 61.3934 -20
    endloop
  endfacet
  facet normal -0 0 -1
    outer loop
      vertex 90.6958 62.9872 -20
      vertex 90.1 61.466 -20
      vertex 90.5 63 -20
    endloop
  endfacet
  facet normal 0 0 -1
    outer loop
      vertex 89.9827 61.5239 -20
      vertex 90.5 63 -20
      vertex 90.1 61.466 -20
    endloop
  endfacet
  facet normal 0 0 -1
    outer loop
      vertex 89.8588 61.5659 -20
      vertex 90.5 63 -20
      vertex 89.9827 61.5239 -20
    endloop
  endfacet
  facet normal 0 0 -1
    outer loop
      vertex 89.7305 61.5914 -20
      vertex 90.5 63 -20
      vertex 89.8588 61.5659 -20
    endloop
  endfacet
  facet normal 0 0 -1
    outer loop
      vertex 89.6 61.6 -20
      vertex 90.5 63 -20
      vertex 89.7305 61.5914 -20
    endloop
  endfacet
  facet normal 0 0 -1
    outer loop
      vertex 5.8 61.6 -20
      vertex 90.5 63 -20
      vertex 89.6 61.6 -20
    endloop
  endfacet
  facet normal 0 0 -1
    outer loop
      vertex 5.8 61.6 -20
      vertex 4.9 63 -20
      vertex 90.5 63 -20
    endloop
  endfacet
  facet normal 0 0 -1
    outer loop
      vertex 5.66947 61.5914 -20
      vertex 4.9 63 -20
      vertex 5.8 61.6 -20
    endloop
  endfacet
  facet normal 0 0 -1
    outer loop
      vertex 5.54118 61.5659 -20
      vertex 4.9 63 -20
      vertex 5.66947 61.5914 -20
    endloop
  endfacet
  facet normal 0 0 -1
    outer loop
      vertex 5.41732 61.5239 -20
      vertex 4.9 63 -20
      vertex 5.54118 61.5659 -20
    endloop
  endfacet
  facet normal 0 0 -1
    outer loop
      vertex 5.3 61.466 -20
      vertex 4.9 63 -20
      vertex 5.41732 61.5239 -20
    endloop
  endfacet
  facet normal 0 0 -1
    outer loop
      vertex 4.70421 62.9872 -20
      vertex 5.3 61.466 -20
      vertex 5.19124 61.3934 -20
    endloop
  endfacet
  facet normal 0 0 -1
    outer loop
      vertex 4.15 62.799 -20
      vertex 5.19124 61.3934 -20
      vertex 5.09289 61.3071 -20
    endloop
  endfacet
  facet normal 0 0 -1
    outer loop
      vertex 3.70997 62.4131 -20
      vertex 5.09289 61.3071 -20
      vertex 5.00665 61.2088 -20
    endloop
  endfacet
  facet normal 0 0 -1
    outer loop
      vertex 3.45111 61.8882 -20
      vertex 5.00665 61.2088 -20
      vertex 4.93397 61.1 -20
    endloop
  endfacet
  facet normal 0 0 -1
    outer loop
      vertex 3.4 61.5 -20
      vertex 4.93397 61.1 -20
      vertex 4.87612 60.9827 -20
    endloop
  endfacet
  facet normal 0 0 -1
    outer loop
      vertex 3.4 61.5 -20
      vertex 4.87612 60.9827 -20
      vertex 4.83407 60.8588 -20
    endloop
  endfacet
  facet normal 0 0 -1
    outer loop
      vertex 3.4 61.5 -20
      vertex 4.83407 60.8588 -20
      vertex 4.80855 60.7305 -20
    endloop
  endfacet
  facet normal 0 0 -1
    outer loop
      vertex 3.4 61.5 -20
      vertex 4.80855 60.7305 -20
      vertex 4.8 60.6 -20
    endloop
  endfacet
  facet normal 0 0 -1
    outer loop
      vertex 5.3 61.466 -20
      vertex 4.70421 62.9872 -20
      vertex 4.9 63 -20
    endloop
  endfacet
  facet normal -0 0 -1
    outer loop
      vertex 4.8 5.8 -20
      vertex 3.4 4.9 -20
      vertex 4.8 60.6 -20
    endloop
  endfacet
  facet normal 0 0 -1
    outer loop
      vertex 3.60096 4.15 -20
      vertex 5.00665 5.19124 -20
      vertex 3.70997 3.98686 -20
    endloop
  endfacet
  facet normal 0 0 -1
    outer loop
      vertex 3.4 61.5 -20
      vertex 4.8 60.6 -20
      vertex 3.4 4.9 -20
    endloop
  endfacet
  facet normal 0 0 -1
    outer loop
      vertex 3.51418 4.32597 -20
      vertex 5.00665 5.19124 -20
      vertex 3.60096 4.15 -20
    endloop
  endfacet
  facet normal 0 0 -1
    outer loop
      vertex 4.93397 61.1 -20
      vertex 3.4 61.5 -20
      vertex 3.41283 61.6958 -20
    endloop
  endfacet
  facet normal 0 0 -1
    outer loop
      vertex 3.45111 4.51177 -20
      vertex 5.00665 5.19124 -20
      vertex 3.51418 4.32597 -20
    endloop
  endfacet
  facet normal 0 0 -1
    outer loop
      vertex 5.19124 61.3934 -20
      vertex 4.51177 62.9489 -20
      vertex 4.70421 62.9872 -20
    endloop
  endfacet
  facet normal -0 0 -1
    outer loop
      vertex 5.00665 5.19124 -20
      vertex 3.45111 4.51177 -20
      vertex 4.93397 5.3 -20
    endloop
  endfacet
  facet normal 0 0 -1
    outer loop
      vertex 5.19124 61.3934 -20
      vertex 4.32597 62.8858 -20
      vertex 4.51177 62.9489 -20
    endloop
  endfacet
  facet normal 0 0 -1
    outer loop
      vertex 3.41283 4.70421 -20
      vertex 4.93397 5.3 -20
      vertex 3.45111 4.51177 -20
    endloop
  endfacet
  facet normal 0 0 -1
    outer loop
      vertex 5.19124 61.3934 -20
      vertex 4.15 62.799 -20
      vertex 4.32597 62.8858 -20
    endloop
  endfacet
  facet normal 0 0 -1
    outer loop
      vertex 3.4 4.9 -20
      vertex 4.93397 5.3 -20
      vertex 3.41283 4.70421 -20
    endloop
  endfacet
  facet normal 0 0 -1
    outer loop
      vertex 5.09289 61.3071 -20
      vertex 3.98686 62.69 -20
      vertex 4.15 62.799 -20
    endloop
  endfacet
  facet normal -0 0 -1
    outer loop
      vertex 4.93397 5.3 -20
      vertex 3.4 4.9 -20
      vertex 4.87612 5.41732 -20
    endloop
  endfacet
  facet normal 0 0 -1
    outer loop
      vertex 5.09289 61.3071 -20
      vertex 3.83934 62.5607 -20
      vertex 3.98686 62.69 -20
    endloop
  endfacet
  facet normal -0 0 -1
    outer loop
      vertex 4.87612 5.41732 -20
      vertex 3.4 4.9 -20
      vertex 4.83407 5.54118 -20
    endloop
  endfacet
  facet normal 0 0 -1
    outer loop
      vertex 5.09289 61.3071 -20
      vertex 3.70997 62.4131 -20
      vertex 3.83934 62.5607 -20
    endloop
  endfacet
  facet normal -0 0 -1
    outer loop
      vertex 4.83407 5.54118 -20
      vertex 3.4 4.9 -20
      vertex 4.80855 5.66947 -20
    endloop
  endfacet
  facet normal 0 0 -1
    outer loop
      vertex 5.00665 61.2088 -20
      vertex 3.60096 62.25 -20
      vertex 3.70997 62.4131 -20
    endloop
  endfacet
  facet normal -0 0 -1
    outer loop
      vertex 4.80855 5.66947 -20
      vertex 3.4 4.9 -20
      vertex 4.8 5.8 -20
    endloop
  endfacet
  facet normal 0 0 -1
    outer loop
      vertex 5.00665 61.2088 -20
      vertex 3.51418 62.074 -20
      vertex 3.60096 62.25 -20
    endloop
  endfacet
  facet normal 0 0 -1
    outer loop
      vertex 5.00665 61.2088 -20
      vertex 3.45111 61.8882 -20
      vertex 3.51418 62.074 -20
    endloop
  endfacet
  facet normal 0 0 -1
    outer loop
      vertex 4.93397 61.1 -20
      vertex 3.41283 61.6958 -20
      vertex 3.45111 61.8882 -20
    endloop
  endfacet
  facet normal 0.75188 0.6593 0
    outer loop
      vertex 5.09289 5.09289 0
      vertex 5.00665 5.19124 -20
      vertex 5.00665 5.19124 0
    endloop
  endfacet
  facet normal 0.75188 0.6593 0
    outer loop
      vertex 5.00665 5.19124 -20
      vertex 5.09289 5.09289 0
      vertex 5.09289 5.09289 -20
    endloop
  endfacet
  facet normal -0.555053 -0.831815 0
    outer loop
      vertex 90.1 61.466 -20
      vertex 90.2088 61.3934 0
      vertex 90.1 61.466 0
    endloop
  endfacet
  facet normal -0.555053 -0.831815 -0
    outer loop
      vertex 90.2088 61.3934 0
      vertex 90.1 61.466 -20
      vertex 90.2088 61.3934 -20
    endloop
  endfacet
  facet normal 0.0657427 -0.997837 0
    outer loop
      vertex 5.66947 61.5914 -20
      vertex 5.8 61.6 0
      vertex 5.66947 61.5914 0
    endloop
  endfacet
  facet normal 0.0657427 -0.997837 0
    outer loop
      vertex 5.8 61.6 0
      vertex 5.66947 61.5914 -20
      vertex 5.8 61.6 -20
    endloop
  endfacet
  facet normal 1 -0 0
    outer loop
      vertex 4.8 5.8 0
      vertex 4.8 60.6 -20
      vertex 4.8 60.6 0
    endloop
  endfacet
  facet normal 1 0 0
    outer loop
      vertex 4.8 60.6 -20
      vertex 4.8 5.8 0
      vertex 4.8 5.8 -20
    endloop
  endfacet
  facet normal 0 -1 0
    outer loop
      vertex 5.8 61.6 -20
      vertex 89.6 61.6 0
      vertex 5.8 61.6 0
    endloop
  endfacet
  facet normal 0 -1 -0
    outer loop
      vertex 89.6 61.6 0
      vertex 5.8 61.6 -20
      vertex 89.6 61.6 -20
    endloop
  endfacet
  facet normal 0.44256 -0.896739 0
    outer loop
      vertex 5.3 61.466 -20
      vertex 5.41732 61.5239 0
      vertex 5.3 61.466 0
    endloop
  endfacet
  facet normal 0.44256 -0.896739 0
    outer loop
      vertex 5.41732 61.5239 0
      vertex 5.3 61.466 -20
      vertex 5.41732 61.5239 -20
    endloop
  endfacet
  facet normal -0.0657577 -0.997836 0
    outer loop
      vertex 89.6 61.6 -20
      vertex 89.7305 61.5914 0
      vertex 89.6 61.6 0
    endloop
  endfacet
  facet normal -0.0657577 -0.997836 -0
    outer loop
      vertex 89.7305 61.5914 0
      vertex 89.6 61.6 -20
      vertex 89.7305 61.5914 -20
    endloop
  endfacet
  facet normal 0.555194 -0.831721 0
    outer loop
      vertex 5.19124 61.3934 -20
      vertex 5.3 61.466 0
      vertex 5.19124 61.3934 0
    endloop
  endfacet
  facet normal 0.555194 -0.831721 0
    outer loop
      vertex 5.3 61.466 0
      vertex 5.19124 61.3934 -20
      vertex 5.3 61.466 -20
    endloop
  endfacet
  facet normal -0.980815 -0.19494 0
    outer loop
      vertex 90.5914 60.7305 -20
      vertex 90.5659 60.8588 0
      vertex 90.5659 60.8588 -20
    endloop
  endfacet
  facet normal -0.980815 -0.19494 0
    outer loop
      vertex 90.5659 60.8588 0
      vertex 90.5914 60.7305 -20
      vertex 90.5914 60.7305 0
    endloop
  endfacet
  facet normal 0.555617 0.831438 -0
    outer loop
      vertex 5.3 4.93397 -20
      vertex 5.19124 5.00665 0
      vertex 5.3 4.93397 0
    endloop
  endfacet
  facet normal 0.555617 0.831438 0
    outer loop
      vertex 5.19124 5.00665 0
      vertex 5.3 4.93397 -20
      vertex 5.19124 5.00665 -20
    endloop
  endfacet
  facet normal 0.751714 -0.659489 0
    outer loop
      vertex 5.00665 61.2088 0
      vertex 5.09289 61.3071 -20
      vertex 5.09289 61.3071 0
    endloop
  endfacet
  facet normal 0.751714 -0.659489 0
    outer loop
      vertex 5.09289 61.3071 -20
      vertex 5.00665 61.2088 0
      vertex 5.00665 61.2088 -20
    endloop
  endfacet
  facet normal 0.321132 -0.947034 0
    outer loop
      vertex 5.41732 61.5239 -20
      vertex 5.54118 61.5659 0
      vertex 5.41732 61.5239 0
    endloop
  endfacet
  facet normal 0.321132 -0.947034 0
    outer loop
      vertex 5.54118 61.5659 0
      vertex 5.41732 61.5239 -20
      vertex 5.54118 61.5659 -20
    endloop
  endfacet
  facet normal -0.321382 0.94695 0
    outer loop
      vertex 89.9827 4.87612 -20
      vertex 89.8588 4.83407 0
      vertex 89.9827 4.87612 0
    endloop
  endfacet
  facet normal -0.321382 0.94695 0
    outer loop
      vertex 89.8588 4.83407 0
      vertex 89.9827 4.87612 -20
      vertex 89.8588 4.83407 -20
    endloop
  endfacet
  facet normal -0.442621 -0.896709 0
    outer loop
      vertex 89.9827 61.5239 -20
      vertex 90.1 61.466 0
      vertex 89.9827 61.5239 0
    endloop
  endfacet
  facet normal -0.442621 -0.896709 -0
    outer loop
      vertex 90.1 61.466 0
      vertex 89.9827 61.5239 -20
      vertex 90.1 61.466 -20
    endloop
  endfacet
  facet normal 0.321475 0.946918 -0
    outer loop
      vertex 5.54118 4.83407 -20
      vertex 5.41732 4.87612 0
      vertex 5.54118 4.83407 0
    endloop
  endfacet
  facet normal 0.321475 0.946918 0
    outer loop
      vertex 5.41732 4.87612 0
      vertex 5.54118 4.83407 -20
      vertex 5.41732 4.87612 -20
    endloop
  endfacet
  facet normal -0.0653771 0.997861 0
    outer loop
      vertex 89.7305 4.80855 -20
      vertex 89.6 4.8 0
      vertex 89.7305 4.80855 0
    endloop
  endfacet
  facet normal -0.0653771 0.997861 0
    outer loop
      vertex 89.6 4.8 0
      vertex 89.7305 4.80855 -20
      vertex 89.6 4.8 -20
    endloop
  endfacet
  facet normal 0.997862 0.0653621 0
    outer loop
      vertex 4.80855 5.66947 0
      vertex 4.8 5.8 -20
      vertex 4.8 5.8 0
    endloop
  endfacet
  facet normal 0.997862 0.0653621 0
    outer loop
      vertex 4.8 5.8 -20
      vertex 4.80855 5.66947 0
      vertex 4.80855 5.66947 -20
    endloop
  endfacet
  facet normal 0 1 -0
    outer loop
      vertex 89.6 4.8 -20
      vertex 5.8 4.8 0
      vertex 89.6 4.8 0
    endloop
  endfacet
  facet normal 0 1 0
    outer loop
      vertex 5.8 4.8 0
      vertex 89.6 4.8 -20
      vertex 5.8 4.8 -20
    endloop
  endfacet
  facet normal -0.321039 -0.947066 0
    outer loop
      vertex 89.8588 61.5659 -20
      vertex 89.9827 61.5239 0
      vertex 89.8588 61.5659 0
    endloop
  endfacet
  facet normal -0.321039 -0.947066 -0
    outer loop
      vertex 89.9827 61.5239 0
      vertex 89.8588 61.5659 -20
      vertex 89.9827 61.5239 -20
    endloop
  endfacet
  facet normal 0.0653621 0.997862 -0
    outer loop
      vertex 5.8 4.8 -20
      vertex 5.66947 4.80855 0
      vertex 5.8 4.8 0
    endloop
  endfacet
  facet normal 0.0653621 0.997862 0
    outer loop
      vertex 5.66947 4.80855 0
      vertex 5.8 4.8 -20
      vertex 5.66947 4.80855 -20
    endloop
  endfacet
  facet normal 0.89686 -0.442314 0
    outer loop
      vertex 4.87612 60.9827 0
      vertex 4.93397 61.1 -20
      vertex 4.93397 61.1 0
    endloop
  endfacet
  facet normal 0.89686 -0.442314 0
    outer loop
      vertex 4.93397 61.1 -20
      vertex 4.87612 60.9827 0
      vertex 4.87612 60.9827 -20
    endloop
  endfacet
  facet normal -1 0 0
    outer loop
      vertex 90.6 5.8 -20
      vertex 90.6 60.6 0
      vertex 90.6 60.6 -20
    endloop
  endfacet
  facet normal -1 -0 0
    outer loop
      vertex 90.6 60.6 0
      vertex 90.6 5.8 -20
      vertex 90.6 5.8 0
    endloop
  endfacet
  facet normal 0.442253 0.89689 -0
    outer loop
      vertex 5.41732 4.87612 -20
      vertex 5.3 4.93397 0
      vertex 5.41732 4.87612 0
    endloop
  endfacet
  facet normal 0.442253 0.89689 0
    outer loop
      vertex 5.3 4.93397 0
      vertex 5.41732 4.87612 -20
      vertex 5.3 4.93397 -20
    endloop
  endfacet
  facet normal -0.896709 -0.442621 0
    outer loop
      vertex 90.5239 60.9827 -20
      vertex 90.466 61.1 0
      vertex 90.466 61.1 -20
    endloop
  endfacet
  facet normal -0.896709 -0.442621 0
    outer loop
      vertex 90.466 61.1 0
      vertex 90.5239 60.9827 -20
      vertex 90.5239 60.9827 0
    endloop
  endfacet
  facet normal -0.997836 -0.0657577 0
    outer loop
      vertex 90.6 60.6 -20
      vertex 90.5914 60.7305 0
      vertex 90.5914 60.7305 -20
    endloop
  endfacet
  facet normal -0.997836 -0.0657577 0
    outer loop
      vertex 90.5914 60.7305 0
      vertex 90.6 60.6 -20
      vertex 90.6 60.6 0
    endloop
  endfacet
  facet normal 0.94695 -0.321382 0
    outer loop
      vertex 4.83407 60.8588 0
      vertex 4.87612 60.9827 -20
      vertex 4.87612 60.9827 0
    endloop
  endfacet
  facet normal 0.94695 -0.321382 0
    outer loop
      vertex 4.87612 60.9827 -20
      vertex 4.83407 60.8588 0
      vertex 4.83407 60.8588 -20
    endloop
  endfacet
  facet normal 0.946918 0.321475 0
    outer loop
      vertex 4.87612 5.41732 0
      vertex 4.83407 5.54118 -20
      vertex 4.83407 5.54118 0
    endloop
  endfacet
  facet normal 0.946918 0.321475 0
    outer loop
      vertex 4.83407 5.54118 -20
      vertex 4.87612 5.41732 0
      vertex 4.87612 5.41732 -20
    endloop
  endfacet
  facet normal 0.194955 -0.980812 0
    outer loop
      vertex 5.54118 61.5659 -20
      vertex 5.66947 61.5914 0
      vertex 5.54118 61.5659 0
    endloop
  endfacet
  facet normal 0.194955 -0.980812 0
    outer loop
      vertex 5.66947 61.5914 0
      vertex 5.54118 61.5659 -20
      vertex 5.66947 61.5914 -20
    endloop
  endfacet
  facet normal 0.89689 0.442253 0
    outer loop
      vertex 4.93397 5.3 0
      vertex 4.87612 5.41732 -20
      vertex 4.87612 5.41732 0
    endloop
  endfacet
  facet normal 0.89689 0.442253 0
    outer loop
      vertex 4.87612 5.41732 -20
      vertex 4.93397 5.3 0
      vertex 4.93397 5.3 -20
    endloop
  endfacet
  facet normal -0.831721 0.555194 0
    outer loop
      vertex 90.3934 5.19124 -20
      vertex 90.466 5.3 0
      vertex 90.466 5.3 -20
    endloop
  endfacet
  facet normal -0.831721 0.555194 0
    outer loop
      vertex 90.466 5.3 0
      vertex 90.3934 5.19124 -20
      vertex 90.3934 5.19124 0
    endloop
  endfacet
  facet normal -0.751486 -0.659749 0
    outer loop
      vertex 90.3934 61.2088 -20
      vertex 90.3071 61.3071 0
      vertex 90.3071 61.3071 -20
    endloop
  endfacet
  facet normal -0.751486 -0.659749 0
    outer loop
      vertex 90.3071 61.3071 0
      vertex 90.3934 61.2088 -20
      vertex 90.3934 61.2088 0
    endloop
  endfacet
  facet normal -0.896739 0.44256 0
    outer loop
      vertex 90.466 5.3 -20
      vertex 90.5239 5.41732 0
      vertex 90.5239 5.41732 -20
    endloop
  endfacet
  facet normal -0.896739 0.44256 0
    outer loop
      vertex 90.5239 5.41732 0
      vertex 90.466 5.3 -20
      vertex 90.466 5.3 0
    endloop
  endfacet
  facet normal 0.831533 -0.555476 0
    outer loop
      vertex 4.93397 61.1 0
      vertex 5.00665 61.2088 -20
      vertex 5.00665 61.2088 0
    endloop
  endfacet
  facet normal 0.831533 -0.555476 0
    outer loop
      vertex 5.00665 61.2088 -20
      vertex 4.93397 61.1 0
      vertex 4.93397 61.1 -20
    endloop
  endfacet
  facet normal -0.947066 -0.321039 0
    outer loop
      vertex 90.5659 60.8588 -20
      vertex 90.5239 60.9827 0
      vertex 90.5239 60.9827 -20
    endloop
  endfacet
  facet normal -0.947066 -0.321039 0
    outer loop
      vertex 90.5239 60.9827 0
      vertex 90.5659 60.8588 -20
      vertex 90.5659 60.8588 0
    endloop
  endfacet
  facet normal 0.831438 0.555617 0
    outer loop
      vertex 5.00665 5.19124 0
      vertex 4.93397 5.3 -20
      vertex 4.93397 5.3 0
    endloop
  endfacet
  facet normal 0.831438 0.555617 0
    outer loop
      vertex 4.93397 5.3 -20
      vertex 5.00665 5.19124 0
      vertex 5.00665 5.19124 -20
    endloop
  endfacet
  facet normal -0.19494 -0.980815 0
    outer loop
      vertex 89.7305 61.5914 -20
      vertex 89.8588 61.5659 0
      vertex 89.7305 61.5914 0
    endloop
  endfacet
  facet normal -0.19494 -0.980815 -0
    outer loop
      vertex 89.8588 61.5659 0
      vertex 89.7305 61.5914 -20
      vertex 89.8588 61.5659 -20
    endloop
  endfacet
  facet normal 0.997861 -0.0653771 0
    outer loop
      vertex 4.8 60.6 0
      vertex 4.80855 60.7305 -20
      vertex 4.80855 60.7305 0
    endloop
  endfacet
  facet normal 0.997861 -0.0653771 0
    outer loop
      vertex 4.80855 60.7305 -20
      vertex 4.8 60.6 0
      vertex 4.8 60.6 -20
    endloop
  endfacet
  facet normal 0.659559 -0.751653 0
    outer loop
      vertex 5.09289 61.3071 -20
      vertex 5.19124 61.3934 0
      vertex 5.09289 61.3071 0
    endloop
  endfacet
  facet normal 0.659559 -0.751653 0
    outer loop
      vertex 5.19124 61.3934 0
      vertex 5.09289 61.3071 -20
      vertex 5.19124 61.3934 -20
    endloop
  endfacet
  facet normal 0.6593 0.75188 -0
    outer loop
      vertex 5.19124 5.00665 -20
      vertex 5.09289 5.09289 0
      vertex 5.19124 5.00665 0
    endloop
  endfacet
  facet normal 0.6593 0.75188 0
    outer loop
      vertex 5.09289 5.09289 0
      vertex 5.19124 5.00665 -20
      vertex 5.09289 5.09289 -20
    endloop
  endfacet
  facet normal -0.751653 0.659559 0
    outer loop
      vertex 90.3071 5.09289 -20
      vertex 90.3934 5.19124 0
      vertex 90.3934 5.19124 -20
    endloop
  endfacet
  facet normal -0.751653 0.659559 0
    outer loop
      vertex 90.3934 5.19124 0
      vertex 90.3071 5.09289 -20
      vertex 90.3071 5.09289 0
    endloop
  endfacet
  facet normal -0.659749 -0.751486 0
    outer loop
      vertex 90.2088 61.3934 -20
      vertex 90.3071 61.3071 0
      vertex 90.2088 61.3934 0
    endloop
  endfacet
  facet normal -0.659749 -0.751486 -0
    outer loop
      vertex 90.3071 61.3071 0
      vertex 90.2088 61.3934 -20
      vertex 90.3071 61.3071 -20
    endloop
  endfacet
  facet normal 0.980786 -0.195087 0
    outer loop
      vertex 4.80855 60.7305 0
      vertex 4.83407 60.8588 -20
      vertex 4.83407 60.8588 0
    endloop
  endfacet
  facet normal 0.980786 -0.195087 0
    outer loop
      vertex 4.83407 60.8588 -20
      vertex 4.80855 60.7305 0
      vertex 4.80855 60.7305 -20
    endloop
  endfacet
  facet normal -0.195087 0.980786 0
    outer loop
      vertex 89.8588 4.83407 -20
      vertex 89.7305 4.80855 0
      vertex 89.8588 4.83407 0
    endloop
  endfacet
  facet normal -0.195087 0.980786 0
    outer loop
      vertex 89.7305 4.80855 0
      vertex 89.8588 4.83407 -20
      vertex 89.7305 4.80855 -20
    endloop
  endfacet
  facet normal -0.997837 0.0657427 0
    outer loop
      vertex 90.5914 5.66947 -20
      vertex 90.6 5.8 0
      vertex 90.6 5.8 -20
    endloop
  endfacet
  facet normal -0.997837 0.0657427 0
    outer loop
      vertex 90.6 5.8 0
      vertex 90.5914 5.66947 -20
      vertex 90.5914 5.66947 0
    endloop
  endfacet
  facet normal -0.831815 -0.555053 0
    outer loop
      vertex 90.466 61.1 -20
      vertex 90.3934 61.2088 0
      vertex 90.3934 61.2088 -20
    endloop
  endfacet
  facet normal -0.831815 -0.555053 0
    outer loop
      vertex 90.3934 61.2088 0
      vertex 90.466 61.1 -20
      vertex 90.466 61.1 0
    endloop
  endfacet
  facet normal 0.980783 0.195102 0
    outer loop
      vertex 4.83407 5.54118 0
      vertex 4.80855 5.66947 -20
      vertex 4.80855 5.66947 0
    endloop
  endfacet
  facet normal 0.980783 0.195102 0
    outer loop
      vertex 4.80855 5.66947 -20
      vertex 4.83407 5.54118 0
      vertex 4.83407 5.54118 -20
    endloop
  endfacet
  facet normal 0.195102 0.980783 -0
    outer loop
      vertex 5.66947 4.80855 -20
      vertex 5.54118 4.83407 0
      vertex 5.66947 4.80855 0
    endloop
  endfacet
  facet normal 0.195102 0.980783 0
    outer loop
      vertex 5.54118 4.83407 0
      vertex 5.66947 4.80855 -20
      vertex 5.54118 4.83407 -20
    endloop
  endfacet
  facet normal -0.442314 0.89686 0
    outer loop
      vertex 90.1 4.93397 -20
      vertex 89.9827 4.87612 0
      vertex 90.1 4.93397 0
    endloop
  endfacet
  facet normal -0.442314 0.89686 0
    outer loop
      vertex 89.9827 4.87612 0
      vertex 90.1 4.93397 -20
      vertex 89.9827 4.87612 -20
    endloop
  endfacet
  facet normal -0.980812 0.194955 0
    outer loop
      vertex 90.5659 5.54118 -20
      vertex 90.5914 5.66947 0
      vertex 90.5914 5.66947 -20
    endloop
  endfacet
  facet normal -0.980812 0.194955 0
    outer loop
      vertex 90.5914 5.66947 0
      vertex 90.5659 5.54118 -20
      vertex 90.5659 5.54118 0
    endloop
  endfacet
  facet normal -0.659489 0.751714 0
    outer loop
      vertex 90.3071 5.09289 -20
      vertex 90.2088 5.00665 0
      vertex 90.3071 5.09289 0
    endloop
  endfacet
  facet normal -0.659489 0.751714 0
    outer loop
      vertex 90.2088 5.00665 0
      vertex 90.3071 5.09289 -20
      vertex 90.2088 5.00665 -20
    endloop
  endfacet
  facet normal -0.947034 0.321132 0
    outer loop
      vertex 90.5239 5.41732 -20
      vertex 90.5659 5.54118 0
      vertex 90.5659 5.54118 -20
    endloop
  endfacet
  facet normal -0.947034 0.321132 0
    outer loop
      vertex 90.5659 5.54118 0
      vertex 90.5239 5.41732 -20
      vertex 90.5239 5.41732 0
    endloop
  endfacet
  facet normal -0.555476 0.831533 0
    outer loop
      vertex 90.2088 5.00665 -20
      vertex 90.1 4.93397 0
      vertex 90.2088 5.00665 0
    endloop
  endfacet
  facet normal -0.555476 0.831533 0
    outer loop
      vertex 90.1 4.93397 0
      vertex 90.2088 5.00665 -20
      vertex 90.1 4.93397 -20
    endloop
  endfacet
endsolid OpenSCAD_Model
